id,timestamp,score,params
1,2025-01-10 16:05:39.281595,1,N/A
2,2025-01-10 16:05:39.451042,1,N/A
3,2025-01-10 16:05:39.647838,1,N/A
4,2025-01-10 16:05:39.923561,0,N/A
5,2025-01-10 16:05:40.226612,1,N/A
6,2025-01-10 16:05:40.525602,1,N/A
7,2025-01-10 16:05:40.856263,1,N/A
8,2025-01-10 16:05:41.145160,0,N/A
9,2025-01-10 16:05:41.452409,1,N/A
10,2025-01-10 16:05:41.741287,0,N/A
11,2025-01-10 16:05:42.038677,1,N/A
12,2025-01-10 16:05:42.317308,1,N/A
13,2025-01-10 16:05:42.611159,2,N/A
14,2025-01-10 16:05:42.889663,1,N/A
15,2025-01-10 16:05:43.195813,0,N/A
16,2025-01-10 16:05:43.488373,0,N/A
17,2025-01-10 16:05:43.805161,2,N/A
18,2025-01-10 16:05:44.089049,1,N/A
19,2025-01-10 16:05:44.367765,3,N/A
20,2025-01-10 16:05:44.641025,1,N/A
21,2025-01-10 16:05:44.938731,3,N/A
22,2025-01-10 16:05:45.215520,2,N/A
23,2025-01-10 16:05:45.502240,1,N/A
24,2025-01-10 16:05:45.785820,1,N/A
25,2025-01-10 16:05:46.073344,2,N/A
26,2025-01-10 16:05:46.406903,2,N/A
27,2025-01-10 16:05:46.698863,3,N/A
28,2025-01-10 16:05:46.973844,2,N/A
29,2025-01-10 16:05:47.263260,1,N/A
30,2025-01-10 16:05:47.540531,1,N/A
31,2025-01-10 16:05:47.821509,2,N/A
32,2025-01-10 16:05:48.097067,2,N/A
33,2025-01-10 16:05:48.394473,5,N/A
34,2025-01-10 16:05:48.677577,1,N/A
35,2025-01-10 16:05:48.972373,2,N/A
36,2025-01-10 16:05:49.259998,1,N/A
37,2025-01-10 16:05:49.551806,2,N/A
38,2025-01-10 16:05:49.833191,2,N/A
39,2025-01-10 16:05:50.126319,1,N/A
40,2025-01-10 16:05:50.409257,1,N/A
41,2025-01-10 16:05:50.702153,1,N/A
42,2025-01-10 16:05:50.978043,1,N/A
43,2025-01-10 16:05:51.313458,1,N/A
44,2025-01-10 16:05:51.626035,1,N/A
45,2025-01-10 16:05:51.917674,2,N/A
46,2025-01-10 16:05:52.196020,4,N/A
47,2025-01-10 16:05:52.492465,2,N/A
48,2025-01-10 16:05:52.783552,5,N/A
49,2025-01-10 16:05:53.091723,6,N/A
50,2025-01-10 16:05:53.380398,4,N/A
51,2025-01-10 16:05:53.680850,4,N/A
52,2025-01-10 16:05:53.968335,3,N/A
53,2025-01-10 16:05:54.256602,1,N/A
54,2025-01-10 16:05:54.542792,4,N/A
55,2025-01-10 16:05:54.834346,2,N/A
56,2025-01-10 16:05:55.141809,5,N/A
57,2025-01-10 16:05:55.445094,4,N/A
58,2025-01-10 16:05:55.722316,3,N/A
59,2025-01-10 16:05:56.021122,7,N/A
60,2025-01-10 16:05:56.307293,3,N/A
61,2025-01-10 16:05:56.604603,3,N/A
62,2025-01-10 16:05:56.933446,4,N/A
63,2025-01-10 16:05:57.252307,5,N/A
64,2025-01-10 16:05:57.543610,5,N/A
65,2025-01-10 16:05:57.841416,7,N/A
66,2025-01-10 16:05:58.130563,3,N/A
67,2025-01-10 16:05:58.428711,4,N/A
68,2025-01-10 16:05:58.711417,5,N/A
69,2025-01-10 16:05:59.008781,3,N/A
70,2025-01-10 16:05:59.293410,2,N/A
71,2025-01-10 16:05:59.583350,1,N/A
72,2025-01-10 16:05:59.869248,4,N/A
73,2025-01-10 16:06:00.148970,3,N/A
74,2025-01-10 16:06:00.432368,4,N/A
75,2025-01-10 16:06:00.733674,7,N/A
76,2025-01-10 16:06:01.061428,3,N/A
77,2025-01-10 16:06:01.361661,8,N/A
78,2025-01-10 16:06:01.652818,6,N/A
79,2025-01-10 16:06:01.969771,14,N/A
80,2025-01-10 16:06:02.260855,6,N/A
81,2025-01-10 16:06:02.583026,20,N/A
82,2025-01-10 16:06:02.873280,16,N/A
83,2025-01-10 16:06:03.181307,17,N/A
84,2025-01-10 16:06:03.465651,5,N/A
85,2025-01-10 16:06:03.767709,9,N/A
86,2025-01-10 16:06:04.051906,6,N/A
87,2025-01-10 16:06:04.348722,9,N/A
88,2025-01-10 16:06:04.686552,18,N/A
89,2025-01-10 16:06:04.988383,12,N/A
90,2025-01-10 16:06:05.283289,21,N/A
91,2025-01-10 16:06:05.568005,7,N/A
92,2025-01-10 16:06:05.874049,21,N/A
93,2025-01-10 16:06:06.176597,13,N/A
94,2025-01-10 16:06:06.454049,3,N/A
95,2025-01-10 16:06:06.750935,14,N/A
96,2025-01-10 16:06:07.036136,12,N/A
97,2025-01-10 16:06:07.337840,16,N/A
98,2025-01-10 16:06:07.636214,19,N/A
99,2025-01-10 16:06:07.950744,15,N/A
100,2025-01-10 16:06:08.234355,11,N/A
101,2025-01-10 16:06:08.537144,11,N/A
102,2025-01-10 16:06:08.833889,16,N/A
103,2025-01-10 16:06:09.130181,3,N/A
104,2025-01-10 16:06:09.420396,16,N/A
105,2025-01-10 16:06:09.719801,12,N/A
106,2025-01-10 16:06:10.015406,13,N/A
107,2025-01-10 16:06:10.311268,9,N/A
108,2025-01-10 16:06:10.602686,16,N/A
109,2025-01-10 16:06:10.900000,16,N/A
110,2025-01-10 16:06:11.187447,11,N/A
111,2025-01-10 16:06:11.510731,24,N/A
112,2025-01-10 16:06:11.796664,8,N/A
113,2025-01-10 16:06:12.102377,11,N/A
114,2025-01-10 16:06:12.403995,15,N/A
115,2025-01-10 16:06:12.709463,24,N/A
116,2025-01-10 16:06:13.007199,16,N/A
117,2025-01-10 16:06:13.311236,17,N/A
118,2025-01-10 16:06:13.595678,11,N/A
119,2025-01-10 16:06:13.898099,11,N/A
120,2025-01-10 16:06:14.184166,6,N/A
121,2025-01-10 16:06:14.468956,16,N/A
122,2025-01-10 16:06:14.764277,13,N/A
123,2025-01-10 16:06:15.060946,11,N/A
124,2025-01-10 16:06:15.363739,23,N/A
125,2025-01-10 16:06:15.673064,22,N/A
126,2025-01-10 16:06:15.980784,30,N/A
127,2025-01-10 16:06:16.309275,7,N/A
128,2025-01-10 16:06:16.617137,19,N/A
129,2025-01-10 16:06:16.912849,20,N/A
130,2025-01-10 16:06:17.199895,8,N/A
131,2025-01-10 16:06:17.509767,19,N/A
132,2025-01-10 16:06:17.794580,8,N/A
133,2025-01-10 16:06:18.106159,12,N/A
134,2025-01-10 16:06:18.390496,6,N/A
135,2025-01-10 16:06:18.703735,20,N/A
136,2025-01-10 16:06:18.997464,19,N/A
137,2025-01-10 16:06:19.314774,28,N/A
138,2025-01-10 16:06:19.600825,18,N/A
139,2025-01-10 16:06:19.897884,21,N/A
140,2025-01-10 16:06:20.181582,11,N/A
141,2025-01-10 16:06:20.490986,20,N/A
142,2025-01-10 16:06:20.799095,31,N/A
143,2025-01-10 16:06:21.102539,13,N/A
144,2025-01-10 16:06:21.404828,27,N/A
145,2025-01-10 16:06:21.698426,17,N/A
146,2025-01-10 16:06:21.984003,14,N/A
147,2025-01-10 16:06:22.286720,34,N/A
148,2025-01-10 16:06:22.623297,6,N/A
149,2025-01-10 16:06:22.905586,10,N/A
150,2025-01-10 16:06:23.195758,16,N/A
151,2025-01-10 16:06:23.490901,25,N/A
152,2025-01-10 16:06:23.791182,31,N/A
153,2025-01-10 16:06:24.078014,16,N/A
154,2025-01-10 16:06:24.364388,15,N/A
155,2025-01-10 16:06:24.659025,21,N/A
156,2025-01-10 16:06:24.945263,9,N/A
157,2025-01-10 16:06:25.231862,8,N/A
158,2025-01-10 16:06:25.538820,20,N/A
159,2025-01-10 16:06:25.834035,29,N/A
160,2025-01-10 16:06:26.142151,20,N/A
161,2025-01-10 16:06:26.438993,28,N/A
162,2025-01-10 16:06:26.756699,31,N/A
163,2025-01-10 16:06:27.042271,9,N/A
164,2025-01-10 16:06:27.346508,19,N/A
165,2025-01-10 16:06:27.633230,14,N/A
166,2025-01-10 16:06:27.950196,30,N/A
167,2025-01-10 16:06:28.239947,18,N/A
168,2025-01-10 16:06:28.542869,21,N/A
169,2025-01-10 16:06:28.835352,11,N/A
170,2025-01-10 16:06:29.137728,15,N/A
171,2025-01-10 16:06:29.493342,33,N/A
172,2025-01-10 16:06:29.797497,19,N/A
173,2025-01-10 16:06:30.089089,21,N/A
174,2025-01-10 16:06:30.375553,15,N/A
175,2025-01-10 16:06:30.658729,20,N/A
176,2025-01-10 16:06:30.958986,16,N/A
177,2025-01-10 16:06:31.263710,30,N/A
178,2025-01-10 16:06:31.579890,21,N/A
179,2025-01-10 16:06:31.873514,26,N/A
180,2025-01-10 16:06:32.169330,15,N/A
181,2025-01-10 16:06:32.456152,19,N/A
182,2025-01-10 16:06:32.763873,22,N/A
183,2025-01-10 16:06:33.069860,23,N/A
184,2025-01-10 16:06:33.369117,12,N/A
185,2025-01-10 16:06:33.663202,18,N/A
186,2025-01-10 16:06:33.979382,25,N/A
187,2025-01-10 16:06:34.336650,28,N/A
188,2025-01-10 16:06:34.638533,17,N/A
189,2025-01-10 16:06:34.922082,15,N/A
190,2025-01-10 16:06:35.223740,13,N/A
191,2025-01-10 16:06:35.510098,19,N/A
192,2025-01-10 16:06:35.814435,34,N/A
193,2025-01-10 16:06:36.097063,17,N/A
194,2025-01-10 16:06:36.401762,16,N/A
195,2025-01-10 16:06:36.691871,19,N/A
196,2025-01-10 16:06:37.000957,19,N/A
197,2025-01-10 16:06:37.293516,14,N/A
198,2025-01-10 16:06:37.605140,32,N/A
199,2025-01-10 16:06:37.901896,16,N/A
200,2025-01-10 16:06:38.222709,31,N/A
201,2025-01-10 16:06:38.511924,11,N/A
202,2025-01-10 16:06:38.870601,16,N/A
203,2025-01-10 16:06:39.160598,19,N/A
204,2025-01-10 16:06:39.466648,17,N/A
205,2025-01-10 16:06:39.762207,23,N/A
206,2025-01-10 16:06:40.068680,27,N/A
207,2025-01-10 16:06:40.379952,50,N/A
208,2025-01-10 16:06:40.678429,22,N/A
209,2025-01-10 16:06:40.969716,20,N/A
210,2025-01-10 16:06:41.263169,22,N/A
211,2025-01-10 16:06:41.558882,18,N/A
212,2025-01-10 16:06:41.848690,9,N/A
213,2025-01-10 16:06:42.125684,9,N/A
214,2025-01-10 16:06:42.419461,16,N/A
215,2025-01-10 16:06:42.725825,37,N/A
216,2025-01-10 16:06:43.030081,22,N/A
217,2025-01-10 16:06:43.314246,11,N/A
218,2025-01-10 16:06:43.622107,29,N/A
219,2025-01-10 16:06:43.922634,33,N/A
220,2025-01-10 16:06:44.289863,30,N/A
221,2025-01-10 16:06:44.582393,27,N/A
222,2025-01-10 16:06:44.888827,30,N/A
223,2025-01-10 16:06:45.173736,14,N/A
224,2025-01-10 16:06:45.481883,24,N/A
225,2025-01-10 16:06:45.777231,24,N/A
226,2025-01-10 16:06:46.076437,17,N/A
227,2025-01-10 16:06:46.372692,28,N/A
228,2025-01-10 16:06:46.666531,28,N/A
229,2025-01-10 16:06:46.959042,25,N/A
230,2025-01-10 16:06:47.259015,13,N/A
231,2025-01-10 16:06:47.553151,31,N/A
232,2025-01-10 16:06:47.854849,20,N/A
233,2025-01-10 16:06:48.135904,17,N/A
234,2025-01-10 16:06:48.445193,20,N/A
235,2025-01-10 16:06:48.731192,15,N/A
236,2025-01-10 16:06:49.035364,26,N/A
237,2025-01-10 16:06:49.321292,16,N/A
238,2025-01-10 16:06:49.625025,22,N/A
239,2025-01-10 16:06:49.917996,25,N/A
240,2025-01-10 16:06:50.228238,30,N/A
241,2025-01-10 16:06:50.506242,10,N/A
242,2025-01-10 16:06:50.818207,30,N/A
243,2025-01-10 16:06:51.108347,24,N/A
244,2025-01-10 16:06:51.412513,20,N/A
245,2025-01-10 16:06:51.690794,10,N/A
246,2025-01-10 16:06:51.985834,24,N/A
247,2025-01-10 16:06:52.273937,18,N/A
248,2025-01-10 16:06:52.582044,25,N/A
249,2025-01-10 16:06:52.887623,44,N/A
250,2025-01-10 16:06:53.184835,16,N/A
251,2025-01-10 16:06:53.461329,8,N/A
252,2025-01-10 16:06:53.765930,18,N/A
253,2025-01-10 16:06:54.056995,18,N/A
254,2025-01-10 16:06:54.348019,7,N/A
255,2025-01-10 16:06:54.639392,21,N/A
256,2025-01-10 16:06:54.939646,23,N/A
257,2025-01-10 16:06:55.220073,11,N/A
258,2025-01-10 16:06:55.515414,13,N/A
259,2025-01-10 16:06:55.795280,11,N/A
260,2025-01-10 16:06:56.088439,11,N/A
261,2025-01-10 16:06:56.368141,10,N/A
262,2025-01-10 16:06:56.663597,14,N/A
263,2025-01-10 16:06:56.955443,24,N/A
264,2025-01-10 16:06:57.331504,29,N/A
265,2025-01-10 16:06:57.610291,13,N/A
266,2025-01-10 16:06:57.907843,23,N/A
267,2025-01-10 16:06:58.188248,15,N/A
268,2025-01-10 16:06:58.491342,20,N/A
269,2025-01-10 16:06:58.771906,11,N/A
270,2025-01-10 16:06:59.072276,16,N/A
271,2025-01-10 16:06:59.352876,13,N/A
272,2025-01-10 16:06:59.658782,26,N/A
273,2025-01-10 16:06:59.948239,20,N/A
274,2025-01-10 16:07:00.244902,15,N/A
275,2025-01-10 16:07:00.524946,10,N/A
276,2025-01-10 16:07:00.828615,23,N/A
277,2025-01-10 16:07:01.132678,35,N/A
278,2025-01-10 16:07:01.431926,17,N/A
279,2025-01-10 16:07:01.728130,34,N/A
280,2025-01-10 16:07:02.039683,33,N/A
281,2025-01-10 16:07:02.324498,19,N/A
282,2025-01-10 16:07:02.619152,17,N/A
283,2025-01-10 16:07:02.898336,14,N/A
284,2025-01-10 16:07:03.194994,22,N/A
285,2025-01-10 16:07:03.477514,10,N/A
286,2025-01-10 16:07:03.773464,12,N/A
287,2025-01-10 16:07:04.065338,15,N/A
288,2025-01-10 16:07:04.439215,29,N/A
289,2025-01-10 16:07:04.736366,30,N/A
290,2025-01-10 16:07:05.049438,28,N/A
291,2025-01-10 16:07:05.331676,16,N/A
292,2025-01-10 16:07:05.636376,28,N/A
293,2025-01-10 16:07:05.921018,13,N/A
294,2025-01-10 16:07:06.227551,24,N/A
295,2025-01-10 16:07:06.537902,44,N/A
296,2025-01-10 16:07:06.854595,34,N/A
297,2025-01-10 16:07:07.153041,25,N/A
298,2025-01-10 16:07:07.463099,24,N/A
299,2025-01-10 16:07:07.749315,18,N/A
300,2025-01-10 16:07:08.041903,20,N/A
301,2025-01-10 16:07:08.331159,22,N/A
302,2025-01-10 16:07:08.630299,19,N/A
303,2025-01-10 16:07:08.926931,30,N/A
304,2025-01-10 16:07:09.245995,33,N/A
305,2025-01-10 16:07:09.538329,21,N/A
306,2025-01-10 16:07:09.851460,31,N/A
307,2025-01-10 16:07:10.140804,22,N/A
308,2025-01-10 16:07:10.503119,19,N/A
309,2025-01-10 16:07:10.792279,18,N/A
310,2025-01-10 16:07:11.100667,24,N/A
311,2025-01-10 16:07:11.398111,27,N/A
312,2025-01-10 16:07:11.697011,18,N/A
313,2025-01-10 16:07:11.979916,12,N/A
314,2025-01-10 16:07:12.291386,29,N/A
315,2025-01-10 16:07:12.581392,19,N/A
316,2025-01-10 16:07:12.883308,23,N/A
317,2025-01-10 16:07:13.169665,19,N/A
318,2025-01-10 16:07:13.467482,25,N/A
319,2025-01-10 16:07:13.758915,21,N/A
320,2025-01-10 16:07:14.075467,32,N/A
321,2025-01-10 16:07:14.369353,27,N/A
322,2025-01-10 16:07:14.671410,18,N/A
323,2025-01-10 16:07:14.971427,33,N/A
324,2025-01-10 16:07:15.259688,11,N/A
325,2025-01-10 16:07:15.546572,18,N/A
326,2025-01-10 16:07:15.845345,19,N/A
327,2025-01-10 16:07:16.134098,27,N/A
328,2025-01-10 16:07:16.494900,11,N/A
329,2025-01-10 16:07:16.791267,32,N/A
330,2025-01-10 16:07:17.086260,8,N/A
331,2025-01-10 16:07:17.390239,39,N/A
332,2025-01-10 16:07:17.702927,34,N/A
333,2025-01-10 16:07:17.986072,20,N/A
334,2025-01-10 16:07:18.287145,21,N/A
335,2025-01-10 16:07:18.581967,23,N/A
336,2025-01-10 16:07:18.872200,23,N/A
337,2025-01-10 16:07:19.183382,35,N/A
338,2025-01-10 16:07:19.491655,29,N/A
339,2025-01-10 16:07:19.773590,15,N/A
340,2025-01-10 16:07:20.082501,27,N/A
341,2025-01-10 16:07:20.374666,22,N/A
342,2025-01-10 16:07:20.676650,23,N/A
343,2025-01-10 16:07:20.989010,44,N/A
344,2025-01-10 16:07:21.296040,24,N/A
345,2025-01-10 16:07:21.594589,29,N/A
346,2025-01-10 16:07:21.897231,15,N/A
347,2025-01-10 16:07:22.183349,22,N/A
348,2025-01-10 16:07:22.469478,19,N/A
349,2025-01-10 16:07:22.753258,13,N/A
350,2025-01-10 16:07:23.118343,11,N/A
351,2025-01-10 16:07:23.414615,30,N/A
352,2025-01-10 16:07:23.709245,25,N/A
353,2025-01-10 16:07:24.013035,18,N/A
354,2025-01-10 16:07:24.321107,27,N/A
355,2025-01-10 16:07:24.611504,27,N/A
356,2025-01-10 16:07:24.898992,18,N/A
357,2025-01-10 16:07:25.217996,24,N/A
358,2025-01-10 16:07:25.511069,22,N/A
359,2025-01-10 16:07:25.820929,23,N/A
360,2025-01-10 16:07:26.102927,12,N/A
361,2025-01-10 16:07:26.374184,1,N/A
362,2025-01-10 16:07:26.668376,28,N/A
363,2025-01-10 16:07:26.974358,25,N/A
364,2025-01-10 16:07:27.254878,11,N/A
365,2025-01-10 16:07:27.543192,27,N/A
366,2025-01-10 16:07:27.829858,21,N/A
367,2025-01-10 16:07:28.113249,13,N/A
368,2025-01-10 16:07:28.416421,33,N/A
369,2025-01-10 16:07:28.726469,26,N/A
370,2025-01-10 16:07:29.005595,13,N/A
371,2025-01-10 16:07:29.307162,24,N/A
372,2025-01-10 16:07:29.597959,23,N/A
373,2025-01-10 16:07:29.896936,16,N/A
374,2025-01-10 16:07:30.259674,26,N/A
375,2025-01-10 16:07:30.571063,27,N/A
376,2025-01-10 16:07:30.876619,33,N/A
377,2025-01-10 16:07:31.177887,15,N/A
378,2025-01-10 16:07:31.460518,21,N/A
379,2025-01-10 16:07:31.744575,16,N/A
380,2025-01-10 16:07:32.034884,26,N/A
381,2025-01-10 16:07:32.340965,29,N/A
382,2025-01-10 16:07:32.641253,34,N/A
383,2025-01-10 16:07:32.933199,33,N/A
384,2025-01-10 16:07:33.225876,26,N/A
385,2025-01-10 16:07:33.511260,15,N/A
386,2025-01-10 16:07:33.792281,15,N/A
387,2025-01-10 16:07:34.086318,24,N/A
388,2025-01-10 16:07:34.388430,27,N/A
389,2025-01-10 16:07:34.682116,22,N/A
390,2025-01-10 16:07:34.971727,19,N/A
391,2025-01-10 16:07:35.264597,28,N/A
392,2025-01-10 16:07:35.561843,26,N/A
393,2025-01-10 16:07:35.865630,12,N/A
394,2025-01-10 16:07:36.151100,17,N/A
395,2025-01-10 16:07:36.459802,22,N/A
396,2025-01-10 16:07:36.746454,18,N/A
397,2025-01-10 16:07:37.046153,32,N/A
398,2025-01-10 16:07:37.330865,14,N/A
399,2025-01-10 16:07:37.704761,20,N/A
400,2025-01-10 16:07:37.983504,8,N/A
401,2025-01-10 16:07:38.276586,28,N/A
402,2025-01-10 16:07:38.563014,22,N/A
403,2025-01-10 16:07:38.863535,31,N/A
404,2025-01-10 16:07:39.151393,19,N/A
405,2025-01-10 16:07:39.480770,44,N/A
406,2025-01-10 16:07:39.775608,25,N/A
407,2025-01-10 16:07:40.084336,21,N/A
408,2025-01-10 16:07:40.398135,41,N/A
409,2025-01-10 16:07:40.694246,24,N/A
410,2025-01-10 16:07:40.987089,26,N/A
411,2025-01-10 16:07:41.294675,25,N/A
412,2025-01-10 16:07:41.578001,13,N/A
413,2025-01-10 16:07:41.880647,20,N/A
414,2025-01-10 16:07:42.163466,11,N/A
415,2025-01-10 16:07:42.442954,11,N/A
416,2025-01-10 16:07:42.727436,18,N/A
417,2025-01-10 16:07:43.038495,33,N/A
418,2025-01-10 16:07:43.325957,17,N/A
419,2025-01-10 16:07:43.619683,25,N/A
420,2025-01-10 16:07:43.907131,21,N/A
421,2025-01-10 16:07:44.196798,22,N/A
422,2025-01-10 16:07:44.497338,36,N/A
423,2025-01-10 16:07:44.800298,24,N/A
424,2025-01-10 16:07:45.159291,17,N/A
425,2025-01-10 16:07:45.466280,26,N/A
426,2025-01-10 16:07:45.757175,30,N/A
427,2025-01-10 16:07:46.035981,10,N/A
428,2025-01-10 16:07:46.328045,24,N/A
429,2025-01-10 16:07:46.638277,27,N/A
430,2025-01-10 16:07:46.927048,16,N/A
431,2025-01-10 16:07:47.234718,26,N/A
432,2025-01-10 16:07:47.527072,22,N/A
433,2025-01-10 16:07:47.818400,23,N/A
434,2025-01-10 16:07:48.106519,18,N/A
435,2025-01-10 16:07:48.412881,29,N/A
436,2025-01-10 16:07:48.702508,17,N/A
437,2025-01-10 16:07:48.994921,26,N/A
438,2025-01-10 16:07:49.282756,20,N/A
439,2025-01-10 16:07:49.572185,20,N/A
440,2025-01-10 16:07:49.866321,32,N/A
441,2025-01-10 16:07:50.167716,14,N/A
442,2025-01-10 16:07:50.454448,17,N/A
443,2025-01-10 16:07:50.756111,21,N/A
444,2025-01-10 16:07:51.043222,24,N/A
445,2025-01-10 16:07:51.339644,32,N/A
446,2025-01-10 16:07:51.615581,10,N/A
447,2025-01-10 16:07:51.913106,17,N/A
448,2025-01-10 16:07:52.205757,30,N/A
449,2025-01-10 16:07:52.512871,30,N/A
450,2025-01-10 16:07:52.791115,14,N/A
451,2025-01-10 16:07:53.094102,24,N/A
452,2025-01-10 16:07:53.379121,18,N/A
453,2025-01-10 16:07:53.673960,10,N/A
454,2025-01-10 16:07:54.047474,40,N/A
455,2025-01-10 16:07:54.341771,28,N/A
456,2025-01-10 16:07:54.628110,18,N/A
457,2025-01-10 16:07:54.915311,23,N/A
458,2025-01-10 16:07:55.203376,28,N/A
459,2025-01-10 16:07:55.486089,17,N/A
460,2025-01-10 16:07:55.784416,25,N/A
461,2025-01-10 16:07:56.080997,16,N/A
462,2025-01-10 16:07:56.383852,31,N/A
463,2025-01-10 16:07:56.680791,26,N/A
464,2025-01-10 16:07:56.984597,33,N/A
465,2025-01-10 16:07:57.303051,40,N/A
466,2025-01-10 16:07:57.587977,14,N/A
467,2025-01-10 16:07:57.896113,26,N/A
468,2025-01-10 16:07:58.186489,30,N/A
469,2025-01-10 16:07:58.466166,14,N/A
470,2025-01-10 16:07:58.768457,34,N/A
471,2025-01-10 16:07:59.067147,18,N/A
472,2025-01-10 16:07:59.359274,27,N/A
473,2025-01-10 16:07:59.658778,32,N/A
474,2025-01-10 16:07:59.939347,10,N/A
475,2025-01-10 16:08:00.221980,12,N/A
476,2025-01-10 16:08:00.515977,27,N/A
477,2025-01-10 16:08:00.821211,26,N/A
478,2025-01-10 16:08:01.125054,33,N/A
479,2025-01-10 16:08:01.515296,29,N/A
480,2025-01-10 16:08:01.823952,38,N/A
481,2025-01-10 16:08:02.115594,25,N/A
482,2025-01-10 16:08:02.413090,32,N/A
483,2025-01-10 16:08:02.709498,15,N/A
484,2025-01-10 16:08:03.010000,41,N/A
485,2025-01-10 16:08:03.307763,15,N/A
486,2025-01-10 16:08:03.608884,35,N/A
487,2025-01-10 16:08:03.916511,43,N/A
488,2025-01-10 16:08:04.213087,25,N/A
489,2025-01-10 16:08:04.510638,12,N/A
490,2025-01-10 16:08:04.797831,18,N/A
491,2025-01-10 16:08:05.091093,28,N/A
492,2025-01-10 16:08:05.385754,28,N/A
493,2025-01-10 16:08:05.669095,14,N/A
494,2025-01-10 16:08:05.950321,12,N/A
495,2025-01-10 16:08:06.257340,25,N/A
496,2025-01-10 16:08:06.540684,15,N/A
497,2025-01-10 16:08:06.848725,10,N/A
498,2025-01-10 16:08:07.149305,28,N/A
499,2025-01-10 16:08:07.441233,22,N/A
500,2025-01-10 16:08:07.744943,34,N/A
501,2025-01-10 16:08:08.053268,25,N/A
502,2025-01-10 16:08:08.344354,28,N/A
503,2025-01-10 16:08:08.660240,26,N/A
504,2025-01-10 16:08:08.959762,33,N/A
505,2025-01-10 16:08:09.268867,37,N/A
506,2025-01-10 16:08:09.553255,13,N/A
507,2025-01-10 16:08:09.878867,31,N/A
508,2025-01-10 16:08:10.154506,7,N/A
509,2025-01-10 16:08:10.443952,28,N/A
510,2025-01-10 16:08:10.743380,28,N/A
511,2025-01-10 16:08:11.025975,15,N/A
512,2025-01-10 16:08:11.411284,33,N/A
513,2025-01-10 16:08:11.722634,32,N/A
514,2025-01-10 16:08:12.013594,19,N/A
515,2025-01-10 16:08:12.311528,11,N/A
516,2025-01-10 16:08:12.612673,20,N/A
517,2025-01-10 16:08:12.897970,13,N/A
518,2025-01-10 16:08:13.212929,39,N/A
519,2025-01-10 16:08:13.508706,9,N/A
520,2025-01-10 16:08:13.790702,15,N/A
521,2025-01-10 16:08:14.089714,15,N/A
522,2025-01-10 16:08:14.390057,31,N/A
523,2025-01-10 16:08:14.704124,44,N/A
524,2025-01-10 16:08:14.994620,20,N/A
525,2025-01-10 16:08:15.322303,46,N/A
526,2025-01-10 16:08:15.647608,31,N/A
527,2025-01-10 16:08:15.976499,31,N/A
528,2025-01-10 16:08:16.262217,15,N/A
529,2025-01-10 16:08:16.566902,35,N/A
530,2025-01-10 16:08:16.861821,27,N/A
531,2025-01-10 16:08:17.170467,27,N/A
532,2025-01-10 16:08:17.469448,25,N/A
533,2025-01-10 16:08:17.785503,16,N/A
534,2025-01-10 16:08:18.084664,23,N/A
535,2025-01-10 16:08:18.375978,19,N/A
536,2025-01-10 16:08:18.667793,23,N/A
537,2025-01-10 16:08:18.985420,31,N/A
538,2025-01-10 16:08:19.285590,36,N/A
539,2025-01-10 16:08:19.596369,24,N/A
540,2025-01-10 16:08:19.890483,30,N/A
541,2025-01-10 16:08:20.182387,28,N/A
542,2025-01-10 16:08:20.487840,31,N/A
543,2025-01-10 16:08:20.793852,19,N/A
544,2025-01-10 16:08:21.082828,17,N/A
545,2025-01-10 16:08:21.368782,12,N/A
546,2025-01-10 16:08:21.692632,37,N/A
547,2025-01-10 16:08:21.991331,30,N/A
548,2025-01-10 16:08:22.300949,21,N/A
549,2025-01-10 16:08:22.596465,25,N/A
550,2025-01-10 16:08:22.890376,28,N/A
551,2025-01-10 16:08:23.185027,22,N/A
552,2025-01-10 16:08:23.479309,22,N/A
553,2025-01-10 16:08:23.788061,42,N/A
554,2025-01-10 16:08:24.100877,26,N/A
555,2025-01-10 16:08:24.381519,15,N/A
556,2025-01-10 16:08:24.692309,18,N/A
557,2025-01-10 16:08:24.987898,24,N/A
558,2025-01-10 16:08:25.295763,23,N/A
559,2025-01-10 16:08:25.595085,29,N/A
560,2025-01-10 16:08:25.899962,19,N/A
561,2025-01-10 16:08:26.206263,41,N/A
562,2025-01-10 16:08:26.515922,37,N/A
563,2025-01-10 16:08:26.802150,18,N/A
564,2025-01-10 16:08:27.119475,31,N/A
565,2025-01-10 16:08:27.410838,19,N/A
566,2025-01-10 16:08:27.736513,40,N/A
567,2025-01-10 16:08:28.039125,31,N/A
568,2025-01-10 16:08:28.319108,13,N/A
569,2025-01-10 16:08:28.601104,13,N/A
570,2025-01-10 16:08:28.898636,30,N/A
571,2025-01-10 16:08:29.190341,26,N/A
572,2025-01-10 16:08:29.503432,29,N/A
573,2025-01-10 16:08:29.800036,25,N/A
574,2025-01-10 16:08:30.185378,7,N/A
575,2025-01-10 16:08:30.488050,34,N/A
576,2025-01-10 16:08:30.797887,26,N/A
577,2025-01-10 16:08:31.082181,19,N/A
578,2025-01-10 16:08:31.392390,28,N/A
579,2025-01-10 16:08:31.681214,17,N/A
580,2025-01-10 16:08:31.974275,30,N/A
581,2025-01-10 16:08:32.254724,10,N/A
582,2025-01-10 16:08:32.564629,24,N/A
583,2025-01-10 16:08:32.860247,24,N/A
584,2025-01-10 16:08:33.175921,29,N/A
585,2025-01-10 16:08:33.482344,38,N/A
586,2025-01-10 16:08:33.765262,12,N/A
587,2025-01-10 16:08:34.056854,20,N/A
588,2025-01-10 16:08:34.350078,23,N/A
589,2025-01-10 16:08:34.661769,39,N/A
590,2025-01-10 16:08:34.969162,23,N/A
591,2025-01-10 16:08:35.265480,30,N/A
592,2025-01-10 16:08:35.576899,30,N/A
593,2025-01-10 16:08:35.870450,25,N/A
594,2025-01-10 16:08:36.167079,28,N/A
595,2025-01-10 16:08:36.468297,32,N/A
596,2025-01-10 16:08:36.776337,21,N/A
597,2025-01-10 16:08:37.075257,30,N/A
598,2025-01-10 16:08:37.368487,22,N/A
599,2025-01-10 16:08:37.672347,32,N/A
600,2025-01-10 16:08:37.970514,12,N/A
601,2025-01-10 16:08:38.253036,11,N/A
602,2025-01-10 16:08:38.583900,40,N/A
603,2025-01-10 16:08:38.879356,30,N/A
604,2025-01-10 16:08:39.176470,25,N/A
605,2025-01-10 16:08:39.481074,38,N/A
606,2025-01-10 16:08:39.773363,19,N/A
607,2025-01-10 16:08:40.074175,29,N/A
608,2025-01-10 16:08:40.397855,36,N/A
609,2025-01-10 16:08:40.778576,18,N/A
610,2025-01-10 16:08:41.102570,38,N/A
611,2025-01-10 16:08:41.408472,37,N/A
612,2025-01-10 16:08:41.732701,39,N/A
613,2025-01-10 16:08:42.040233,41,N/A
614,2025-01-10 16:08:42.358743,28,N/A
615,2025-01-10 16:08:42.653549,19,N/A
616,2025-01-10 16:08:42.971257,26,N/A
617,2025-01-10 16:08:43.289195,49,N/A
618,2025-01-10 16:08:43.589251,25,N/A
619,2025-01-10 16:08:43.889100,25,N/A
620,2025-01-10 16:08:44.205553,24,N/A
621,2025-01-10 16:08:44.504024,30,N/A
622,2025-01-10 16:08:44.791766,16,N/A
623,2025-01-10 16:08:45.088442,28,N/A
624,2025-01-10 16:08:45.392295,21,N/A
625,2025-01-10 16:08:45.684347,17,N/A
626,2025-01-10 16:08:46.003577,34,N/A
627,2025-01-10 16:08:46.291550,19,N/A
628,2025-01-10 16:08:46.595229,17,N/A
629,2025-01-10 16:08:46.900913,39,N/A
630,2025-01-10 16:08:47.222581,29,N/A
631,2025-01-10 16:08:47.527502,36,N/A
632,2025-01-10 16:08:47.843784,32,N/A
633,2025-01-10 16:08:48.140858,25,N/A
634,2025-01-10 16:08:48.452176,25,N/A
635,2025-01-10 16:08:48.738172,22,N/A
636,2025-01-10 16:08:49.031751,27,N/A
637,2025-01-10 16:08:49.328564,38,N/A
638,2025-01-10 16:08:49.632725,17,N/A
639,2025-01-10 16:08:49.911885,11,N/A
640,2025-01-10 16:08:50.236362,46,N/A
641,2025-01-10 16:08:50.539755,34,N/A
642,2025-01-10 16:08:50.923514,21,N/A
643,2025-01-10 16:08:51.204709,11,N/A
644,2025-01-10 16:08:51.521591,18,N/A
645,2025-01-10 16:08:51.813556,26,N/A
646,2025-01-10 16:08:52.142428,33,N/A
647,2025-01-10 16:08:52.452153,33,N/A
648,2025-01-10 16:08:52.777298,38,N/A
649,2025-01-10 16:08:53.065145,21,N/A
650,2025-01-10 16:08:53.368988,18,N/A
651,2025-01-10 16:08:53.674238,40,N/A
652,2025-01-10 16:08:53.999433,39,N/A
653,2025-01-10 16:08:54.295273,34,N/A
654,2025-01-10 16:08:54.607757,32,N/A
655,2025-01-10 16:08:54.888114,12,N/A
656,2025-01-10 16:08:55.180768,24,N/A
657,2025-01-10 16:08:55.491622,45,N/A
658,2025-01-10 16:08:55.799429,22,N/A
659,2025-01-10 16:08:56.103231,41,N/A
660,2025-01-10 16:08:56.409372,40,N/A
661,2025-01-10 16:08:56.712258,33,N/A
662,2025-01-10 16:08:57.020264,24,N/A
663,2025-01-10 16:08:57.303038,13,N/A
664,2025-01-10 16:08:57.597658,28,N/A
665,2025-01-10 16:08:57.894899,27,N/A
666,2025-01-10 16:08:58.184882,25,N/A
667,2025-01-10 16:08:58.486978,35,N/A
668,2025-01-10 16:08:58.773406,22,N/A
669,2025-01-10 16:08:59.071230,23,N/A
670,2025-01-10 16:08:59.396570,39,N/A
671,2025-01-10 16:08:59.684983,18,N/A
672,2025-01-10 16:09:00.001494,33,N/A
673,2025-01-10 16:09:00.293869,22,N/A
674,2025-01-10 16:09:00.582640,26,N/A
675,2025-01-10 16:09:00.908843,42,N/A
676,2025-01-10 16:09:01.221471,20,N/A
677,2025-01-10 16:09:01.520041,32,N/A
678,2025-01-10 16:09:01.824683,43,N/A
679,2025-01-10 16:09:02.153041,34,N/A
680,2025-01-10 16:09:02.449389,26,N/A
681,2025-01-10 16:09:02.766773,24,N/A
682,2025-01-10 16:09:03.067101,35,N/A
683,2025-01-10 16:09:03.364930,7,N/A
684,2025-01-10 16:09:03.655582,20,N/A
685,2025-01-10 16:09:03.978329,31,N/A
686,2025-01-10 16:09:04.288546,37,N/A
687,2025-01-10 16:09:04.599473,23,N/A
688,2025-01-10 16:09:04.891580,28,N/A
689,2025-01-10 16:09:05.193849,16,N/A
690,2025-01-10 16:09:05.496763,37,N/A
691,2025-01-10 16:09:05.814838,31,N/A
692,2025-01-10 16:09:06.112192,29,N/A
693,2025-01-10 16:09:06.438621,37,N/A
694,2025-01-10 16:09:06.753360,47,N/A
695,2025-01-10 16:09:07.059828,20,N/A
696,2025-01-10 16:09:07.353449,25,N/A
697,2025-01-10 16:09:07.663254,23,N/A
698,2025-01-10 16:09:07.969961,36,N/A
699,2025-01-10 16:09:08.275399,23,N/A
700,2025-01-10 16:09:08.569910,27,N/A
701,2025-01-10 16:09:08.882323,28,N/A
702,2025-01-10 16:09:09.185904,38,N/A
703,2025-01-10 16:09:09.486144,35,N/A
704,2025-01-10 16:09:09.776075,21,N/A
705,2025-01-10 16:09:10.067086,21,N/A
706,2025-01-10 16:09:10.363603,28,N/A
707,2025-01-10 16:09:10.688669,37,N/A
708,2025-01-10 16:09:10.979843,28,N/A
709,2025-01-10 16:09:11.269498,28,N/A
710,2025-01-10 16:09:11.561217,27,N/A
711,2025-01-10 16:09:11.863483,16,N/A
712,2025-01-10 16:09:12.154189,27,N/A
713,2025-01-10 16:09:12.471966,53,N/A
714,2025-01-10 16:09:12.752895,14,N/A
715,2025-01-10 16:09:13.170367,27,N/A
716,2025-01-10 16:09:13.465415,28,N/A
717,2025-01-10 16:09:13.768743,40,N/A
718,2025-01-10 16:09:14.069101,30,N/A
719,2025-01-10 16:09:14.382629,25,N/A
720,2025-01-10 16:09:14.678769,28,N/A
721,2025-01-10 16:09:14.992726,27,N/A
722,2025-01-10 16:09:15.278575,20,N/A
723,2025-01-10 16:09:15.597431,30,N/A
724,2025-01-10 16:09:15.888993,19,N/A
725,2025-01-10 16:09:16.200127,26,N/A
726,2025-01-10 16:09:16.507708,46,N/A
727,2025-01-10 16:09:16.807204,15,N/A
728,2025-01-10 16:09:17.110172,34,N/A
729,2025-01-10 16:09:17.422822,22,N/A
730,2025-01-10 16:09:17.739158,55,N/A
731,2025-01-10 16:09:18.056006,29,N/A
732,2025-01-10 16:09:18.345463,22,N/A
733,2025-01-10 16:09:18.664070,34,N/A
734,2025-01-10 16:09:18.957724,22,N/A
735,2025-01-10 16:09:19.241170,12,N/A
736,2025-01-10 16:09:19.534590,23,N/A
737,2025-01-10 16:09:19.838745,16,N/A
738,2025-01-10 16:09:20.134088,21,N/A
739,2025-01-10 16:09:20.455090,36,N/A
740,2025-01-10 16:09:20.745502,18,N/A
741,2025-01-10 16:09:21.043246,25,N/A
742,2025-01-10 16:09:21.349082,36,N/A
743,2025-01-10 16:09:21.658980,23,N/A
744,2025-01-10 16:09:21.951944,25,N/A
745,2025-01-10 16:09:22.262512,20,N/A
746,2025-01-10 16:09:22.563943,31,N/A
747,2025-01-10 16:09:22.970447,39,N/A
748,2025-01-10 16:09:23.266321,25,N/A
749,2025-01-10 16:09:23.587050,33,N/A
750,2025-01-10 16:09:23.906513,54,N/A
751,2025-01-10 16:09:24.214412,19,N/A
752,2025-01-10 16:09:24.502712,16,N/A
753,2025-01-10 16:09:24.830342,34,N/A
754,2025-01-10 16:09:25.133541,35,N/A
755,2025-01-10 16:09:25.449159,33,N/A
756,2025-01-10 16:09:25.741655,27,N/A
757,2025-01-10 16:09:26.049816,23,N/A
758,2025-01-10 16:09:26.346656,32,N/A
759,2025-01-10 16:09:26.657787,23,N/A
760,2025-01-10 16:09:26.957314,35,N/A
761,2025-01-10 16:09:27.248657,26,N/A
762,2025-01-10 16:09:27.542455,31,N/A
763,2025-01-10 16:09:27.862174,34,N/A
764,2025-01-10 16:09:28.148335,16,N/A
765,2025-01-10 16:09:28.447530,36,N/A
766,2025-01-10 16:09:28.742159,27,N/A
767,2025-01-10 16:09:29.056050,29,N/A
768,2025-01-10 16:09:29.347828,23,N/A
769,2025-01-10 16:09:29.682649,42,N/A
770,2025-01-10 16:09:29.983765,35,N/A
771,2025-01-10 16:09:30.307809,38,N/A
772,2025-01-10 16:09:30.616273,39,N/A
773,2025-01-10 16:09:30.910363,23,N/A
774,2025-01-10 16:09:31.204690,26,N/A
775,2025-01-10 16:09:31.537220,43,N/A
776,2025-01-10 16:09:31.823960,15,N/A
777,2025-01-10 16:09:32.146046,33,N/A
778,2025-01-10 16:09:32.439243,28,N/A
779,2025-01-10 16:09:32.844106,35,N/A
780,2025-01-10 16:09:33.137109,30,N/A
781,2025-01-10 16:09:33.463989,33,N/A
782,2025-01-10 16:09:33.766387,40,N/A
783,2025-01-10 16:09:34.081331,29,N/A
784,2025-01-10 16:09:34.365826,21,N/A
785,2025-01-10 16:09:34.678276,24,N/A
786,2025-01-10 16:09:34.972546,25,N/A
787,2025-01-10 16:09:35.261552,25,N/A
788,2025-01-10 16:09:35.558120,32,N/A
789,2025-01-10 16:09:35.866847,25,N/A
790,2025-01-10 16:09:36.184036,45,N/A
791,2025-01-10 16:09:36.489850,16,N/A
792,2025-01-10 16:09:36.787275,29,N/A
793,2025-01-10 16:09:37.118019,41,N/A
794,2025-01-10 16:09:37.408083,24,N/A
795,2025-01-10 16:09:37.731808,33,N/A
796,2025-01-10 16:09:38.043602,45,N/A
797,2025-01-10 16:09:38.374776,43,N/A
798,2025-01-10 16:09:38.696806,38,N/A
799,2025-01-10 16:09:39.028008,43,N/A
800,2025-01-10 16:09:39.324605,31,N/A
801,2025-01-10 16:09:39.638845,28,N/A
802,2025-01-10 16:09:39.934955,29,N/A
803,2025-01-10 16:09:40.239747,14,N/A
804,2025-01-10 16:09:40.543669,36,N/A
805,2025-01-10 16:09:40.875664,40,N/A
806,2025-01-10 16:09:41.183142,42,N/A
807,2025-01-10 16:09:41.490866,19,N/A
808,2025-01-10 16:09:41.789934,31,N/A
809,2025-01-10 16:09:42.105908,25,N/A
810,2025-01-10 16:09:42.406133,38,N/A
811,2025-01-10 16:09:42.716221,22,N/A
812,2025-01-10 16:09:43.021205,40,N/A
813,2025-01-10 16:09:43.410167,13,N/A
814,2025-01-10 16:09:43.700620,20,N/A
815,2025-01-10 16:09:44.010535,19,N/A
816,2025-01-10 16:09:44.312818,44,N/A
817,2025-01-10 16:09:44.637780,40,N/A
818,2025-01-10 16:09:44.924796,18,N/A
819,2025-01-10 16:09:45.245751,34,N/A
820,2025-01-10 16:09:45.537849,20,N/A
821,2025-01-10 16:09:45.860486,47,N/A
822,2025-01-10 16:09:46.149811,22,N/A
823,2025-01-10 16:09:46.458140,24,N/A
824,2025-01-10 16:09:46.764546,41,N/A
825,2025-01-10 16:09:47.075425,30,N/A
826,2025-01-10 16:09:47.380509,41,N/A
827,2025-01-10 16:09:47.689172,26,N/A
828,2025-01-10 16:09:47.983162,30,N/A
829,2025-01-10 16:09:48.296000,31,N/A
830,2025-01-10 16:09:48.599997,35,N/A
831,2025-01-10 16:09:48.894345,31,N/A
832,2025-01-10 16:09:49.189284,29,N/A
833,2025-01-10 16:09:49.506709,31,N/A
834,2025-01-10 16:09:49.793289,20,N/A
835,2025-01-10 16:09:50.093207,34,N/A
836,2025-01-10 16:09:50.382647,24,N/A
837,2025-01-10 16:09:50.684809,16,N/A
838,2025-01-10 16:09:50.980752,29,N/A
839,2025-01-10 16:09:51.280385,30,N/A
840,2025-01-10 16:09:51.570631,18,N/A
841,2025-01-10 16:09:51.875837,31,N/A
842,2025-01-10 16:09:52.168731,30,N/A
843,2025-01-10 16:09:52.488746,34,N/A
844,2025-01-10 16:09:52.778872,24,N/A
845,2025-01-10 16:09:53.058196,14,N/A
846,2025-01-10 16:09:53.353686,33,N/A
847,2025-01-10 16:09:53.662027,21,N/A
848,2025-01-10 16:09:53.961788,34,N/A
849,2025-01-10 16:09:54.270008,19,N/A
850,2025-01-10 16:09:54.577496,39,N/A
851,2025-01-10 16:09:54.887054,24,N/A
852,2025-01-10 16:09:55.303838,24,N/A
853,2025-01-10 16:09:55.592827,21,N/A
854,2025-01-10 16:09:55.879877,21,N/A
855,2025-01-10 16:09:56.190511,27,N/A
856,2025-01-10 16:09:56.475227,16,N/A
857,2025-01-10 16:09:56.792044,29,N/A
858,2025-01-10 16:09:57.092715,31,N/A
859,2025-01-10 16:09:57.407813,30,N/A
860,2025-01-10 16:09:57.689262,8,N/A
861,2025-01-10 16:09:57.986900,9,N/A
862,2025-01-10 16:09:58.286636,34,N/A
863,2025-01-10 16:09:58.612858,37,N/A
864,2025-01-10 16:09:58.915117,32,N/A
865,2025-01-10 16:09:59.235938,25,N/A
866,2025-01-10 16:09:59.520480,14,N/A
867,2025-01-10 16:09:59.826935,19,N/A
868,2025-01-10 16:10:00.108467,15,N/A
869,2025-01-10 16:10:00.411260,9,N/A
870,2025-01-10 16:10:00.716613,45,N/A
871,2025-01-10 16:10:01.011466,10,N/A
872,2025-01-10 16:10:01.303709,25,N/A
873,2025-01-10 16:10:01.610288,17,N/A
874,2025-01-10 16:10:01.906026,25,N/A
875,2025-01-10 16:10:02.225483,31,N/A
876,2025-01-10 16:10:02.508927,15,N/A
877,2025-01-10 16:10:02.822551,46,N/A
878,2025-01-10 16:10:03.121832,36,N/A
879,2025-01-10 16:10:03.439875,34,N/A
880,2025-01-10 16:10:03.771154,73,N/A
881,2025-01-10 16:10:04.080514,30,N/A
882,2025-01-10 16:10:04.368884,22,N/A
883,2025-01-10 16:10:04.672677,39,N/A
884,2025-01-10 16:10:04.957957,17,N/A
885,2025-01-10 16:10:05.258514,20,N/A
886,2025-01-10 16:10:05.539642,11,N/A
887,2025-01-10 16:10:05.841706,28,N/A
888,2025-01-10 16:10:06.138961,26,N/A
889,2025-01-10 16:10:06.435481,9,N/A
890,2025-01-10 16:10:06.722166,17,N/A
891,2025-01-10 16:10:07.022610,9,N/A
892,2025-01-10 16:10:07.317236,23,N/A
893,2025-01-10 16:10:07.630219,31,N/A
894,2025-01-10 16:10:07.916574,18,N/A
895,2025-01-10 16:10:08.207999,23,N/A
896,2025-01-10 16:10:08.525323,15,N/A
897,2025-01-10 16:10:08.844071,30,N/A
898,2025-01-10 16:10:09.146172,34,N/A
899,2025-01-10 16:10:09.443688,29,N/A
900,2025-01-10 16:10:09.762342,33,N/A
901,2025-01-10 16:10:10.057577,31,N/A
902,2025-01-10 16:10:10.372860,27,N/A
903,2025-01-10 16:10:10.675536,33,N/A
904,2025-01-10 16:10:10.976096,26,N/A
905,2025-01-10 16:10:11.275496,34,N/A
906,2025-01-10 16:10:11.575294,31,N/A
907,2025-01-10 16:10:11.862623,16,N/A
908,2025-01-10 16:10:12.168972,20,N/A
909,2025-01-10 16:10:12.465400,23,N/A
910,2025-01-10 16:10:12.770573,33,N/A
911,2025-01-10 16:10:13.055260,13,N/A
912,2025-01-10 16:10:13.391253,49,N/A
913,2025-01-10 16:10:13.685017,24,N/A
914,2025-01-10 16:10:13.986208,13,N/A
915,2025-01-10 16:10:14.278758,27,N/A
916,2025-01-10 16:10:14.586664,40,N/A
917,2025-01-10 16:10:14.892056,35,N/A
918,2025-01-10 16:10:15.213588,40,N/A
919,2025-01-10 16:10:15.533393,45,N/A
920,2025-01-10 16:10:15.848665,25,N/A
921,2025-01-10 16:10:16.156814,35,N/A
922,2025-01-10 16:10:16.472350,31,N/A
923,2025-01-10 16:10:16.754136,17,N/A
924,2025-01-10 16:10:17.066496,44,N/A
925,2025-01-10 16:10:17.358882,26,N/A
926,2025-01-10 16:10:17.663822,17,N/A
927,2025-01-10 16:10:17.948737,19,N/A
928,2025-01-10 16:10:18.251705,32,N/A
929,2025-01-10 16:10:18.553920,32,N/A
930,2025-01-10 16:10:18.843278,25,N/A
931,2025-01-10 16:10:19.166762,45,N/A
932,2025-01-10 16:10:19.481145,32,N/A
933,2025-01-10 16:10:19.768408,17,N/A
934,2025-01-10 16:10:20.066768,34,N/A
935,2025-01-10 16:10:20.354443,17,N/A
936,2025-01-10 16:10:20.672761,27,N/A
937,2025-01-10 16:10:21.006367,20,N/A
938,2025-01-10 16:10:21.316763,21,N/A
939,2025-01-10 16:10:21.633341,27,N/A
940,2025-01-10 16:10:21.918720,19,N/A
941,2025-01-10 16:10:22.228008,20,N/A
942,2025-01-10 16:10:22.525637,26,N/A
943,2025-01-10 16:10:22.847775,38,N/A
944,2025-01-10 16:10:23.149938,31,N/A
945,2025-01-10 16:10:23.429289,14,N/A
946,2025-01-10 16:10:23.713150,15,N/A
947,2025-01-10 16:10:24.023290,26,N/A
948,2025-01-10 16:10:24.335093,45,N/A
949,2025-01-10 16:10:24.654687,33,N/A
950,2025-01-10 16:10:24.958162,40,N/A
951,2025-01-10 16:10:25.250400,24,N/A
952,2025-01-10 16:10:25.549030,32,N/A
953,2025-01-10 16:10:25.853284,20,N/A
954,2025-01-10 16:10:26.168447,30,N/A
955,2025-01-10 16:10:26.451888,17,N/A
956,2025-01-10 16:10:26.753189,18,N/A
957,2025-01-10 16:10:27.053925,32,N/A
958,2025-01-10 16:10:27.364695,23,N/A
959,2025-01-10 16:10:27.660480,24,N/A
960,2025-01-10 16:10:27.940766,12,N/A
961,2025-01-10 16:10:28.245803,39,N/A
962,2025-01-10 16:10:28.541434,32,N/A
963,2025-01-10 16:10:28.847712,46,N/A
964,2025-01-10 16:10:29.159062,39,N/A
965,2025-01-10 16:10:29.442323,12,N/A
966,2025-01-10 16:10:29.741643,32,N/A
967,2025-01-10 16:10:30.036196,27,N/A
968,2025-01-10 16:10:30.330258,28,N/A
969,2025-01-10 16:10:30.632459,37,N/A
970,2025-01-10 16:10:30.926340,27,N/A
971,2025-01-10 16:10:31.239189,46,N/A
972,2025-01-10 16:10:31.552708,30,N/A
973,2025-01-10 16:10:31.837813,16,N/A
974,2025-01-10 16:10:32.142943,14,N/A
975,2025-01-10 16:10:32.456676,49,N/A
976,2025-01-10 16:10:32.763672,19,N/A
977,2025-01-10 16:10:33.173658,12,N/A
978,2025-01-10 16:10:33.481079,22,N/A
979,2025-01-10 16:10:33.779028,29,N/A
980,2025-01-10 16:10:34.098801,32,N/A
981,2025-01-10 16:10:34.382022,16,N/A
982,2025-01-10 16:10:34.701834,33,N/A
983,2025-01-10 16:10:35.008717,41,N/A
984,2025-01-10 16:10:35.315264,21,N/A
985,2025-01-10 16:10:35.608340,27,N/A
986,2025-01-10 16:10:35.914058,12,N/A
987,2025-01-10 16:10:36.206405,24,N/A
988,2025-01-10 16:10:36.516298,24,N/A
989,2025-01-10 16:10:36.809731,26,N/A
990,2025-01-10 16:10:37.131849,36,N/A
991,2025-01-10 16:10:37.413651,17,N/A
992,2025-01-10 16:10:37.731690,28,N/A
993,2025-01-10 16:10:38.031487,35,N/A
994,2025-01-10 16:10:38.348019,30,N/A
995,2025-01-10 16:10:38.646595,28,N/A
996,2025-01-10 16:10:38.966822,27,N/A
997,2025-01-10 16:10:39.252552,17,N/A
998,2025-01-10 16:10:39.557456,17,N/A
999,2025-01-10 16:10:39.850545,26,N/A
1000,2025-01-10 16:10:40.161570,27,N/A
1001,2025-01-10 16:10:40.454931,25,N/A
1002,2025-01-10 16:10:40.781587,41,N/A
1003,2025-01-10 16:10:41.057876,8,N/A
1004,2025-01-10 16:10:41.368790,42,N/A
1005,2025-01-10 16:10:41.660470,22,N/A
1006,2025-01-10 16:10:41.960253,32,N/A
1007,2025-01-10 16:10:42.263522,35,N/A
1008,2025-01-10 16:10:42.551363,18,N/A
1009,2025-01-10 16:10:42.845061,31,N/A
1010,2025-01-10 16:10:43.157952,27,N/A
1011,2025-01-10 16:10:43.450751,23,N/A
1012,2025-01-10 16:10:43.773701,33,N/A
1013,2025-01-10 16:10:44.071884,31,N/A
1014,2025-01-10 16:10:44.394813,38,N/A
1015,2025-01-10 16:10:44.696030,40,N/A
1016,2025-01-10 16:10:45.000407,19,N/A
1017,2025-01-10 16:10:45.292009,25,N/A
1018,2025-01-10 16:10:45.602467,31,N/A
1019,2025-01-10 16:10:45.884437,11,N/A
1020,2025-01-10 16:10:46.197024,22,N/A
1021,2025-01-10 16:10:46.486713,23,N/A
1022,2025-01-10 16:10:46.777620,22,N/A
1023,2025-01-10 16:10:47.068260,27,N/A
1024,2025-01-10 16:10:47.392758,34,N/A
1025,2025-01-10 16:10:47.688314,29,N/A
1026,2025-01-10 16:10:47.980936,24,N/A
1027,2025-01-10 16:10:48.272881,26,N/A
1028,2025-01-10 16:10:48.584503,26,N/A
1029,2025-01-10 16:10:48.877524,32,N/A
1030,2025-01-10 16:10:49.191078,24,N/A
1031,2025-01-10 16:10:49.620294,27,N/A
1032,2025-01-10 16:10:49.938459,32,N/A
1033,2025-01-10 16:10:50.239058,31,N/A
1034,2025-01-10 16:10:50.569249,40,N/A
1035,2025-01-10 16:10:50.875281,36,N/A
1036,2025-01-10 16:10:51.197237,35,N/A
1037,2025-01-10 16:10:51.497350,32,N/A
1038,2025-01-10 16:10:51.801599,17,N/A
1039,2025-01-10 16:10:52.102067,33,N/A
1040,2025-01-10 16:10:52.413203,22,N/A
1041,2025-01-10 16:10:52.707722,30,N/A
1042,2025-01-10 16:10:53.011570,13,N/A
1043,2025-01-10 16:10:53.303140,33,N/A
1044,2025-01-10 16:10:53.612028,24,N/A
1045,2025-01-10 16:10:53.910456,31,N/A
1046,2025-01-10 16:10:54.217647,20,N/A
1047,2025-01-10 16:10:54.502134,20,N/A
1048,2025-01-10 16:10:54.817658,28,N/A
1049,2025-01-10 16:10:55.113935,30,N/A
1050,2025-01-10 16:10:55.425068,24,N/A
1051,2025-01-10 16:10:55.720607,31,N/A
1052,2025-01-10 16:10:56.008102,20,N/A
1053,2025-01-10 16:10:56.292146,20,N/A
1054,2025-01-10 16:10:56.581094,22,N/A
1055,2025-01-10 16:10:56.884514,36,N/A
1056,2025-01-10 16:10:57.193587,19,N/A
1057,2025-01-10 16:10:57.500415,51,N/A
1058,2025-01-10 16:10:57.817698,33,N/A
1059,2025-01-10 16:10:58.116951,31,N/A
1060,2025-01-10 16:10:58.436446,36,N/A
1061,2025-01-10 16:10:58.719028,20,N/A
1062,2025-01-10 16:10:59.052298,51,N/A
1063,2025-01-10 16:10:59.329304,13,N/A
1064,2025-01-10 16:10:59.643581,22,N/A
1065,2025-01-10 16:10:59.949543,44,N/A
1066,2025-01-10 16:11:00.260462,25,N/A
1067,2025-01-10 16:11:00.552110,28,N/A
1068,2025-01-10 16:11:01.011147,41,N/A
1069,2025-01-10 16:11:01.315180,18,N/A
1070,2025-01-10 16:11:01.617462,39,N/A
1071,2025-01-10 16:11:01.913347,32,N/A
1072,2025-01-10 16:11:02.215255,27,N/A
1073,2025-01-10 16:11:02.541622,40,N/A
1074,2025-01-10 16:11:02.829402,18,N/A
1075,2025-01-10 16:11:03.139959,21,N/A
1076,2025-01-10 16:11:03.438133,29,N/A
1077,2025-01-10 16:11:03.745176,22,N/A
1078,2025-01-10 16:11:04.038320,30,N/A
1079,2025-01-10 16:11:04.360539,27,N/A
1080,2025-01-10 16:11:04.671462,40,N/A
1081,2025-01-10 16:11:04.984984,23,N/A
1082,2025-01-10 16:11:05.291408,42,N/A
1083,2025-01-10 16:11:05.597342,17,N/A
1084,2025-01-10 16:11:05.891289,22,N/A
1085,2025-01-10 16:11:06.194991,19,N/A
1086,2025-01-10 16:11:06.516696,59,N/A
1087,2025-01-10 16:11:06.799467,20,N/A
1088,2025-01-10 16:11:07.098411,32,N/A
1089,2025-01-10 16:11:07.392282,23,N/A
1090,2025-01-10 16:11:07.679538,22,N/A
1091,2025-01-10 16:11:07.994371,25,N/A
1092,2025-01-10 16:11:08.297960,34,N/A
1093,2025-01-10 16:11:08.608555,22,N/A
1094,2025-01-10 16:11:08.909679,41,N/A
1095,2025-01-10 16:11:09.225300,37,N/A
1096,2025-01-10 16:11:09.507603,13,N/A
1097,2025-01-10 16:11:09.818713,24,N/A
1098,2025-01-10 16:11:10.112342,26,N/A
1099,2025-01-10 16:11:10.425955,27,N/A
1100,2025-01-10 16:11:10.724554,29,N/A
1101,2025-01-10 16:11:11.065151,53,N/A
1102,2025-01-10 16:11:11.359333,28,N/A
1103,2025-01-10 16:11:11.685598,44,N/A
1104,2025-01-10 16:11:11.987508,37,N/A
1105,2025-01-10 16:11:12.277193,26,N/A
1106,2025-01-10 16:11:12.570927,26,N/A
1107,2025-01-10 16:11:12.860694,23,N/A
1108,2025-01-10 16:11:13.153155,27,N/A
1109,2025-01-10 16:11:13.483452,44,N/A
1110,2025-01-10 16:11:13.773665,21,N/A
1111,2025-01-10 16:11:14.087534,35,N/A
1112,2025-01-10 16:11:14.383718,31,N/A
1113,2025-01-10 16:11:14.707536,44,N/A
1114,2025-01-10 16:11:15.002504,23,N/A
1115,2025-01-10 16:11:15.314131,28,N/A
1116,2025-01-10 16:11:15.623568,49,N/A
1117,2025-01-10 16:11:15.953522,51,N/A
1118,2025-01-10 16:11:16.396637,28,N/A
1119,2025-01-10 16:11:16.699920,37,N/A
1120,2025-01-10 16:11:16.993102,29,N/A
1121,2025-01-10 16:11:17.314926,30,N/A
1122,2025-01-10 16:11:17.599715,19,N/A
1123,2025-01-10 16:11:17.930881,52,N/A
1124,2025-01-10 16:11:18.218167,18,N/A
1125,2025-01-10 16:11:18.532162,29,N/A
1126,2025-01-10 16:11:18.837221,38,N/A
1127,2025-01-10 16:11:19.127402,17,N/A
1128,2025-01-10 16:11:19.429926,35,N/A
1129,2025-01-10 16:11:19.743747,25,N/A
1130,2025-01-10 16:11:20.037803,25,N/A
1131,2025-01-10 16:11:20.349235,24,N/A
1132,2025-01-10 16:11:20.657223,43,N/A
1133,2025-01-10 16:11:20.966660,20,N/A
1134,2025-01-10 16:11:21.262122,22,N/A
1135,2025-01-10 16:11:21.589874,39,N/A
1136,2025-01-10 16:11:21.887238,29,N/A
1137,2025-01-10 16:11:22.184916,33,N/A
1138,2025-01-10 16:11:22.465493,12,N/A
1139,2025-01-10 16:11:22.775549,26,N/A
1140,2025-01-10 16:11:23.069689,31,N/A
1141,2025-01-10 16:11:23.381536,24,N/A
1142,2025-01-10 16:11:23.671892,27,N/A
1143,2025-01-10 16:11:23.972233,16,N/A
1144,2025-01-10 16:11:24.272943,36,N/A
1145,2025-01-10 16:11:24.573141,35,N/A
1146,2025-01-10 16:11:24.848913,8,N/A
1147,2025-01-10 16:11:25.179738,41,N/A
1148,2025-01-10 16:11:25.486400,44,N/A
1149,2025-01-10 16:11:25.796438,23,N/A
1150,2025-01-10 16:11:26.075576,11,N/A
1151,2025-01-10 16:11:26.387557,25,N/A
1152,2025-01-10 16:11:26.679425,31,N/A
1153,2025-01-10 16:11:26.993317,30,N/A
1154,2025-01-10 16:11:27.279757,23,N/A
1155,2025-01-10 16:11:27.579475,33,N/A
1156,2025-01-10 16:11:27.854626,6,N/A
1157,2025-01-10 16:11:28.316906,29,N/A
1158,2025-01-10 16:11:28.635989,35,N/A
1159,2025-01-10 16:11:28.928762,28,N/A
1160,2025-01-10 16:11:29.252009,39,N/A
1161,2025-01-10 16:11:29.538172,17,N/A
1162,2025-01-10 16:11:29.860282,38,N/A
1163,2025-01-10 16:11:30.180011,54,N/A
1164,2025-01-10 16:11:30.497430,30,N/A
1165,2025-01-10 16:11:30.790036,22,N/A
1166,2025-01-10 16:11:31.111902,37,N/A
1167,2025-01-10 16:11:31.423388,36,N/A
1168,2025-01-10 16:11:31.737024,48,N/A
1169,2025-01-10 16:11:32.030089,31,N/A
1170,2025-01-10 16:11:32.363341,36,N/A
1171,2025-01-10 16:11:32.660205,36,N/A
1172,2025-01-10 16:11:32.951460,27,N/A
1173,2025-01-10 16:11:33.239585,20,N/A
1174,2025-01-10 16:11:33.572984,50,N/A
1175,2025-01-10 16:11:33.859733,22,N/A
1176,2025-01-10 16:11:34.174135,26,N/A
1177,2025-01-10 16:11:34.459169,15,N/A
1178,2025-01-10 16:11:34.773390,28,N/A
1179,2025-01-10 16:11:35.056066,12,N/A
1180,2025-01-10 16:11:35.340316,19,N/A
1181,2025-01-10 16:11:35.632978,25,N/A
1182,2025-01-10 16:11:35.958627,36,N/A
1183,2025-01-10 16:11:36.244858,18,N/A
1184,2025-01-10 16:11:36.556864,23,N/A
1185,2025-01-10 16:11:36.842985,23,N/A
1186,2025-01-10 16:11:37.145796,33,N/A
1187,2025-01-10 16:11:37.442564,33,N/A
1188,2025-01-10 16:11:37.763447,34,N/A
1189,2025-01-10 16:11:38.063568,36,N/A
1190,2025-01-10 16:11:38.350787,20,N/A
1191,2025-01-10 16:11:38.658158,41,N/A
1192,2025-01-10 16:11:38.960433,36,N/A
1193,2025-01-10 16:11:39.247759,29,N/A
1194,2025-01-10 16:11:39.560971,40,N/A
1195,2025-01-10 16:11:39.868748,39,N/A
1196,2025-01-10 16:11:40.171928,22,N/A
1197,2025-01-10 16:11:40.464994,27,N/A
1198,2025-01-10 16:11:40.751443,21,N/A
1199,2025-01-10 16:11:41.044802,28,N/A
1200,2025-01-10 16:11:41.358312,32,N/A
1201,2025-01-10 16:11:41.650780,29,N/A
1202,2025-01-10 16:11:41.962493,28,N/A
1203,2025-01-10 16:11:42.240297,11,N/A
1204,2025-01-10 16:11:42.523331,11,N/A
1205,2025-01-10 16:11:42.802499,12,N/A
1206,2025-01-10 16:11:43.102603,16,N/A
1207,2025-01-10 16:11:43.391058,22,N/A
1208,2025-01-10 16:11:43.677130,19,N/A
1209,2025-01-10 16:11:43.984242,41,N/A
1210,2025-01-10 16:11:44.264368,13,N/A
1211,2025-01-10 16:11:44.709765,24,N/A
1212,2025-01-10 16:11:44.989446,10,N/A
1213,2025-01-10 16:11:45.268998,10,N/A
1214,2025-01-10 16:11:45.579868,21,N/A
1215,2025-01-10 16:11:45.863579,15,N/A
1216,2025-01-10 16:11:46.154477,25,N/A
1217,2025-01-10 16:11:46.449067,31,N/A
1218,2025-01-10 16:11:46.749262,9,N/A
1219,2025-01-10 16:11:47.045972,31,N/A
1220,2025-01-10 16:11:47.363779,29,N/A
1221,2025-01-10 16:11:47.659584,26,N/A
1222,2025-01-10 16:11:47.951935,27,N/A
1223,2025-01-10 16:11:48.243989,25,N/A
1224,2025-01-10 16:11:48.557763,24,N/A
1225,2025-01-10 16:11:48.841998,11,N/A
1226,2025-01-10 16:11:49.151849,40,N/A
1227,2025-01-10 16:11:49.462450,42,N/A
1228,2025-01-10 16:11:49.754553,23,N/A
1229,2025-01-10 16:11:50.063174,41,N/A
1230,2025-01-10 16:11:50.346926,16,N/A
1231,2025-01-10 16:11:50.647709,31,N/A
1232,2025-01-10 16:11:50.949032,10,N/A
1233,2025-01-10 16:11:51.250060,34,N/A
1234,2025-01-10 16:11:51.542355,22,N/A
1235,2025-01-10 16:11:51.837847,26,N/A
1236,2025-01-10 16:11:52.158987,37,N/A
1237,2025-01-10 16:11:52.459254,34,N/A
1238,2025-01-10 16:11:52.762505,13,N/A
1239,2025-01-10 16:11:53.052848,25,N/A
1240,2025-01-10 16:11:53.352824,35,N/A
1241,2025-01-10 16:11:53.649855,34,N/A
1242,2025-01-10 16:11:53.971621,33,N/A
1243,2025-01-10 16:11:54.263335,29,N/A
1244,2025-01-10 16:11:54.564504,35,N/A
1245,2025-01-10 16:11:54.851087,20,N/A
1246,2025-01-10 16:11:55.141852,26,N/A
1247,2025-01-10 16:11:55.435876,26,N/A
1248,2025-01-10 16:11:55.747574,45,N/A
1249,2025-01-10 16:11:56.036172,18,N/A
1250,2025-01-10 16:11:56.341465,18,N/A
1251,2025-01-10 16:11:56.634663,30,N/A
1252,2025-01-10 16:11:56.921848,23,N/A
1253,2025-01-10 16:11:57.244255,52,N/A
1254,2025-01-10 16:11:57.555498,25,N/A
1255,2025-01-10 16:11:57.857536,36,N/A
1256,2025-01-10 16:11:58.192721,48,N/A
1257,2025-01-10 16:11:58.651392,38,N/A
1258,2025-01-10 16:11:58.963954,25,N/A
1259,2025-01-10 16:11:59.261085,33,N/A
1260,2025-01-10 16:11:59.570882,19,N/A
1261,2025-01-10 16:11:59.864618,27,N/A
1262,2025-01-10 16:12:00.169568,15,N/A
1263,2025-01-10 16:12:00.454844,19,N/A
1264,2025-01-10 16:12:00.773270,29,N/A
1265,2025-01-10 16:12:01.058854,20,N/A
1266,2025-01-10 16:12:01.365438,17,N/A
1267,2025-01-10 16:12:01.651145,21,N/A
1268,2025-01-10 16:12:01.967716,26,N/A
1269,2025-01-10 16:12:02.261432,31,N/A
1270,2025-01-10 16:12:02.585159,35,N/A
1271,2025-01-10 16:12:02.883872,30,N/A
1272,2025-01-10 16:12:03.189186,19,N/A
1273,2025-01-10 16:12:03.475165,22,N/A
1274,2025-01-10 16:12:03.779839,16,N/A
1275,2025-01-10 16:12:04.068577,25,N/A
1276,2025-01-10 16:12:04.389982,32,N/A
1277,2025-01-10 16:12:04.712988,51,N/A
1278,2025-01-10 16:12:05.030454,29,N/A
1279,2025-01-10 16:12:05.323962,23,N/A
1280,2025-01-10 16:12:05.646998,41,N/A
1281,2025-01-10 16:12:05.952681,44,N/A
1282,2025-01-10 16:12:06.268362,29,N/A
1283,2025-01-10 16:12:06.548703,15,N/A
1284,2025-01-10 16:12:06.866368,31,N/A
1285,2025-01-10 16:12:07.163537,34,N/A
1286,2025-01-10 16:12:07.472937,20,N/A
1287,2025-01-10 16:12:07.772863,36,N/A
1288,2025-01-10 16:12:08.085117,26,N/A
1289,2025-01-10 16:12:08.390114,37,N/A
1290,2025-01-10 16:12:08.712030,42,N/A
1291,2025-01-10 16:12:09.012356,31,N/A
1292,2025-01-10 16:12:09.336393,29,N/A
1293,2025-01-10 16:12:09.642150,39,N/A
1294,2025-01-10 16:12:09.957914,35,N/A
1295,2025-01-10 16:12:10.269760,46,N/A
1296,2025-01-10 16:12:10.609118,44,N/A
1297,2025-01-10 16:12:10.900825,29,N/A
1298,2025-01-10 16:12:11.215294,28,N/A
1299,2025-01-10 16:12:11.526339,39,N/A
1300,2025-01-10 16:12:11.829422,18,N/A
1301,2025-01-10 16:12:12.131247,44,N/A
1302,2025-01-10 16:12:12.440377,25,N/A
1303,2025-01-10 16:12:12.749945,42,N/A
1304,2025-01-10 16:12:13.054865,15,N/A
1305,2025-01-10 16:12:13.345260,21,N/A
1306,2025-01-10 16:12:13.647843,13,N/A
1307,2025-01-10 16:12:13.948140,36,N/A
1308,2025-01-10 16:12:14.262189,31,N/A
1309,2025-01-10 16:12:14.726003,30,N/A
1310,2025-01-10 16:12:15.071229,50,N/A
1311,2025-01-10 16:12:15.357797,14,N/A
1312,2025-01-10 16:12:15.675973,26,N/A
1313,2025-01-10 16:12:15.970111,25,N/A
1314,2025-01-10 16:12:16.279098,23,N/A
1315,2025-01-10 16:12:16.564757,15,N/A
1316,2025-01-10 16:12:16.845933,12,N/A
1317,2025-01-10 16:12:17.139624,28,N/A
1318,2025-01-10 16:12:17.476898,43,N/A
1319,2025-01-10 16:12:17.760406,16,N/A
1320,2025-01-10 16:12:18.041240,14,N/A
1321,2025-01-10 16:12:18.354774,44,N/A
1322,2025-01-10 16:12:18.675336,34,N/A
1323,2025-01-10 16:12:18.989936,44,N/A
1324,2025-01-10 16:12:19.302864,24,N/A
1325,2025-01-10 16:12:19.598299,24,N/A
1326,2025-01-10 16:12:19.938293,52,N/A
1327,2025-01-10 16:12:20.247556,35,N/A
1328,2025-01-10 16:12:20.558114,23,N/A
1329,2025-01-10 16:12:20.845653,18,N/A
1330,2025-01-10 16:12:21.150229,15,N/A
1331,2025-01-10 16:12:21.445044,29,N/A
1332,2025-01-10 16:12:21.759137,27,N/A
1333,2025-01-10 16:12:22.057036,28,N/A
1334,2025-01-10 16:12:22.375098,31,N/A
1335,2025-01-10 16:12:22.664579,25,N/A
1336,2025-01-10 16:12:22.983020,28,N/A
1337,2025-01-10 16:12:23.264410,15,N/A
1338,2025-01-10 16:12:23.579676,25,N/A
1339,2025-01-10 16:12:23.865543,17,N/A
1340,2025-01-10 16:12:24.180148,27,N/A
1341,2025-01-10 16:12:24.465286,15,N/A
1342,2025-01-10 16:12:24.781923,25,N/A
1343,2025-01-10 16:12:25.086520,44,N/A
1344,2025-01-10 16:12:25.409426,34,N/A
1345,2025-01-10 16:12:25.706254,29,N/A
1346,2025-01-10 16:12:26.018529,23,N/A
1347,2025-01-10 16:12:26.303533,17,N/A
1348,2025-01-10 16:12:26.616606,10,N/A
1349,2025-01-10 16:12:26.909093,22,N/A
1350,2025-01-10 16:12:27.203744,34,N/A
1351,2025-01-10 16:12:27.483253,12,N/A
1352,2025-01-10 16:12:27.801281,27,N/A
1353,2025-01-10 16:12:28.091203,19,N/A
1354,2025-01-10 16:12:28.395737,17,N/A
1355,2025-01-10 16:12:28.693064,34,N/A
1356,2025-01-10 16:12:29.017904,36,N/A
1357,2025-01-10 16:12:29.295214,14,N/A
1358,2025-01-10 16:12:29.575892,9,N/A
1359,2025-01-10 16:12:29.871042,30,N/A
1360,2025-01-10 16:12:30.185864,26,N/A
1361,2025-01-10 16:12:30.492422,39,N/A
1362,2025-01-10 16:12:30.827748,57,N/A
1363,2025-01-10 16:12:31.284058,20,N/A
1364,2025-01-10 16:12:31.609428,38,N/A
1365,2025-01-10 16:12:31.903642,27,N/A
1366,2025-01-10 16:12:32.216755,27,N/A
1367,2025-01-10 16:12:32.507164,25,N/A
1368,2025-01-10 16:12:32.798497,22,N/A
1369,2025-01-10 16:12:33.088585,26,N/A
1370,2025-01-10 16:12:33.387311,10,N/A
1371,2025-01-10 16:12:33.679273,34,N/A
1372,2025-01-10 16:12:33.990025,20,N/A
1373,2025-01-10 16:12:34.288373,35,N/A
1374,2025-01-10 16:12:34.614937,35,N/A
1375,2025-01-10 16:12:34.913247,31,N/A
1376,2025-01-10 16:12:35.222396,12,N/A
1377,2025-01-10 16:12:35.519953,26,N/A
1378,2025-01-10 16:12:35.851219,39,N/A
1379,2025-01-10 16:12:36.170330,44,N/A
1380,2025-01-10 16:12:36.474342,13,N/A
1381,2025-01-10 16:12:36.769897,29,N/A
1382,2025-01-10 16:12:37.075265,15,N/A
1383,2025-01-10 16:12:37.391661,47,N/A
1384,2025-01-10 16:12:37.696254,42,N/A
1385,2025-01-10 16:12:37.980044,19,N/A
1386,2025-01-10 16:12:38.266940,19,N/A
1387,2025-01-10 16:12:38.555445,24,N/A
1388,2025-01-10 16:12:38.875599,32,N/A
1389,2025-01-10 16:12:39.161704,18,N/A
1390,2025-01-10 16:12:39.451139,30,N/A
1391,2025-01-10 16:12:39.754576,40,N/A
1392,2025-01-10 16:12:40.062004,17,N/A
1393,2025-01-10 16:12:40.351159,28,N/A
1394,2025-01-10 16:12:40.654386,14,N/A
1395,2025-01-10 16:12:40.967329,25,N/A
1396,2025-01-10 16:12:41.274683,37,N/A
1397,2025-01-10 16:12:41.574260,32,N/A
1398,2025-01-10 16:12:41.866050,23,N/A
1399,2025-01-10 16:12:42.182781,27,N/A
1400,2025-01-10 16:12:42.492710,47,N/A
1401,2025-01-10 16:12:42.793986,32,N/A
1402,2025-01-10 16:12:43.089922,35,N/A
1403,2025-01-10 16:12:43.386586,27,N/A
1404,2025-01-10 16:12:43.689102,39,N/A
1405,2025-01-10 16:12:43.996482,47,N/A
1406,2025-01-10 16:12:44.287615,31,N/A
1407,2025-01-10 16:12:44.597524,20,N/A
1408,2025-01-10 16:12:44.914187,27,N/A
1409,2025-01-10 16:12:45.204361,24,N/A
1410,2025-01-10 16:12:45.540922,31,N/A
1411,2025-01-10 16:12:45.831614,22,N/A
1412,2025-01-10 16:12:46.132399,13,N/A
1413,2025-01-10 16:12:46.428390,23,N/A
1414,2025-01-10 16:12:46.755267,39,N/A
1415,2025-01-10 16:12:47.056423,36,N/A
1416,2025-01-10 16:12:47.374722,28,N/A
1417,2025-01-10 16:12:47.669977,21,N/A
1418,2025-01-10 16:12:47.978454,15,N/A
1419,2025-01-10 16:12:48.459571,34,N/A
1420,2025-01-10 16:12:48.763727,38,N/A
1421,2025-01-10 16:12:49.052140,17,N/A
1422,2025-01-10 16:12:49.420318,26,N/A
1423,2025-01-10 16:12:49.725457,38,N/A
1424,2025-01-10 16:12:50.026268,31,N/A
1425,2025-01-10 16:12:50.321053,22,N/A
1426,2025-01-10 16:12:50.633333,22,N/A
1427,2025-01-10 16:12:50.932344,31,N/A
1428,2025-01-10 16:12:51.253954,32,N/A
1429,2025-01-10 16:12:51.557064,35,N/A
1430,2025-01-10 16:12:51.884897,36,N/A
1431,2025-01-10 16:12:52.173993,16,N/A
1432,2025-01-10 16:12:52.479346,38,N/A
1433,2025-01-10 16:12:52.773322,26,N/A
1434,2025-01-10 16:12:53.078985,33,N/A
1435,2025-01-10 16:12:53.360951,10,N/A
1436,2025-01-10 16:12:53.672344,16,N/A
1437,2025-01-10 16:12:53.965609,28,N/A
1438,2025-01-10 16:12:54.283146,31,N/A
1439,2025-01-10 16:12:54.568063,7,N/A
1440,2025-01-10 16:12:54.870361,11,N/A
1441,2025-01-10 16:12:55.172483,33,N/A
1442,2025-01-10 16:12:55.473189,35,N/A
1443,2025-01-10 16:12:55.766514,22,N/A
1444,2025-01-10 16:12:56.075064,18,N/A
1445,2025-01-10 16:12:56.369757,27,N/A
1446,2025-01-10 16:12:56.684174,26,N/A
1447,2025-01-10 16:12:56.973528,21,N/A
1448,2025-01-10 16:12:57.303381,36,N/A
1449,2025-01-10 16:12:57.590714,19,N/A
1450,2025-01-10 16:12:57.891698,32,N/A
1451,2025-01-10 16:12:58.208712,49,N/A
1452,2025-01-10 16:12:58.503502,24,N/A
1453,2025-01-10 16:12:58.814532,46,N/A
1454,2025-01-10 16:12:59.110845,33,N/A
1455,2025-01-10 16:12:59.407400,28,N/A
1456,2025-01-10 16:12:59.722725,23,N/A
1457,2025-01-10 16:13:00.019538,30,N/A
1458,2025-01-10 16:13:00.324910,17,N/A
1459,2025-01-10 16:13:00.626280,34,N/A
1460,2025-01-10 16:13:00.914835,25,N/A
1461,2025-01-10 16:13:01.218236,38,N/A
1462,2025-01-10 16:13:01.527152,18,N/A
1463,2025-01-10 16:13:01.824215,29,N/A
1464,2025-01-10 16:13:02.132220,16,N/A
1465,2025-01-10 16:13:02.432101,33,N/A
1466,2025-01-10 16:13:02.725171,33,N/A
1467,2025-01-10 16:13:03.008605,17,N/A
1468,2025-01-10 16:13:03.294761,26,N/A
1469,2025-01-10 16:13:03.596750,32,N/A
1470,2025-01-10 16:13:03.883016,17,N/A
1471,2025-01-10 16:13:04.181988,35,N/A
1472,2025-01-10 16:13:04.472598,25,N/A
1473,2025-01-10 16:13:04.758268,20,N/A
1474,2025-01-10 16:13:05.065368,18,N/A
1475,2025-01-10 16:13:05.371036,39,N/A
1476,2025-01-10 16:13:05.698391,36,N/A
1477,2025-01-10 16:13:05.992965,26,N/A
1478,2025-01-10 16:13:06.402923,47,N/A
1479,2025-01-10 16:13:06.701440,32,N/A
1480,2025-01-10 16:13:07.006963,14,N/A
1481,2025-01-10 16:13:07.313546,45,N/A
1482,2025-01-10 16:13:07.641217,32,N/A
1483,2025-01-10 16:13:07.931882,25,N/A
1484,2025-01-10 16:13:08.238927,12,N/A
1485,2025-01-10 16:13:08.540168,36,N/A
1486,2025-01-10 16:13:08.848541,14,N/A
1487,2025-01-10 16:13:09.154489,42,N/A
1488,2025-01-10 16:13:09.469829,24,N/A
1489,2025-01-10 16:13:09.783804,44,N/A
1490,2025-01-10 16:13:10.068546,13,N/A
1491,2025-01-10 16:13:10.370572,30,N/A
1492,2025-01-10 16:13:10.682622,17,N/A
1493,2025-01-10 16:13:10.977129,23,N/A
1494,2025-01-10 16:13:11.292078,19,N/A
1495,2025-01-10 16:13:11.580408,19,N/A
1496,2025-01-10 16:13:11.862431,13,N/A
1497,2025-01-10 16:13:12.169138,39,N/A
1498,2025-01-10 16:13:12.481219,18,N/A
1499,2025-01-10 16:13:12.775555,29,N/A
1500,2025-01-10 16:13:13.076420,11,N/A
1501,2025-01-10 16:13:13.359591,17,N/A
1502,2025-01-10 16:13:13.661497,34,N/A
1503,2025-01-10 16:13:13.963794,41,N/A
1504,2025-01-10 16:13:14.251431,23,N/A
1505,2025-01-10 16:13:14.556080,42,N/A
1506,2025-01-10 16:13:14.874503,32,N/A
1507,2025-01-10 16:13:15.175636,39,N/A
1508,2025-01-10 16:13:15.458333,17,N/A
1509,2025-01-10 16:13:15.758695,33,N/A
1510,2025-01-10 16:13:16.034750,10,N/A
1511,2025-01-10 16:13:16.341134,30,N/A
1512,2025-01-10 16:13:16.653208,22,N/A
1513,2025-01-10 16:13:16.946308,27,N/A
1514,2025-01-10 16:13:17.237687,34,N/A
1515,2025-01-10 16:13:17.521831,22,N/A
1516,2025-01-10 16:13:17.822907,11,N/A
1517,2025-01-10 16:13:18.126605,31,N/A
1518,2025-01-10 16:13:18.428662,10,N/A
1519,2025-01-10 16:13:18.717079,20,N/A
1520,2025-01-10 16:13:19.019866,30,N/A
1521,2025-01-10 16:13:19.351181,45,N/A
1522,2025-01-10 16:13:19.643814,26,N/A
1523,2025-01-10 16:13:19.930364,23,N/A
1524,2025-01-10 16:13:20.262054,41,N/A
1525,2025-01-10 16:13:20.542124,14,N/A
1526,2025-01-10 16:13:20.845946,37,N/A
1527,2025-01-10 16:13:21.166817,52,N/A
1528,2025-01-10 16:13:21.456429,21,N/A
1529,2025-01-10 16:13:21.753934,31,N/A
1530,2025-01-10 16:13:22.068062,25,N/A
1531,2025-01-10 16:13:22.353311,20,N/A
1532,2025-01-10 16:13:22.635290,14,N/A
1533,2025-01-10 16:13:22.933283,35,N/A
1534,2025-01-10 16:13:23.241357,17,N/A
1535,2025-01-10 16:13:23.546075,37,N/A
1536,2025-01-10 16:13:23.861937,26,N/A
1537,2025-01-10 16:13:24.142624,17,N/A
1538,2025-01-10 16:13:24.451421,38,N/A
1539,2025-01-10 16:13:25.569334,25,N/A
1540,2025-01-10 16:13:25.891496,30,N/A
1541,2025-01-10 16:13:26.192486,38,N/A
1542,2025-01-10 16:13:26.484531,26,N/A
1543,2025-01-10 16:13:26.779424,25,N/A
1544,2025-01-10 16:13:27.089235,37,N/A
1545,2025-01-10 16:13:27.433592,52,N/A
1546,2025-01-10 16:13:27.751037,44,N/A
1547,2025-01-10 16:13:28.078343,55,N/A
1548,2025-01-10 16:13:28.387526,40,N/A
1549,2025-01-10 16:13:28.705443,24,N/A
1550,2025-01-10 16:13:28.989037,13,N/A
1551,2025-01-10 16:13:29.315089,26,N/A
1552,2025-01-10 16:13:29.614080,29,N/A
1553,2025-01-10 16:13:29.937721,27,N/A
1554,2025-01-10 16:13:30.250727,47,N/A
1555,2025-01-10 16:13:30.568242,26,N/A
1556,2025-01-10 16:13:30.856265,19,N/A
1557,2025-01-10 16:13:31.168249,19,N/A
1558,2025-01-10 16:13:31.476569,41,N/A
1559,2025-01-10 16:13:31.788671,18,N/A
1560,2025-01-10 16:13:32.076588,13,N/A
1561,2025-01-10 16:13:32.449549,23,N/A
1562,2025-01-10 16:13:32.749802,30,N/A
1,2025-01-10 16:13:42.047973,1,N/A
2,2025-01-10 16:13:42.232134,1,N/A
3,2025-01-10 16:13:42.496683,0,N/A
4,2025-01-10 16:13:42.804833,0,N/A
5,2025-01-10 16:13:43.150563,2,N/A
6,2025-01-10 16:13:43.428264,1,N/A
7,2025-01-10 16:13:43.726658,1,N/A
8,2025-01-10 16:13:43.998930,2,N/A
9,2025-01-10 16:13:44.288762,1,N/A
10,2025-01-10 16:13:44.572197,1,N/A
11,2025-01-10 16:13:44.872516,1,N/A
12,2025-01-10 16:13:45.148108,1,N/A
13,2025-01-10 16:13:45.459559,2,N/A
14,2025-01-10 16:13:45.747489,1,N/A
1,2025-01-10 16:14:08.076827,0,N/A
2,2025-01-10 16:14:12.651162,1,N/A
3,2025-01-10 16:14:18.581472,1,N/A
4,2025-01-10 16:14:19.384616,1,N/A
5,2025-01-10 16:14:28.326443,1,N/A
1,2025-01-10 16:14:44.041178,1,N/A
2,2025-01-10 16:14:44.246104,1,N/A
3,2025-01-10 16:14:44.515173,1,N/A
4,2025-01-10 16:14:44.817794,1,N/A
5,2025-01-10 16:14:45.152265,1,N/A
6,2025-01-10 16:14:45.454535,0,N/A
7,2025-01-10 16:14:45.755739,2,N/A
8,2025-01-10 16:14:46.062325,1,N/A
9,2025-01-10 16:14:46.371921,2,N/A
10,2025-01-10 16:14:46.660286,1,N/A
11,2025-01-10 16:14:46.962450,1,N/A
12,2025-01-10 16:14:47.253532,1,N/A
13,2025-01-10 16:14:47.549306,2,N/A
14,2025-01-10 16:14:47.839971,1,N/A
15,2025-01-10 16:14:48.126497,1,N/A
16,2025-01-10 16:14:48.433650,1,N/A
17,2025-01-10 16:14:48.771177,1,N/A
18,2025-01-10 16:14:49.054712,1,N/A
19,2025-01-10 16:14:49.352015,1,N/A
20,2025-01-10 16:14:49.649103,2,N/A
21,2025-01-10 16:14:49.945494,1,N/A
22,2025-01-10 16:14:50.243934,3,N/A
23,2025-01-10 16:14:50.540299,4,N/A
24,2025-01-10 16:14:50.833385,3,N/A
25,2025-01-10 16:14:51.132832,1,N/A
26,2025-01-10 16:14:51.434830,3,N/A
27,2025-01-10 16:14:51.738462,3,N/A
28,2025-01-10 16:14:52.036534,4,N/A
29,2025-01-10 16:14:52.370063,1,N/A
30,2025-01-10 16:14:52.675592,1,N/A
31,2025-01-10 16:14:52.965770,1,N/A
32,2025-01-10 16:14:53.254279,1,N/A
33,2025-01-10 16:14:53.528226,1,N/A
34,2025-01-10 16:14:53.820937,1,N/A
35,2025-01-10 16:14:54.104290,2,N/A
36,2025-01-10 16:14:54.385548,3,N/A
37,2025-01-10 16:14:54.657854,1,N/A
38,2025-01-10 16:14:54.969255,2,N/A
39,2025-01-10 16:14:55.244997,1,N/A
40,2025-01-10 16:14:55.582296,4,N/A
41,2025-01-10 16:14:55.870666,1,N/A
42,2025-01-10 16:14:56.170292,5,N/A
43,2025-01-10 16:14:56.460721,5,N/A
44,2025-01-10 16:14:56.752614,3,N/A
45,2025-01-10 16:14:57.027804,1,N/A
46,2025-01-10 16:14:57.319435,3,N/A
47,2025-01-10 16:14:57.594398,2,N/A
48,2025-01-10 16:14:57.887718,7,N/A
49,2025-01-10 16:14:58.164686,3,N/A
50,2025-01-10 16:14:58.454182,3,N/A
51,2025-01-10 16:14:58.733046,4,N/A
52,2025-01-10 16:14:59.022457,1,N/A
53,2025-01-10 16:14:59.302729,2,N/A
54,2025-01-10 16:14:59.596092,5,N/A
55,2025-01-10 16:14:59.879439,6,N/A
56,2025-01-10 16:15:00.210261,2,N/A
57,2025-01-10 16:15:00.491928,3,N/A
58,2025-01-10 16:15:00.791293,4,N/A
59,2025-01-10 16:15:01.070861,4,N/A
60,2025-01-10 16:15:01.361576,3,N/A
61,2025-01-10 16:15:01.639180,1,N/A
62,2025-01-10 16:15:01.926530,1,N/A
63,2025-01-10 16:15:02.214598,6,N/A
64,2025-01-10 16:15:02.510459,5,N/A
65,2025-01-10 16:15:02.787825,5,N/A
66,2025-01-10 16:15:03.086783,7,N/A
67,2025-01-10 16:15:03.361113,4,N/A
68,2025-01-10 16:15:03.667027,9,N/A
69,2025-01-10 16:15:03.947462,5,N/A
70,2025-01-10 16:15:04.252111,8,N/A
71,2025-01-10 16:15:04.535597,3,N/A
72,2025-01-10 16:15:04.821195,3,N/A
73,2025-01-10 16:15:05.099084,3,N/A
74,2025-01-10 16:15:05.432309,3,N/A
75,2025-01-10 16:15:05.716173,9,N/A
76,2025-01-10 16:15:06.011493,6,N/A
77,2025-01-10 16:15:06.294500,6,N/A
78,2025-01-10 16:15:06.613835,19,N/A
79,2025-01-10 16:15:06.892072,3,N/A
80,2025-01-10 16:15:07.197386,10,N/A
81,2025-01-10 16:15:07.488642,11,N/A
82,2025-01-10 16:15:07.789384,13,N/A
83,2025-01-10 16:15:08.091987,20,N/A
84,2025-01-10 16:15:08.385857,8,N/A
85,2025-01-10 16:15:08.669830,15,N/A
86,2025-01-10 16:15:08.962908,3,N/A
87,2025-01-10 16:15:09.253877,11,N/A
88,2025-01-10 16:15:09.560576,11,N/A
89,2025-01-10 16:15:09.842103,9,N/A
90,2025-01-10 16:15:10.135348,11,N/A
91,2025-01-10 16:15:10.421197,12,N/A
92,2025-01-10 16:15:10.724493,11,N/A
93,2025-01-10 16:15:11.017117,19,N/A
94,2025-01-10 16:15:11.322655,13,N/A
95,2025-01-10 16:15:11.603575,7,N/A
96,2025-01-10 16:15:11.952233,17,N/A
97,2025-01-10 16:15:12.243301,15,N/A
98,2025-01-10 16:15:12.542131,16,N/A
99,2025-01-10 16:15:12.847701,19,N/A
100,2025-01-10 16:15:13.142135,6,N/A
101,2025-01-10 16:15:13.450471,31,N/A
102,2025-01-10 16:15:13.755966,15,N/A
103,2025-01-10 16:15:14.044566,10,N/A
104,2025-01-10 16:15:14.347328,19,N/A
105,2025-01-10 16:15:14.638014,18,N/A
106,2025-01-10 16:15:14.945288,15,N/A
107,2025-01-10 16:15:15.239586,20,N/A
108,2025-01-10 16:15:15.520873,12,N/A
109,2025-01-10 16:15:15.803444,7,N/A
110,2025-01-10 16:15:16.152761,13,N/A
111,2025-01-10 16:15:16.443619,21,N/A
112,2025-01-10 16:15:16.748487,18,N/A
113,2025-01-10 16:15:17.053849,21,N/A
114,2025-01-10 16:15:17.369824,23,N/A
115,2025-01-10 16:15:17.655434,15,N/A
116,2025-01-10 16:15:17.957134,14,N/A
117,2025-01-10 16:15:18.261304,28,N/A
118,2025-01-10 16:15:18.558150,16,N/A
119,2025-01-10 16:15:18.842250,12,N/A
120,2025-01-10 16:15:19.133176,13,N/A
121,2025-01-10 16:15:19.411431,7,N/A
122,2025-01-10 16:15:19.766569,21,N/A
123,2025-01-10 16:15:20.044758,7,N/A
124,2025-01-10 16:15:20.337845,9,N/A
125,2025-01-10 16:15:20.619064,7,N/A
126,2025-01-10 16:15:20.905484,10,N/A
127,2025-01-10 16:15:21.196114,24,N/A
128,2025-01-10 16:15:21.489833,11,N/A
129,2025-01-10 16:15:21.771413,7,N/A
130,2025-01-10 16:15:22.086849,23,N/A
131,2025-01-10 16:15:22.363050,5,N/A
132,2025-01-10 16:15:22.663872,11,N/A
133,2025-01-10 16:15:22.942262,7,N/A
134,2025-01-10 16:15:23.247918,20,N/A
135,2025-01-10 16:15:23.532376,19,N/A
136,2025-01-10 16:15:23.842272,22,N/A
137,2025-01-10 16:15:24.120824,7,N/A
138,2025-01-10 16:15:24.426969,23,N/A
139,2025-01-10 16:15:24.715131,16,N/A
140,2025-01-10 16:15:25.022176,28,N/A
141,2025-01-10 16:15:25.323516,29,N/A
142,2025-01-10 16:15:25.681094,20,N/A
143,2025-01-10 16:15:25.979516,25,N/A
144,2025-01-10 16:15:26.282334,30,N/A
145,2025-01-10 16:15:26.566816,17,N/A
146,2025-01-10 16:15:26.884015,30,N/A
147,2025-01-10 16:15:27.162049,7,N/A
148,2025-01-10 16:15:27.478971,29,N/A
149,2025-01-10 16:15:27.769793,22,N/A
150,2025-01-10 16:15:28.076339,25,N/A
151,2025-01-10 16:15:28.388177,43,N/A
152,2025-01-10 16:15:28.676188,2,N/A
153,2025-01-10 16:15:28.979165,23,N/A
154,2025-01-10 16:15:29.275351,13,N/A
155,2025-01-10 16:15:29.571531,29,N/A
156,2025-01-10 16:15:29.862770,23,N/A
157,2025-01-10 16:15:30.201817,18,N/A
158,2025-01-10 16:15:30.492339,11,N/A
159,2025-01-10 16:15:30.777169,13,N/A
160,2025-01-10 16:15:31.075693,19,N/A
161,2025-01-10 16:15:31.366845,17,N/A
162,2025-01-10 16:15:31.645530,11,N/A
163,2025-01-10 16:15:31.942383,29,N/A
164,2025-01-10 16:15:32.239971,13,N/A
165,2025-01-10 16:15:32.525595,14,N/A
166,2025-01-10 16:15:32.821545,12,N/A
167,2025-01-10 16:15:33.117379,27,N/A
168,2025-01-10 16:15:33.432573,40,N/A
169,2025-01-10 16:15:33.736916,40,N/A
170,2025-01-10 16:15:34.038057,20,N/A
171,2025-01-10 16:15:34.320028,11,N/A
172,2025-01-10 16:15:34.636068,29,N/A
173,2025-01-10 16:15:34.921575,13,N/A
174,2025-01-10 16:15:35.207548,15,N/A
175,2025-01-10 16:15:35.488235,20,N/A
176,2025-01-10 16:15:35.800945,28,N/A
177,2025-01-10 16:15:36.146588,24,N/A
178,2025-01-10 16:15:36.453997,25,N/A
179,2025-01-10 16:15:36.745186,22,N/A
180,2025-01-10 16:15:37.021929,6,N/A
181,2025-01-10 16:15:37.309068,16,N/A
182,2025-01-10 16:15:37.614918,27,N/A
183,2025-01-10 16:15:37.902251,18,N/A
184,2025-01-10 16:15:38.213009,31,N/A
185,2025-01-10 16:15:38.504483,16,N/A
186,2025-01-10 16:15:38.814836,28,N/A
187,2025-01-10 16:15:39.106660,18,N/A
188,2025-01-10 16:15:39.410737,21,N/A
189,2025-01-10 16:15:39.708764,29,N/A
190,2025-01-10 16:15:40.012046,22,N/A
191,2025-01-10 16:15:40.360706,30,N/A
192,2025-01-10 16:15:40.654296,25,N/A
193,2025-01-10 16:15:40.933471,10,N/A
194,2025-01-10 16:15:41.259145,45,N/A
195,2025-01-10 16:15:41.554307,29,N/A
196,2025-01-10 16:15:41.853581,14,N/A
197,2025-01-10 16:15:42.137296,15,N/A
198,2025-01-10 16:15:42.429978,19,N/A
199,2025-01-10 16:15:42.733142,33,N/A
200,2025-01-10 16:15:43.048901,40,N/A
201,2025-01-10 16:15:43.352491,35,N/A
202,2025-01-10 16:15:43.646221,12,N/A
203,2025-01-10 16:15:43.925144,9,N/A
204,2025-01-10 16:15:44.223901,19,N/A
205,2025-01-10 16:15:44.499108,10,N/A
206,2025-01-10 16:15:44.810942,31,N/A
207,2025-01-10 16:15:45.108714,33,N/A
208,2025-01-10 16:15:45.414446,24,N/A
209,2025-01-10 16:15:45.762090,28,N/A
210,2025-01-10 16:15:46.050419,17,N/A
211,2025-01-10 16:15:46.338234,19,N/A
212,2025-01-10 16:15:46.632444,7,N/A
213,2025-01-10 16:15:46.931432,28,N/A
214,2025-01-10 16:15:47.239987,28,N/A
215,2025-01-10 16:15:47.525700,13,N/A
216,2025-01-10 16:15:47.830024,36,N/A
217,2025-01-10 16:15:48.110500,10,N/A
218,2025-01-10 16:15:48.420342,35,N/A
219,2025-01-10 16:15:48.713379,25,N/A
220,2025-01-10 16:15:49.009000,18,N/A
221,2025-01-10 16:15:49.300354,23,N/A
222,2025-01-10 16:15:49.582010,15,N/A
223,2025-01-10 16:15:49.880048,29,N/A
224,2025-01-10 16:15:50.192269,26,N/A
225,2025-01-10 16:15:50.492291,33,N/A
226,2025-01-10 16:15:50.784204,16,N/A
227,2025-01-10 16:15:51.073186,21,N/A
228,2025-01-10 16:15:51.378133,30,N/A
229,2025-01-10 16:15:51.682778,39,N/A
230,2025-01-10 16:15:52.044934,27,N/A
231,2025-01-10 16:15:52.330087,18,N/A
232,2025-01-10 16:15:52.634223,22,N/A
233,2025-01-10 16:15:52.917597,13,N/A
234,2025-01-10 16:15:53.212973,27,N/A
235,2025-01-10 16:15:53.507301,26,N/A
236,2025-01-10 16:15:53.801435,13,N/A
237,2025-01-10 16:15:54.095825,24,N/A
238,2025-01-10 16:15:54.392612,17,N/A
239,2025-01-10 16:15:54.681655,17,N/A
240,2025-01-10 16:15:54.959904,8,N/A
241,2025-01-10 16:15:55.259264,30,N/A
242,2025-01-10 16:15:55.573461,28,N/A
243,2025-01-10 16:15:55.856681,9,N/A
244,2025-01-10 16:15:56.152020,13,N/A
245,2025-01-10 16:15:56.446773,24,N/A
246,2025-01-10 16:15:56.733371,12,N/A
247,2025-01-10 16:15:57.020289,20,N/A
248,2025-01-10 16:15:57.333082,28,N/A
249,2025-01-10 16:15:57.619188,17,N/A
250,2025-01-10 16:15:57.916581,18,N/A
251,2025-01-10 16:15:58.229936,50,N/A
252,2025-01-10 16:15:58.582757,29,N/A
253,2025-01-10 16:15:58.884289,32,N/A
254,2025-01-10 16:15:59.193627,31,N/A
255,2025-01-10 16:15:59.473287,9,N/A
256,2025-01-10 16:15:59.780126,25,N/A
257,2025-01-10 16:16:00.070375,26,N/A
258,2025-01-10 16:16:00.361567,22,N/A
259,2025-01-10 16:16:00.667161,33,N/A
260,2025-01-10 16:16:00.971907,19,N/A
261,2025-01-10 16:16:01.265872,16,N/A
262,2025-01-10 16:16:01.562800,19,N/A
263,2025-01-10 16:16:01.854502,23,N/A
264,2025-01-10 16:16:02.146605,18,N/A
265,2025-01-10 16:16:02.433310,17,N/A
266,2025-01-10 16:16:02.738515,24,N/A
267,2025-01-10 16:16:03.029408,20,N/A
268,2025-01-10 16:16:03.325110,15,N/A
269,2025-01-10 16:16:03.617351,28,N/A
270,2025-01-10 16:16:03.901017,13,N/A
271,2025-01-10 16:16:04.192657,27,N/A
272,2025-01-10 16:16:04.488251,15,N/A
273,2025-01-10 16:16:04.792046,34,N/A
274,2025-01-10 16:16:05.095802,22,N/A
275,2025-01-10 16:16:05.377335,12,N/A
276,2025-01-10 16:16:05.742716,40,N/A
277,2025-01-10 16:16:06.023027,14,N/A
278,2025-01-10 16:16:06.342098,37,N/A
279,2025-01-10 16:16:06.634184,23,N/A
280,2025-01-10 16:16:06.943876,29,N/A
281,2025-01-10 16:16:07.234092,19,N/A
282,2025-01-10 16:16:07.530231,28,N/A
283,2025-01-10 16:16:07.813547,20,N/A
284,2025-01-10 16:16:08.130215,35,N/A
285,2025-01-10 16:16:08.413550,15,N/A
286,2025-01-10 16:16:08.714807,25,N/A
287,2025-01-10 16:16:08.995794,10,N/A
288,2025-01-10 16:16:09.278155,12,N/A
289,2025-01-10 16:16:09.563553,16,N/A
290,2025-01-10 16:16:09.870077,19,N/A
291,2025-01-10 16:16:10.172637,28,N/A
292,2025-01-10 16:16:10.475607,20,N/A
293,2025-01-10 16:16:10.764686,23,N/A
294,2025-01-10 16:16:11.059365,25,N/A
295,2025-01-10 16:16:11.338567,9,N/A
296,2025-01-10 16:16:11.655232,43,N/A
297,2025-01-10 16:16:12.005880,22,N/A
298,2025-01-10 16:16:12.313526,19,N/A
299,2025-01-10 16:16:12.606648,17,N/A
300,2025-01-10 16:16:12.889879,17,N/A
301,2025-01-10 16:16:13.180253,33,N/A
302,2025-01-10 16:16:13.473571,7,N/A
303,2025-01-10 16:16:13.765245,26,N/A
304,2025-01-10 16:16:14.079227,28,N/A
305,2025-01-10 16:16:14.363597,18,N/A
306,2025-01-10 16:16:14.646238,13,N/A
307,2025-01-10 16:16:14.927558,13,N/A
308,2025-01-10 16:16:15.243882,35,N/A
309,2025-01-10 16:16:15.536763,24,N/A
310,2025-01-10 16:16:15.851076,30,N/A
311,2025-01-10 16:16:16.140368,17,N/A
312,2025-01-10 16:16:16.444179,28,N/A
313,2025-01-10 16:16:16.719129,9,N/A
314,2025-01-10 16:16:17.030837,33,N/A
315,2025-01-10 16:16:17.333363,32,N/A
316,2025-01-10 16:16:17.639720,25,N/A
317,2025-01-10 16:16:17.926104,8,N/A
318,2025-01-10 16:16:18.221952,33,N/A
319,2025-01-10 16:16:18.509442,21,N/A
320,2025-01-10 16:16:18.815496,26,N/A
321,2025-01-10 16:16:19.107068,25,N/A
322,2025-01-10 16:16:19.481680,25,N/A
323,2025-01-10 16:16:19.776643,31,N/A
324,2025-01-10 16:16:20.059179,11,N/A
325,2025-01-10 16:16:20.357762,31,N/A
326,2025-01-10 16:16:20.657455,19,N/A
327,2025-01-10 16:16:20.942061,12,N/A
328,2025-01-10 16:16:21.258507,33,N/A
329,2025-01-10 16:16:21.551038,24,N/A
330,2025-01-10 16:16:21.842721,26,N/A
331,2025-01-10 16:16:22.127096,17,N/A
332,2025-01-10 16:16:22.448977,39,N/A
333,2025-01-10 16:16:22.745916,28,N/A
334,2025-01-10 16:16:23.063657,39,N/A
335,2025-01-10 16:16:23.369652,33,N/A
336,2025-01-10 16:16:23.661079,34,N/A
337,2025-01-10 16:16:23.941201,9,N/A
338,2025-01-10 16:16:24.241032,19,N/A
339,2025-01-10 16:16:24.535623,28,N/A
340,2025-01-10 16:16:24.844004,21,N/A
341,2025-01-10 16:16:25.136445,24,N/A
342,2025-01-10 16:16:25.422027,18,N/A
343,2025-01-10 16:16:25.707949,19,N/A
344,2025-01-10 16:16:26.012442,26,N/A
345,2025-01-10 16:16:26.301185,20,N/A
346,2025-01-10 16:16:26.600866,11,N/A
347,2025-01-10 16:16:26.882307,17,N/A
348,2025-01-10 16:16:27.169217,23,N/A
349,2025-01-10 16:16:27.447844,9,N/A
350,2025-01-10 16:16:27.827360,30,N/A
351,2025-01-10 16:16:28.117861,22,N/A
352,2025-01-10 16:16:28.416183,16,N/A
353,2025-01-10 16:16:28.694575,18,N/A
354,2025-01-10 16:16:28.984343,22,N/A
355,2025-01-10 16:16:29.284383,35,N/A
356,2025-01-10 16:16:29.594316,30,N/A
357,2025-01-10 16:16:29.888720,27,N/A
358,2025-01-10 16:16:30.180375,11,N/A
359,2025-01-10 16:16:30.471295,19,N/A
360,2025-01-10 16:16:30.757548,16,N/A
361,2025-01-10 16:16:31.038716,14,N/A
362,2025-01-10 16:16:31.337520,15,N/A
363,2025-01-10 16:16:31.622053,15,N/A
364,2025-01-10 16:16:31.916629,13,N/A
365,2025-01-10 16:16:32.211735,25,N/A
366,2025-01-10 16:16:32.508145,26,N/A
367,2025-01-10 16:16:32.798393,25,N/A
368,2025-01-10 16:16:33.104273,23,N/A
369,2025-01-10 16:16:33.395443,24,N/A
370,2025-01-10 16:16:33.699267,21,N/A
371,2025-01-10 16:16:33.991683,25,N/A
372,2025-01-10 16:16:34.298320,25,N/A
373,2025-01-10 16:16:34.578137,9,N/A
374,2025-01-10 16:16:34.892037,31,N/A
375,2025-01-10 16:16:35.199631,47,N/A
376,2025-01-10 16:16:35.504299,22,N/A
377,2025-01-10 16:16:35.794429,23,N/A
378,2025-01-10 16:16:36.088586,26,N/A
379,2025-01-10 16:16:36.384624,37,N/A
380,2025-01-10 16:16:36.692951,23,N/A
381,2025-01-10 16:16:36.991550,33,N/A
382,2025-01-10 16:16:37.294428,16,N/A
383,2025-01-10 16:16:37.582238,20,N/A
384,2025-01-10 16:16:37.863802,12,N/A
385,2025-01-10 16:16:38.155448,21,N/A
386,2025-01-10 16:16:38.472146,27,N/A
387,2025-01-10 16:16:38.766965,26,N/A
388,2025-01-10 16:16:39.068203,21,N/A
389,2025-01-10 16:16:39.362339,19,N/A
390,2025-01-10 16:16:39.654472,23,N/A
391,2025-01-10 16:16:39.946064,25,N/A
392,2025-01-10 16:16:40.253779,23,N/A
393,2025-01-10 16:16:40.538829,17,N/A
394,2025-01-10 16:16:40.834590,15,N/A
395,2025-01-10 16:16:41.124662,22,N/A
396,2025-01-10 16:16:41.412984,25,N/A
397,2025-01-10 16:16:41.695490,19,N/A
398,2025-01-10 16:16:42.006036,30,N/A
399,2025-01-10 16:16:42.291070,20,N/A
400,2025-01-10 16:16:42.588842,16,N/A
401,2025-01-10 16:16:42.869636,14,N/A
402,2025-01-10 16:16:43.171427,37,N/A
403,2025-01-10 16:16:43.455498,18,N/A
404,2025-01-10 16:16:43.752979,12,N/A
405,2025-01-10 16:16:44.040613,23,N/A
406,2025-01-10 16:16:44.336646,12,N/A
407,2025-01-10 16:16:44.624593,18,N/A
408,2025-01-10 16:16:44.925965,20,N/A
409,2025-01-10 16:16:45.227021,17,N/A
410,2025-01-10 16:16:45.544956,47,N/A
411,2025-01-10 16:16:45.840237,27,N/A
412,2025-01-10 16:16:46.127649,7,N/A
413,2025-01-10 16:16:46.425135,31,N/A
414,2025-01-10 16:16:46.720957,26,N/A
415,2025-01-10 16:16:47.013326,26,N/A
416,2025-01-10 16:16:47.318047,22,N/A
417,2025-01-10 16:16:47.601348,12,N/A
418,2025-01-10 16:16:47.908407,19,N/A
419,2025-01-10 16:16:48.197215,24,N/A
420,2025-01-10 16:16:48.484615,22,N/A
421,2025-01-10 16:16:48.783711,28,N/A
422,2025-01-10 16:16:49.085992,20,N/A
423,2025-01-10 16:16:49.365057,8,N/A
424,2025-01-10 16:16:49.671581,29,N/A
425,2025-01-10 16:16:49.963900,31,N/A
426,2025-01-10 16:16:50.259746,34,N/A
427,2025-01-10 16:16:50.548409,28,N/A
428,2025-01-10 16:16:50.843071,11,N/A
429,2025-01-10 16:16:51.120509,7,N/A
430,2025-01-10 16:16:51.425718,28,N/A
431,2025-01-10 16:16:51.714438,22,N/A
432,2025-01-10 16:16:52.027742,40,N/A
433,2025-01-10 16:16:52.318102,24,N/A
434,2025-01-10 16:16:52.613430,16,N/A
435,2025-01-10 16:16:52.898791,18,N/A
436,2025-01-10 16:16:53.203894,29,N/A
437,2025-01-10 16:16:53.552077,5,N/A
438,2025-01-10 16:16:53.843116,21,N/A
439,2025-01-10 16:16:54.153645,43,N/A
440,2025-01-10 16:16:54.457563,21,N/A
441,2025-01-10 16:16:54.756708,32,N/A
442,2025-01-10 16:16:55.064870,28,N/A
443,2025-01-10 16:16:55.359764,33,N/A
444,2025-01-10 16:16:55.659718,32,N/A
445,2025-01-10 16:16:55.963066,35,N/A
446,2025-01-10 16:16:56.265682,22,N/A
447,2025-01-10 16:16:56.562102,31,N/A
448,2025-01-10 16:16:56.869394,28,N/A
449,2025-01-10 16:16:57.151442,16,N/A
450,2025-01-10 16:16:57.434811,24,N/A
451,2025-01-10 16:16:57.720894,16,N/A
452,2025-01-10 16:16:58.027599,27,N/A
453,2025-01-10 16:16:58.318135,19,N/A
454,2025-01-10 16:16:58.624533,24,N/A
455,2025-01-10 16:16:58.912532,19,N/A
456,2025-01-10 16:16:59.196129,21,N/A
457,2025-01-10 16:16:59.476891,15,N/A
458,2025-01-10 16:16:59.778013,18,N/A
459,2025-01-10 16:17:00.086052,40,N/A
460,2025-01-10 16:17:00.388208,19,N/A
461,2025-01-10 16:17:00.682095,37,N/A
462,2025-01-10 16:17:00.972422,22,N/A
463,2025-01-10 16:17:01.251479,12,N/A
464,2025-01-10 16:17:01.558034,17,N/A
465,2025-01-10 16:17:01.848861,24,N/A
466,2025-01-10 16:17:02.158874,28,N/A
467,2025-01-10 16:17:02.515105,12,N/A
468,2025-01-10 16:17:02.797807,13,N/A
469,2025-01-10 16:17:03.092398,25,N/A
470,2025-01-10 16:17:03.399180,29,N/A
471,2025-01-10 16:17:03.680130,10,N/A
472,2025-01-10 16:17:04.002533,43,N/A
473,2025-01-10 16:17:04.296076,25,N/A
474,2025-01-10 16:17:04.595663,32,N/A
475,2025-01-10 16:17:04.885596,20,N/A
476,2025-01-10 16:17:05.185413,15,N/A
477,2025-01-10 16:17:05.474595,19,N/A
478,2025-01-10 16:17:05.785275,26,N/A
479,2025-01-10 16:17:06.101025,47,N/A
480,2025-01-10 16:17:06.395512,26,N/A
481,2025-01-10 16:17:06.710107,36,N/A
482,2025-01-10 16:17:07.037748,39,N/A
483,2025-01-10 16:17:07.333342,26,N/A
484,2025-01-10 16:17:07.633416,18,N/A
485,2025-01-10 16:17:07.916498,24,N/A
486,2025-01-10 16:24:32.708258,55,N/A
487,2025-01-10 16:24:33.058840,11,N/A
488,2025-01-10 16:24:33.365573,13,N/A
489,2025-01-10 16:24:33.689284,41,N/A
490,2025-01-10 16:24:33.997973,26,N/A
491,2025-01-10 16:24:34.285021,20,N/A
492,2025-01-10 16:24:34.585898,17,N/A
493,2025-01-10 16:24:34.884563,31,N/A
494,2025-01-10 16:24:35.182076,11,N/A
495,2025-01-10 16:24:35.496883,25,N/A
496,2025-01-10 16:24:35.801074,19,N/A
497,2025-01-10 16:24:36.172867,18,N/A
498,2025-01-10 16:24:36.475673,20,N/A
499,2025-01-10 16:24:36.770399,33,N/A
500,2025-01-10 16:24:37.064491,18,N/A
501,2025-01-10 16:24:37.375522,39,N/A
502,2025-01-10 16:24:37.667025,9,N/A
503,2025-01-10 16:24:37.950726,15,N/A
504,2025-01-10 16:24:38.265566,38,N/A
505,2025-01-10 16:24:38.557231,26,N/A
506,2025-01-10 16:24:38.865590,18,N/A
507,2025-01-10 16:24:39.163900,30,N/A
508,2025-01-10 16:24:39.460470,35,N/A
509,2025-01-10 16:24:39.743910,16,N/A
510,2025-01-10 16:24:40.053662,21,N/A
511,2025-01-10 16:24:40.340099,19,N/A
512,2025-01-10 16:24:40.637523,10,N/A
513,2025-01-10 16:24:40.927597,21,N/A
514,2025-01-10 16:24:41.215823,21,N/A
515,2025-01-10 16:24:41.505571,19,N/A
516,2025-01-10 16:24:41.814488,25,N/A
517,2025-01-10 16:24:42.094277,15,N/A
518,2025-01-10 16:24:42.398960,24,N/A
519,2025-01-10 16:24:42.679476,12,N/A
520,2025-01-10 16:24:42.990110,32,N/A
521,2025-01-10 16:24:43.271876,9,N/A
522,2025-01-10 16:24:43.573375,22,N/A
523,2025-01-10 16:24:43.865626,24,N/A
524,2025-01-10 16:24:44.179136,29,N/A
525,2025-01-10 16:24:44.480014,32,N/A
526,2025-01-10 16:24:44.771207,22,N/A
527,2025-01-10 16:24:45.048987,11,N/A
528,2025-01-10 16:24:45.333118,14,N/A
529,2025-01-10 16:24:45.708831,25,N/A
530,2025-01-10 16:24:45.996878,23,N/A
531,2025-01-10 16:24:46.274629,19,N/A
532,2025-01-10 16:24:46.573998,34,N/A
533,2025-01-10 16:24:46.881832,22,N/A
534,2025-01-10 16:24:47.173482,11,N/A
535,2025-01-10 16:24:47.459917,17,N/A
536,2025-01-10 16:24:47.774569,32,N/A
537,2025-01-10 16:24:48.049952,5,N/A
538,2025-01-10 16:24:48.348511,22,N/A
539,2025-01-10 16:24:48.634391,21,N/A
540,2025-01-10 16:24:48.916491,14,N/A
541,2025-01-10 16:24:49.215175,38,N/A
542,2025-01-10 16:24:49.531866,39,N/A
543,2025-01-10 16:24:49.831293,36,N/A
544,2025-01-10 16:24:50.112057,20,N/A
545,2025-01-10 16:24:50.393068,18,N/A
546,2025-01-10 16:24:50.711024,32,N/A
547,2025-01-10 16:24:50.997131,20,N/A
548,2025-01-10 16:24:51.285654,23,N/A
549,2025-01-10 16:24:51.577729,22,N/A
550,2025-01-10 16:24:51.888740,46,N/A
551,2025-01-10 16:24:52.183850,31,N/A
552,2025-01-10 16:24:52.488347,24,N/A
553,2025-01-10 16:24:52.773547,20,N/A
554,2025-01-10 16:24:53.081892,21,N/A
555,2025-01-10 16:24:53.369916,21,N/A
556,2025-01-10 16:24:53.659590,26,N/A
557,2025-01-10 16:24:53.956271,32,N/A
558,2025-01-10 16:24:54.262416,28,N/A
559,2025-01-10 16:24:54.551796,31,N/A
560,2025-01-10 16:24:54.856897,21,N/A
561,2025-01-10 16:24:55.232286,26,N/A
562,2025-01-10 16:24:55.513979,14,N/A
563,2025-01-10 16:24:55.796641,15,N/A
564,2025-01-10 16:24:56.102748,17,N/A
565,2025-01-10 16:24:56.380049,12,N/A
566,2025-01-10 16:24:56.667773,19,N/A
567,2025-01-10 16:24:56.956736,26,N/A
568,2025-01-10 16:24:57.236539,11,N/A
569,2025-01-10 16:24:57.529136,26,N/A
570,2025-01-10 16:24:57.849227,32,N/A
571,2025-01-10 16:24:58.138134,18,N/A
572,2025-01-10 16:24:58.434179,32,N/A
573,2025-01-10 16:24:58.736111,38,N/A
574,2025-01-10 16:24:59.025588,20,N/A
575,2025-01-10 16:24:59.336122,33,N/A
576,2025-01-10 16:24:59.631885,34,N/A
577,2025-01-10 16:24:59.915273,24,N/A
578,2025-01-10 16:25:00.202530,21,N/A
579,2025-01-10 16:25:00.505159,37,N/A
580,2025-01-10 16:25:00.805448,14,N/A
581,2025-01-10 16:25:01.112977,43,N/A
582,2025-01-10 16:25:01.418033,12,N/A
583,2025-01-10 16:25:01.714515,25,N/A
584,2025-01-10 16:25:02.023661,22,N/A
585,2025-01-10 16:25:02.319462,28,N/A
586,2025-01-10 16:25:02.619516,28,N/A
587,2025-01-10 16:25:02.912235,29,N/A
588,2025-01-10 16:25:03.216920,20,N/A
589,2025-01-10 16:25:03.527845,40,N/A
590,2025-01-10 16:25:03.833869,22,N/A
591,2025-01-10 16:25:04.117849,13,N/A
592,2025-01-10 16:25:04.530072,36,N/A
593,2025-01-10 16:25:04.833875,38,N/A
594,2025-01-10 16:25:05.146801,29,N/A
595,2025-01-10 16:25:05.442083,24,N/A
596,2025-01-10 16:25:05.762501,33,N/A
597,2025-01-10 16:25:06.044150,12,N/A
598,2025-01-10 16:25:06.365368,35,N/A
599,2025-01-10 16:25:06.652029,15,N/A
600,2025-01-10 16:25:06.950864,13,N/A
601,2025-01-10 16:25:07.235188,15,N/A
602,2025-01-10 16:25:07.555369,33,N/A
603,2025-01-10 16:25:07.857033,39,N/A
604,2025-01-10 16:25:08.186198,41,N/A
605,2025-01-10 16:25:08.486217,34,N/A
606,2025-01-10 16:25:08.809044,33,N/A
607,2025-01-10 16:25:09.102902,26,N/A
608,2025-01-10 16:25:09.400491,17,N/A
609,2025-01-10 16:25:09.702524,36,N/A
610,2025-01-10 16:25:10.010041,25,N/A
611,2025-01-10 16:25:10.296407,21,N/A
612,2025-01-10 16:25:10.604611,21,N/A
613,2025-01-10 16:25:10.880168,6,N/A
614,2025-01-10 16:25:11.201220,37,N/A
615,2025-01-10 16:25:11.490974,23,N/A
616,2025-01-10 16:25:11.803339,32,N/A
617,2025-01-10 16:25:12.103473,32,N/A
618,2025-01-10 16:25:12.404394,19,N/A
619,2025-01-10 16:25:12.707164,38,N/A
620,2025-01-10 16:25:13.010473,39,N/A
621,2025-01-10 16:25:13.305246,26,N/A
622,2025-01-10 16:25:13.622506,33,N/A
623,2025-01-10 16:25:13.912380,20,N/A
624,2025-01-10 16:25:14.309292,20,N/A
625,2025-01-10 16:25:14.602458,34,N/A
626,2025-01-10 16:25:14.904563,18,N/A
627,2025-01-10 16:25:15.192287,22,N/A
628,2025-01-10 16:25:15.504342,26,N/A
629,2025-01-10 16:25:15.797609,21,N/A
630,2025-01-10 16:25:16.129204,37,N/A
631,2025-01-10 16:25:16.429008,33,N/A
632,2025-01-10 16:25:16.740958,24,N/A
633,2025-01-10 16:25:17.036231,30,N/A
634,2025-01-10 16:25:17.340362,19,N/A
635,2025-01-10 16:25:17.640584,33,N/A
636,2025-01-10 16:25:17.952148,28,N/A
637,2025-01-10 16:25:18.243874,28,N/A
638,2025-01-10 16:25:18.558426,31,N/A
639,2025-01-10 16:25:18.843940,21,N/A
640,2025-01-10 16:25:19.152424,25,N/A
641,2025-01-10 16:25:19.446677,32,N/A
642,2025-01-10 16:25:19.750768,20,N/A
643,2025-01-10 16:25:20.040484,24,N/A
644,2025-01-10 16:25:20.349359,23,N/A
645,2025-01-10 16:25:20.645283,31,N/A
646,2025-01-10 16:25:20.929443,19,N/A
647,2025-01-10 16:25:21.208739,5,N/A
648,2025-01-10 16:25:21.518200,34,N/A
649,2025-01-10 16:25:21.799518,13,N/A
650,2025-01-10 16:25:22.090238,25,N/A
651,2025-01-10 16:25:22.368957,6,N/A
652,2025-01-10 16:25:22.695577,44,N/A
653,2025-01-10 16:25:22.997784,38,N/A
654,2025-01-10 16:25:23.323431,46,N/A
655,2025-01-10 16:25:23.617619,32,N/A
656,2025-01-10 16:25:23.900803,9,N/A
657,2025-01-10 16:25:24.177379,11,N/A
658,2025-01-10 16:25:24.497894,44,N/A
659,2025-01-10 16:25:24.792225,25,N/A
660,2025-01-10 16:25:25.106227,45,N/A
661,2025-01-10 16:25:25.398483,25,N/A
662,2025-01-10 16:25:25.693398,11,N/A
663,2025-01-10 16:25:25.985853,31,N/A
664,2025-01-10 16:25:26.385235,38,N/A
665,2025-01-10 16:25:26.686904,33,N/A
666,2025-01-10 16:25:27.021240,40,N/A
667,2025-01-10 16:25:27.332245,35,N/A
668,2025-01-10 16:25:27.639927,8,N/A
669,2025-01-10 16:25:27.943907,30,N/A
670,2025-01-10 16:25:28.248018,20,N/A
671,2025-01-10 16:25:28.538383,32,N/A
672,2025-01-10 16:25:28.865569,40,N/A
673,2025-01-10 16:25:29.161876,30,N/A
674,2025-01-10 16:25:29.480941,41,N/A
675,2025-01-10 16:25:29.769327,26,N/A
676,2025-01-10 16:25:30.052473,15,N/A
677,2025-01-10 16:25:30.354448,13,N/A
678,2025-01-10 16:25:30.670264,34,N/A
679,2025-01-10 16:25:30.956209,17,N/A
680,2025-01-10 16:25:31.273920,26,N/A
681,2025-01-10 16:25:31.559341,20,N/A
682,2025-01-10 16:25:31.873102,51,N/A
683,2025-01-10 16:25:32.171280,21,N/A
684,2025-01-10 16:25:32.479558,9,N/A
685,2025-01-10 16:25:32.807188,41,N/A
686,2025-01-10 16:25:33.090603,18,N/A
687,2025-01-10 16:25:33.392755,29,N/A
688,2025-01-10 16:25:33.708436,30,N/A
689,2025-01-10 16:25:33.990353,13,N/A
690,2025-01-10 16:25:34.287749,19,N/A
691,2025-01-10 16:25:34.581388,27,N/A
692,2025-01-10 16:25:34.886996,11,N/A
693,2025-01-10 16:25:35.200445,43,N/A
694,2025-01-10 16:25:35.515616,28,N/A
695,2025-01-10 16:25:35.804263,19,N/A
696,2025-01-10 16:25:36.136410,49,N/A
697,2025-01-10 16:25:36.430790,23,N/A
698,2025-01-10 16:25:36.743856,26,N/A
699,2025-01-10 16:25:37.038502,26,N/A
700,2025-01-10 16:25:37.336500,28,N/A
701,2025-01-10 16:25:37.633215,29,N/A
702,2025-01-10 16:25:37.941964,27,N/A
703,2025-01-10 16:25:38.227605,17,N/A
704,2025-01-10 16:25:38.548489,35,N/A
705,2025-01-10 16:25:38.950126,28,N/A
706,2025-01-10 16:25:39.256734,19,N/A
707,2025-01-10 16:25:39.551994,28,N/A
708,2025-01-10 16:25:39.852715,31,N/A
709,2025-01-10 16:25:40.155242,38,N/A
710,2025-01-10 16:25:40.459171,35,N/A
711,2025-01-10 16:25:40.744046,16,N/A
712,2025-01-10 16:25:41.056057,42,N/A
713,2025-01-10 16:25:41.344400,16,N/A
714,2025-01-10 16:25:41.633899,23,N/A
715,2025-01-10 16:25:41.923873,19,N/A
716,2025-01-10 16:25:42.215691,17,N/A
717,2025-01-10 16:25:42.498634,17,N/A
718,2025-01-10 16:25:42.811547,45,N/A
719,2025-01-10 16:25:43.093403,15,N/A
720,2025-01-10 16:25:43.405936,27,N/A
721,2025-01-10 16:25:43.692557,16,N/A
722,2025-01-10 16:25:44.001093,25,N/A
723,2025-01-10 16:25:44.281456,9,N/A
724,2025-01-10 16:25:44.594509,27,N/A
725,2025-01-10 16:25:44.887065,29,N/A
726,2025-01-10 16:25:45.186498,30,N/A
727,2025-01-10 16:25:45.477646,30,N/A
728,2025-01-10 16:25:45.769752,28,N/A
729,2025-01-10 16:25:46.068797,28,N/A
730,2025-01-10 16:25:46.356053,21,N/A
731,2025-01-10 16:25:46.638894,18,N/A
732,2025-01-10 16:25:46.948595,25,N/A
733,2025-01-10 16:25:47.231480,16,N/A
734,2025-01-10 16:25:47.528221,14,N/A
735,2025-01-10 16:25:47.830734,36,N/A
736,2025-01-10 16:25:48.111732,21,N/A
737,2025-01-10 16:25:48.391187,15,N/A
738,2025-01-10 16:25:48.823263,42,N/A
739,2025-01-10 16:25:49.118397,29,N/A
740,2025-01-10 16:25:49.430975,23,N/A
741,2025-01-10 16:25:49.739549,42,N/A
742,2025-01-10 16:25:50.042539,37,N/A
743,2025-01-10 16:25:50.343454,34,N/A
744,2025-01-10 16:25:50.631411,26,N/A
745,2025-01-10 16:25:50.943225,30,N/A
746,2025-01-10 16:25:51.224339,12,N/A
747,2025-01-10 16:25:51.586240,16,N/A
748,2025-01-10 16:25:51.863920,15,N/A
749,2025-01-10 16:25:52.155133,26,N/A
750,2025-01-10 16:25:52.447239,30,N/A
751,2025-01-10 16:25:52.731451,18,N/A
752,2025-01-10 16:25:53.044825,43,N/A
753,2025-01-10 16:25:53.333757,24,N/A
754,2025-01-10 16:25:53.642336,27,N/A
755,2025-01-10 16:25:53.953596,27,N/A
756,2025-01-10 16:25:54.245812,30,N/A
757,2025-01-10 16:25:54.533746,20,N/A
758,2025-01-10 16:25:54.834247,33,N/A
759,2025-01-10 16:25:55.165624,43,N/A
760,2025-01-10 16:25:55.449906,17,N/A
761,2025-01-10 16:25:55.732204,22,N/A
762,2025-01-10 16:25:56.017794,25,N/A
763,2025-01-10 16:25:56.340663,41,N/A
764,2025-01-10 16:25:56.634119,34,N/A
765,2025-01-10 16:25:56.964151,48,N/A
766,2025-01-10 16:25:57.245572,18,N/A
767,2025-01-10 16:25:57.569062,45,N/A
768,2025-01-10 16:25:57.865645,30,N/A
769,2025-01-10 16:25:58.194451,45,N/A
770,2025-01-10 16:25:58.476354,15,N/A
771,2025-01-10 16:25:58.786961,41,N/A
772,2025-01-10 16:25:59.081498,27,N/A
773,2025-01-10 16:25:59.385713,20,N/A
774,2025-01-10 16:25:59.670955,24,N/A
775,2025-01-10 16:25:59.963737,29,N/A
776,2025-01-10 16:26:00.243833,17,N/A
777,2025-01-10 16:26:00.551809,47,N/A
778,2025-01-10 16:26:00.842999,29,N/A
779,2025-01-10 16:26:01.153368,48,N/A
780,2025-01-10 16:26:01.465590,29,N/A
781,2025-01-10 16:26:01.764001,31,N/A
782,2025-01-10 16:26:02.055683,23,N/A
783,2025-01-10 16:26:02.338152,21,N/A
784,2025-01-10 16:26:02.749359,33,N/A
785,2025-01-10 16:26:03.046782,30,N/A
786,2025-01-10 16:26:03.335535,21,N/A
787,2025-01-10 16:26:03.637838,15,N/A
788,2025-01-10 16:26:03.929533,20,N/A
789,2025-01-10 16:26:04.222012,22,N/A
790,2025-01-10 16:26:04.505657,20,N/A
791,2025-01-10 16:26:04.813865,17,N/A
792,2025-01-10 16:26:05.099739,18,N/A
793,2025-01-10 16:26:05.415176,45,N/A
794,2025-01-10 16:26:05.699158,24,N/A
795,2025-01-10 16:26:06.008121,20,N/A
796,2025-01-10 16:26:06.326025,49,N/A
797,2025-01-10 16:26:06.624740,28,N/A
798,2025-01-10 16:26:06.924739,35,N/A
799,2025-01-10 16:26:07.245958,39,N/A
800,2025-01-10 16:26:07.549304,32,N/A
801,2025-01-10 16:26:07.869520,28,N/A
802,2025-01-10 16:26:08.156909,21,N/A
803,2025-01-10 16:26:08.451306,27,N/A
804,2025-01-10 16:26:08.738874,20,N/A
805,2025-01-10 16:26:09.060067,33,N/A
806,2025-01-10 16:26:09.360937,29,N/A
807,2025-01-10 16:26:09.645167,20,N/A
808,2025-01-10 16:26:09.945183,31,N/A
809,2025-01-10 16:26:10.271401,38,N/A
810,2025-01-10 16:26:10.581830,44,N/A
811,2025-01-10 16:26:10.873392,19,N/A
812,2025-01-10 16:26:11.157843,21,N/A
813,2025-01-10 16:26:11.478461,35,N/A
814,2025-01-10 16:26:11.883287,29,N/A
815,2025-01-10 16:26:12.195811,18,N/A
816,2025-01-10 16:26:12.501270,36,N/A
817,2025-01-10 16:26:12.822327,32,N/A
818,2025-01-10 16:26:13.114804,29,N/A
819,2025-01-10 16:26:13.425375,24,N/A
820,2025-01-10 16:26:13.724833,32,N/A
821,2025-01-10 16:26:14.045131,34,N/A
822,2025-01-10 16:26:14.351807,45,N/A
823,2025-01-10 16:26:14.650458,31,N/A
824,2025-01-10 16:26:14.945148,32,N/A
825,2025-01-10 16:26:15.242647,33,N/A
826,2025-01-10 16:26:15.550371,44,N/A
827,2025-01-10 16:26:15.851942,39,N/A
828,2025-01-10 16:26:16.145357,26,N/A
829,2025-01-10 16:26:16.442274,32,N/A
830,2025-01-10 16:26:16.735716,28,N/A
831,2025-01-10 16:26:17.031212,30,N/A
832,2025-01-10 16:26:17.313610,16,N/A
833,2025-01-10 16:26:17.607502,28,N/A
834,2025-01-10 16:26:17.925780,37,N/A
835,2025-01-10 16:26:18.234709,27,N/A
836,2025-01-10 16:26:18.539771,29,N/A
837,2025-01-10 16:26:18.823940,20,N/A
838,2025-01-10 16:26:19.116121,24,N/A
839,2025-01-10 16:26:19.423841,29,N/A
840,2025-01-10 16:26:19.706912,18,N/A
841,2025-01-10 16:26:20.014351,24,N/A
842,2025-01-10 16:26:20.314534,35,N/A
843,2025-01-10 16:26:20.620198,26,N/A
844,2025-01-10 16:26:20.920193,42,N/A
845,2025-01-10 16:26:21.208888,22,N/A
846,2025-01-10 16:26:21.508754,32,N/A
847,2025-01-10 16:26:21.821755,29,N/A
848,2025-01-10 16:26:22.136882,34,N/A
849,2025-01-10 16:26:22.444742,42,N/A
850,2025-01-10 16:26:22.738558,26,N/A
851,2025-01-10 16:26:23.028180,25,N/A
852,2025-01-10 16:26:23.301621,5,N/A
853,2025-01-10 16:26:23.603944,21,N/A
854,2025-01-10 16:26:23.923662,19,N/A
855,2025-01-10 16:26:24.203554,9,N/A
856,2025-01-10 16:26:24.494772,25,N/A
857,2025-01-10 16:26:24.793785,33,N/A
858,2025-01-10 16:26:25.097799,20,N/A
859,2025-01-10 16:26:25.401006,37,N/A
860,2025-01-10 16:26:25.694672,21,N/A
861,2025-01-10 16:26:25.997183,40,N/A
862,2025-01-10 16:26:26.337437,43,N/A
863,2025-01-10 16:26:26.628859,19,N/A
864,2025-01-10 16:26:26.921639,23,N/A
865,2025-01-10 16:26:27.235491,30,N/A
866,2025-01-10 16:26:27.540098,15,N/A
867,2025-01-10 16:26:27.831990,22,N/A
868,2025-01-10 16:26:28.129398,29,N/A
869,2025-01-10 16:26:28.421783,31,N/A
870,2025-01-10 16:26:28.725817,18,N/A
871,2025-01-10 16:26:29.029681,33,N/A
872,2025-01-10 16:26:29.326768,12,N/A
873,2025-01-10 16:26:29.611168,14,N/A
874,2025-01-10 16:26:29.897782,19,N/A
875,2025-01-10 16:26:30.187938,22,N/A
876,2025-01-10 16:26:30.510452,37,N/A
877,2025-01-10 16:26:30.805198,22,N/A
878,2025-01-10 16:26:31.098565,21,N/A
879,2025-01-10 16:26:31.395323,32,N/A
880,2025-01-10 16:26:31.734410,48,N/A
881,2025-01-10 16:26:32.013317,11,N/A
882,2025-01-10 16:26:32.298940,21,N/A
883,2025-01-10 16:26:32.588955,26,N/A
884,2025-01-10 16:26:32.913827,36,N/A
885,2025-01-10 16:26:33.201477,16,N/A
886,2025-01-10 16:26:33.502240,29,N/A
887,2025-01-10 16:26:33.788074,20,N/A
888,2025-01-10 16:26:34.113177,41,N/A
889,2025-01-10 16:26:34.425847,31,N/A
890,2025-01-10 16:26:34.739981,29,N/A
891,2025-01-10 16:26:35.044525,33,N/A
892,2025-01-10 16:26:35.339895,34,N/A
893,2025-01-10 16:26:35.637991,30,N/A
894,2025-01-10 16:26:35.947968,26,N/A
895,2025-01-10 16:26:36.245375,34,N/A
896,2025-01-10 16:26:36.655500,23,N/A
897,2025-01-10 16:26:36.938729,20,N/A
898,2025-01-10 16:26:37.267146,39,N/A
899,2025-01-10 16:26:37.555913,22,N/A
900,2025-01-10 16:26:37.870370,29,N/A
901,2025-01-10 16:26:38.164800,24,N/A
902,2025-01-10 16:26:38.468797,19,N/A
903,2025-01-10 16:26:38.769157,30,N/A
904,2025-01-10 16:26:39.078669,19,N/A
905,2025-01-10 16:26:39.368769,22,N/A
906,2025-01-10 16:26:39.677941,24,N/A
907,2025-01-10 16:26:39.960564,17,N/A
908,2025-01-10 16:26:40.284543,35,N/A
909,2025-01-10 16:26:40.569866,19,N/A
910,2025-01-10 16:26:40.890567,36,N/A
911,2025-01-10 16:26:41.177523,13,N/A
912,2025-01-10 16:26:41.502809,32,N/A
913,2025-01-10 16:26:41.799578,30,N/A
914,2025-01-10 16:26:42.088968,22,N/A
915,2025-01-10 16:26:42.384470,31,N/A
916,2025-01-10 16:26:42.705523,39,N/A
917,2025-01-10 16:26:43.001606,28,N/A
918,2025-01-10 16:26:43.314853,29,N/A
919,2025-01-10 16:26:43.613016,34,N/A
920,2025-01-10 16:26:43.918039,24,N/A
921,2025-01-10 16:26:44.197645,10,N/A
922,2025-01-10 16:26:44.482273,17,N/A
923,2025-01-10 16:26:44.794510,44,N/A
924,2025-01-10 16:26:45.111555,25,N/A
925,2025-01-10 16:26:45.390048,11,N/A
926,2025-01-10 16:26:45.689688,31,N/A
927,2025-01-10 16:26:45.984209,26,N/A
928,2025-01-10 16:26:46.308124,41,N/A
929,2025-01-10 16:26:46.602514,26,N/A
930,2025-01-10 16:26:46.903627,35,N/A
931,2025-01-10 16:26:47.189423,28,N/A
932,2025-01-10 16:26:47.499579,40,N/A
933,2025-01-10 16:26:47.778765,19,N/A
934,2025-01-10 16:26:48.078792,16,N/A
935,2025-01-10 16:26:48.368323,23,N/A
936,2025-01-10 16:26:48.665501,15,N/A
937,2025-01-10 16:26:48.955161,22,N/A
938,2025-01-10 16:26:49.250648,25,N/A
939,2025-01-10 16:26:49.535013,22,N/A
940,2025-01-10 16:26:49.835259,33,N/A
941,2025-01-10 16:26:50.137359,39,N/A
942,2025-01-10 16:26:50.595236,49,N/A
943,2025-01-10 16:26:50.886086,23,N/A
944,2025-01-10 16:26:51.200057,44,N/A
945,2025-01-10 16:26:51.520003,33,N/A
946,2025-01-10 16:26:51.811460,19,N/A
947,2025-01-10 16:26:52.139359,43,N/A
948,2025-01-10 16:26:52.435071,32,N/A
949,2025-01-10 16:26:52.756776,36,N/A
950,2025-01-10 16:26:53.060401,36,N/A
951,2025-01-10 16:26:53.384197,34,N/A
952,2025-01-10 16:26:53.687167,33,N/A
953,2025-01-10 16:26:54.003180,25,N/A
954,2025-01-10 16:26:54.288856,17,N/A
955,2025-01-10 16:26:54.572920,17,N/A
956,2025-01-10 16:26:54.864377,26,N/A
957,2025-01-10 16:26:55.158438,31,N/A
958,2025-01-10 16:26:55.458024,37,N/A
1,2025-01-10 16:27:06.049470,1,N/A
2,2025-01-10 16:27:06.227044,1,N/A
3,2025-01-10 16:27:06.481459,0,N/A
4,2025-01-10 16:27:06.751235,1,N/A
5,2025-01-10 16:27:07.092826,0,N/A
6,2025-01-10 16:27:07.366619,2,N/A
7,2025-01-10 16:27:07.667409,0,N/A
8,2025-01-10 16:27:07.943483,1,N/A
9,2025-01-10 16:27:08.234495,1,N/A
10,2025-01-10 16:27:08.516476,1,N/A
11,2025-01-10 16:27:08.811628,1,N/A
12,2025-01-10 16:27:09.088998,1,N/A
13,2025-01-10 16:27:09.388932,1,N/A
14,2025-01-10 16:27:09.678602,1,N/A
15,2025-01-10 16:27:09.966497,2,N/A
16,2025-01-10 16:27:10.245209,1,N/A
17,2025-01-10 16:27:10.536138,1,N/A
18,2025-01-10 16:27:10.814165,1,N/A
19,2025-01-10 16:27:11.124357,2,N/A
20,2025-01-10 16:27:11.466633,1,N/A
21,2025-01-10 16:27:11.766515,1,N/A
22,2025-01-10 16:27:12.061124,1,N/A
23,2025-01-10 16:27:12.355659,2,N/A
24,2025-01-10 16:27:12.649536,3,N/A
25,2025-01-10 16:27:12.949058,2,N/A
26,2025-01-10 16:27:13.237355,0,N/A
27,2025-01-10 16:27:13.523632,3,N/A
1,2025-01-10 16:27:35.118749,1,N/A
2,2025-01-10 16:27:35.345809,1,N/A
3,2025-01-10 16:27:35.577615,1,N/A
4,2025-01-10 16:27:35.846319,2,N/A
5,2025-01-10 16:27:36.170544,1,N/A
6,2025-01-10 16:27:36.463739,1,N/A
7,2025-01-10 16:27:36.756037,1,N/A
8,2025-01-10 16:27:37.062563,0,N/A
9,2025-01-10 16:27:37.341740,1,N/A
10,2025-01-10 16:27:37.636389,1,N/A
11,2025-01-10 16:27:37.925085,1,N/A
1,2025-01-10 16:27:48.992258,1,N/A
2,2025-01-10 16:27:49.159742,1,N/A
3,2025-01-10 16:27:49.400671,0,N/A
4,2025-01-10 16:27:49.666291,1,N/A
5,2025-01-10 16:27:49.943128,1,N/A
6,2025-01-10 16:27:50.251342,1,N/A
7,2025-01-10 16:27:50.546352,1,N/A
8,2025-01-10 16:27:50.823832,1,N/A
9,2025-01-10 16:27:51.116836,1,N/A
10,2025-01-10 16:27:51.386848,1,N/A
11,2025-01-10 16:27:51.683483,0,N/A
12,2025-01-10 16:27:51.959972,1,N/A
13,2025-01-10 16:27:52.234822,1,N/A
14,2025-01-10 16:27:52.516255,1,N/A
15,2025-01-10 16:27:53.592397,1,N/A
16,2025-01-10 16:27:53.873001,3,N/A
17,2025-01-10 16:27:54.160797,3,N/A
18,2025-01-10 16:27:54.454233,1,N/A
19,2025-01-10 16:27:54.738658,2,N/A
20,2025-01-10 16:27:55.032340,3,N/A
21,2025-01-10 16:27:55.355952,2,N/A
22,2025-01-10 16:27:55.652148,3,N/A
23,2025-01-10 16:27:55.931007,1,N/A
24,2025-01-10 16:27:56.220813,2,N/A
25,2025-01-10 16:27:56.504119,4,N/A
26,2025-01-10 16:27:56.800551,2,N/A
27,2025-01-10 16:27:57.088967,6,N/A
28,2025-01-10 16:27:57.379805,3,N/A
29,2025-01-10 16:27:57.655077,1,N/A
30,2025-01-10 16:27:57.948849,3,N/A
31,2025-01-10 16:27:58.223129,2,N/A
32,2025-01-10 16:27:58.514810,2,N/A
33,2025-01-10 16:27:58.801272,2,N/A
34,2025-01-10 16:27:59.098459,4,N/A
35,2025-01-10 16:27:59.376460,1,N/A
36,2025-01-10 16:27:59.657652,5,N/A
37,2025-01-10 16:27:59.978679,2,N/A
38,2025-01-10 16:28:00.268497,2,N/A
39,2025-01-10 16:28:00.559264,1,N/A
40,2025-01-10 16:28:00.835876,1,N/A
41,2025-01-10 16:28:01.146106,5,N/A
42,2025-01-10 16:28:01.440547,3,N/A
43,2025-01-10 16:28:01.741774,2,N/A
44,2025-01-10 16:28:02.028743,3,N/A
45,2025-01-10 16:28:02.321091,3,N/A
46,2025-01-10 16:28:02.591926,1,N/A
47,2025-01-10 16:28:02.879400,1,N/A
48,2025-01-10 16:28:03.161061,3,N/A
49,2025-01-10 16:28:03.475146,5,N/A
50,2025-01-10 16:28:03.748043,1,N/A
51,2025-01-10 16:28:04.044077,1,N/A
52,2025-01-10 16:28:04.339881,7,N/A
53,2025-01-10 16:28:04.632306,1,N/A
54,2025-01-10 16:28:04.910846,3,N/A
55,2025-01-10 16:28:05.250280,4,N/A
56,2025-01-10 16:28:05.527693,2,N/A
57,2025-01-10 16:28:05.825297,6,N/A
58,2025-01-10 16:28:06.112772,2,N/A
59,2025-01-10 16:28:06.409553,3,N/A
60,2025-01-10 16:28:06.697354,7,N/A
61,2025-01-10 16:28:06.987789,1,N/A
62,2025-01-10 16:28:07.262795,3,N/A
63,2025-01-10 16:28:07.572873,5,N/A
64,2025-01-10 16:28:07.870983,9,N/A
65,2025-01-10 16:28:08.179851,14,N/A
66,2025-01-10 16:28:08.467448,6,N/A
67,2025-01-10 16:28:08.771140,11,N/A
68,2025-01-10 16:28:09.057401,13,N/A
69,2025-01-10 16:28:09.349136,3,N/A
70,2025-01-10 16:28:09.627070,3,N/A
71,2025-01-10 16:28:09.944808,13,N/A
72,2025-01-10 16:28:10.225205,5,N/A
73,2025-01-10 16:28:10.523945,13,N/A
74,2025-01-10 16:28:10.807913,10,N/A
75,2025-01-10 16:28:11.153910,11,N/A
76,2025-01-10 16:28:11.443565,13,N/A
77,2025-01-10 16:28:11.750353,15,N/A
78,2025-01-10 16:28:12.049291,13,N/A
79,2025-01-10 16:28:12.362855,18,N/A
80,2025-01-10 16:28:12.657175,16,N/A
81,2025-01-10 16:28:12.956283,11,N/A
82,2025-01-10 16:28:13.234199,6,N/A
83,2025-01-10 16:28:13.527400,10,N/A
84,2025-01-10 16:28:13.819665,13,N/A
85,2025-01-10 16:28:14.119589,14,N/A
86,2025-01-10 16:28:14.396263,8,N/A
87,2025-01-10 16:28:14.694408,22,N/A
88,2025-01-10 16:28:14.981035,16,N/A
89,2025-01-10 16:28:15.281698,14,N/A
90,2025-01-10 16:28:15.586421,28,N/A
91,2025-01-10 16:28:15.900369,22,N/A
92,2025-01-10 16:28:16.255891,30,N/A
93,2025-01-10 16:28:16.571436,25,N/A
94,2025-01-10 16:28:16.864455,17,N/A
95,2025-01-10 16:28:17.170108,15,N/A
96,2025-01-10 16:28:17.465591,23,N/A
97,2025-01-10 16:28:17.767040,14,N/A
98,2025-01-10 16:28:18.064716,17,N/A
99,2025-01-10 16:28:18.361324,9,N/A
100,2025-01-10 16:28:18.658746,29,N/A
101,2025-01-10 16:28:18.974045,23,N/A
102,2025-01-10 16:28:19.264703,22,N/A
103,2025-01-10 16:28:19.553307,5,N/A
104,2025-01-10 16:28:19.839356,16,N/A
105,2025-01-10 16:28:20.118299,8,N/A
106,2025-01-10 16:28:20.403342,12,N/A
107,2025-01-10 16:28:20.708738,23,N/A
108,2025-01-10 16:28:20.993424,12,N/A
109,2025-01-10 16:28:21.286397,7,N/A
110,2025-01-10 16:28:21.573625,17,N/A
111,2025-01-10 16:28:21.940286,28,N/A
112,2025-01-10 16:28:22.233772,19,N/A
113,2025-01-10 16:28:22.525754,10,N/A
114,2025-01-10 16:28:22.821018,17,N/A
115,2025-01-10 16:28:23.111488,8,N/A
116,2025-01-10 16:28:23.400453,15,N/A
117,2025-01-10 16:28:23.703845,13,N/A
118,2025-01-10 16:28:23.989772,17,N/A
119,2025-01-10 16:28:24.279636,4,N/A
120,2025-01-10 16:28:24.562964,14,N/A
121,2025-01-10 16:28:24.872327,18,N/A
122,2025-01-10 16:28:25.152067,10,N/A
123,2025-01-10 16:28:25.433789,11,N/A
124,2025-01-10 16:28:25.721299,14,N/A
125,2025-01-10 16:28:26.028589,17,N/A
126,2025-01-10 16:28:26.319380,15,N/A
127,2025-01-10 16:28:26.699415,42,N/A
128,2025-01-10 16:28:27.010101,36,N/A
129,2025-01-10 16:28:27.308764,15,N/A
130,2025-01-10 16:28:27.596344,16,N/A
131,2025-01-10 16:28:27.900407,21,N/A
132,2025-01-10 16:28:28.183794,13,N/A
133,2025-01-10 16:28:28.489937,18,N/A
134,2025-01-10 16:28:28.794255,28,N/A
135,2025-01-10 16:28:29.112300,34,N/A
136,2025-01-10 16:28:29.412689,31,N/A
137,2025-01-10 16:28:29.720194,18,N/A
138,2025-01-10 16:28:30.008761,15,N/A
139,2025-01-10 16:28:30.311353,12,N/A
140,2025-01-10 16:28:30.610655,27,N/A
141,2025-01-10 16:28:30.903147,19,N/A
142,2025-01-10 16:28:31.190301,16,N/A
143,2025-01-10 16:28:31.493664,21,N/A
144,2025-01-10 16:28:31.775268,11,N/A
145,2025-01-10 16:28:32.134195,18,N/A
146,2025-01-10 16:28:32.430593,27,N/A
147,2025-01-10 16:28:32.731210,17,N/A
148,2025-01-10 16:28:33.021341,19,N/A
149,2025-01-10 16:28:33.332757,22,N/A
150,2025-01-10 16:28:33.621334,20,N/A
151,2025-01-10 16:28:33.927751,23,N/A
152,2025-01-10 16:28:34.229998,29,N/A
153,2025-01-10 16:28:34.541263,23,N/A
154,2025-01-10 16:28:34.840161,23,N/A
155,2025-01-10 16:28:35.145019,18,N/A
156,2025-01-10 16:28:35.433172,16,N/A
157,2025-01-10 16:28:35.732066,13,N/A
158,2025-01-10 16:28:36.022669,18,N/A
159,2025-01-10 16:28:36.306925,13,N/A
160,2025-01-10 16:28:36.591475,15,N/A
161,2025-01-10 16:28:36.891769,9,N/A
162,2025-01-10 16:28:37.194426,34,N/A
163,2025-01-10 16:28:37.561558,29,N/A
164,2025-01-10 16:28:37.846661,15,N/A
165,2025-01-10 16:28:38.145426,14,N/A
166,2025-01-10 16:28:38.437563,20,N/A
167,2025-01-10 16:28:38.764102,42,N/A
168,2025-01-10 16:28:39.069759,35,N/A
169,2025-01-10 16:28:39.381058,26,N/A
170,2025-01-10 16:28:39.681351,25,N/A
171,2025-01-10 16:28:39.990445,21,N/A
172,2025-01-10 16:28:40.274832,18,N/A
173,2025-01-10 16:28:40.565590,5,N/A
174,2025-01-10 16:28:40.860765,26,N/A
175,2025-01-10 16:28:41.168195,21,N/A
176,2025-01-10 16:28:41.463246,21,N/A
177,2025-01-10 16:28:41.762984,35,N/A
178,2025-01-10 16:28:42.077222,43,N/A
179,2025-01-10 16:28:42.383542,23,N/A
180,2025-01-10 16:28:42.699496,34,N/A
181,2025-01-10 16:28:43.063473,23,N/A
182,2025-01-10 16:28:43.388186,47,N/A
183,2025-01-10 16:28:43.701522,28,N/A
184,2025-01-10 16:28:43.995641,21,N/A
185,2025-01-10 16:28:44.301530,22,N/A
186,2025-01-10 16:28:44.585958,11,N/A
187,2025-01-10 16:28:44.888295,20,N/A
188,2025-01-10 16:28:45.189454,29,N/A
189,2025-01-10 16:28:45.490033,19,N/A
190,2025-01-10 16:28:45.792103,30,N/A
191,2025-01-10 16:28:46.091475,12,N/A
192,2025-01-10 16:28:46.398778,38,N/A
193,2025-01-10 16:28:46.714758,28,N/A
194,2025-01-10 16:28:47.016013,32,N/A
195,2025-01-10 16:28:47.335890,41,N/A
196,2025-01-10 16:28:47.632553,21,N/A
197,2025-01-10 16:28:47.937325,15,N/A
198,2025-01-10 16:28:48.284528,21,N/A
199,2025-01-10 16:28:48.590787,25,N/A
200,2025-01-10 16:28:48.887027,29,N/A
201,2025-01-10 16:28:49.196974,19,N/A
202,2025-01-10 16:28:49.479626,10,N/A
203,2025-01-10 16:28:49.799190,32,N/A
204,2025-01-10 16:28:50.101163,33,N/A
205,2025-01-10 16:28:50.406029,18,N/A
206,2025-01-10 16:28:50.689012,12,N/A
207,2025-01-10 16:28:50.993074,18,N/A
208,2025-01-10 16:28:51.280532,10,N/A
209,2025-01-10 16:28:51.561162,13,N/A
210,2025-01-10 16:28:51.852210,17,N/A
211,2025-01-10 16:28:52.155392,23,N/A
212,2025-01-10 16:28:52.456951,26,N/A
213,2025-01-10 16:28:52.763925,24,N/A
214,2025-01-10 16:28:53.053027,17,N/A
215,2025-01-10 16:28:53.350494,20,N/A
216,2025-01-10 16:28:53.649070,31,N/A
217,2025-01-10 16:28:53.965483,28,N/A
218,2025-01-10 16:28:54.316545,21,N/A
219,2025-01-10 16:28:54.619753,24,N/A
220,2025-01-10 16:28:54.902970,11,N/A
221,2025-01-10 16:28:55.217043,33,N/A
222,2025-01-10 16:28:55.515321,28,N/A
223,2025-01-10 16:28:55.821852,20,N/A
224,2025-01-10 16:28:56.108594,20,N/A
225,2025-01-10 16:28:56.425308,30,N/A
226,2025-01-10 16:28:56.704710,8,N/A
227,2025-01-10 16:28:57.013840,37,N/A
228,2025-01-10 16:28:57.319922,30,N/A
229,2025-01-10 16:28:57.635241,31,N/A
230,2025-01-10 16:28:57.940369,32,N/A
231,2025-01-10 16:28:58.262333,40,N/A
232,2025-01-10 16:28:58.556976,25,N/A
233,2025-01-10 16:28:58.880694,44,N/A
234,2025-01-10 16:28:59.169388,18,N/A
235,2025-01-10 16:28:59.486488,41,N/A
236,2025-01-10 16:28:59.780113,23,N/A
237,2025-01-10 16:29:00.088560,21,N/A
238,2025-01-10 16:29:00.370485,12,N/A
239,2025-01-10 16:29:00.668883,18,N/A
240,2025-01-10 16:29:00.961620,20,N/A
241,2025-01-10 16:29:01.252044,8,N/A
242,2025-01-10 16:29:01.603169,27,N/A
243,2025-01-10 16:29:01.908592,18,N/A
244,2025-01-10 16:29:02.202253,21,N/A
245,2025-01-10 16:29:02.495864,22,N/A
246,2025-01-10 16:29:02.801867,42,N/A
247,2025-01-10 16:29:03.101208,16,N/A
248,2025-01-10 16:29:03.408676,32,N/A
249,2025-01-10 16:29:03.730602,36,N/A
250,2025-01-10 16:29:04.011808,7,N/A
251,2025-01-10 16:29:04.316096,31,N/A
252,2025-01-10 16:29:04.611578,30,N/A
253,2025-01-10 16:29:04.914007,19,N/A
254,2025-01-10 16:29:05.214485,42,N/A
255,2025-01-10 16:29:05.507611,9,N/A
256,2025-01-10 16:29:05.799857,26,N/A
257,2025-01-10 16:29:06.101831,34,N/A
258,2025-01-10 16:29:06.406129,29,N/A
259,2025-01-10 16:29:06.698193,13,N/A
260,2025-01-10 16:29:06.999131,29,N/A
261,2025-01-10 16:29:07.285484,14,N/A
262,2025-01-10 16:29:07.571303,11,N/A
263,2025-01-10 16:29:07.915089,10,N/A
264,2025-01-10 16:29:08.212721,15,N/A
265,2025-01-10 16:29:08.507743,25,N/A
266,2025-01-10 16:29:08.787944,11,N/A
267,2025-01-10 16:29:09.078328,20,N/A
268,2025-01-10 16:29:09.377622,16,N/A
269,2025-01-10 16:29:09.687591,37,N/A
270,2025-01-10 16:29:09.988376,21,N/A
271,2025-01-10 16:29:10.287569,33,N/A
272,2025-01-10 16:29:10.578655,16,N/A
273,2025-01-10 16:29:10.857602,7,N/A
274,2025-01-10 16:29:11.144701,14,N/A
275,2025-01-10 16:29:11.429205,15,N/A
276,2025-01-10 16:29:11.746727,32,N/A
277,2025-01-10 16:29:12.040952,22,N/A
278,2025-01-10 16:29:12.347237,21,N/A
279,2025-01-10 16:29:12.634227,20,N/A
280,2025-01-10 16:29:12.946004,31,N/A
281,2025-01-10 16:29:13.239904,23,N/A
282,2025-01-10 16:29:13.546715,28,N/A
283,2025-01-10 16:29:13.842562,26,N/A
284,2025-01-10 16:29:14.125827,19,N/A
285,2025-01-10 16:29:14.403521,11,N/A
286,2025-01-10 16:29:14.696087,15,N/A
287,2025-01-10 16:29:14.972460,12,N/A
288,2025-01-10 16:29:15.354066,34,N/A
289,2025-01-10 16:29:15.636266,14,N/A
290,2025-01-10 16:29:15.942562,26,N/A
291,2025-01-10 16:29:16.238163,21,N/A
292,2025-01-10 16:29:16.517643,11,N/A
293,2025-01-10 16:29:16.800907,15,N/A
294,2025-01-10 16:29:17.105069,22,N/A
295,2025-01-10 16:29:17.399743,25,N/A
296,2025-01-10 16:29:17.704014,25,N/A
297,2025-01-10 16:29:17.995298,22,N/A
298,2025-01-10 16:29:18.307057,25,N/A
299,2025-01-10 16:29:18.607030,30,N/A
300,2025-01-10 16:29:18.934071,42,N/A
301,2025-01-10 16:29:19.221747,17,N/A
302,2025-01-10 16:29:19.501275,11,N/A
303,2025-01-10 16:29:19.783681,18,N/A
304,2025-01-10 16:29:20.079216,31,N/A
305,2025-01-10 16:29:20.367635,21,N/A
306,2025-01-10 16:29:20.660430,29,N/A
307,2025-01-10 16:29:20.950505,24,N/A
308,2025-01-10 16:29:21.238971,16,N/A
309,2025-01-10 16:29:21.524638,16,N/A
310,2025-01-10 16:29:21.818135,27,N/A
311,2025-01-10 16:29:22.111117,23,N/A
312,2025-01-10 16:29:22.474539,32,N/A
313,2025-01-10 16:29:22.754376,12,N/A
314,2025-01-10 16:29:23.058762,32,N/A
315,2025-01-10 16:29:23.329107,2,N/A
316,2025-01-10 16:29:23.613445,18,N/A
317,2025-01-10 16:29:23.907708,24,N/A
318,2025-01-10 16:29:24.209824,20,N/A
319,2025-01-10 16:29:24.519898,39,N/A
320,2025-01-10 16:29:24.821308,31,N/A
321,2025-01-10 16:29:25.114522,23,N/A
322,2025-01-10 16:29:25.423735,27,N/A
323,2025-01-10 16:29:25.729314,37,N/A
324,2025-01-10 16:29:26.014498,16,N/A
325,2025-01-10 16:29:26.295893,10,N/A
326,2025-01-10 16:29:26.596293,17,N/A
327,2025-01-10 16:29:26.892203,22,N/A
328,2025-01-10 16:29:27.191519,32,N/A
329,2025-01-10 16:29:27.472043,14,N/A
330,2025-01-10 16:29:27.791242,38,N/A
331,2025-01-10 16:29:28.098512,43,N/A
332,2025-01-10 16:29:28.421428,44,N/A
333,2025-01-10 16:29:28.708761,19,N/A
334,2025-01-10 16:29:28.995815,19,N/A
335,2025-01-10 16:29:29.282884,14,N/A
336,2025-01-10 16:29:29.658423,25,N/A
337,2025-01-10 16:29:29.953038,22,N/A
338,2025-01-10 16:29:30.242432,13,N/A
339,2025-01-10 16:29:30.531722,19,N/A
340,2025-01-10 16:29:30.830301,15,N/A
341,2025-01-10 16:29:31.123206,23,N/A
342,2025-01-10 16:29:31.423591,15,N/A
343,2025-01-10 16:29:31.709911,22,N/A
344,2025-01-10 16:29:32.003521,19,N/A
345,2025-01-10 16:29:32.317423,43,N/A
346,2025-01-10 16:29:32.631185,27,N/A
347,2025-01-10 16:29:32.933248,24,N/A
348,2025-01-10 16:29:33.237465,16,N/A
349,2025-01-10 16:29:33.527354,18,N/A
350,2025-01-10 16:29:33.825998,11,N/A
351,2025-01-10 16:29:34.121909,28,N/A
352,2025-01-10 16:29:34.416817,23,N/A
353,2025-01-10 16:29:34.756799,61,N/A
354,2025-01-10 16:29:35.068606,28,N/A
355,2025-01-10 16:29:35.378381,33,N/A
356,2025-01-10 16:29:35.689470,28,N/A
357,2025-01-10 16:29:35.970700,8,N/A
358,2025-01-10 16:29:36.277439,23,N/A
359,2025-01-10 16:29:36.580407,29,N/A
360,2025-01-10 16:29:36.899184,27,N/A
361,2025-01-10 16:29:37.215213,40,N/A
362,2025-01-10 16:29:37.517854,18,N/A
363,2025-01-10 16:29:37.801124,14,N/A
364,2025-01-10 16:29:38.104221,17,N/A
365,2025-01-10 16:29:38.391688,18,N/A
366,2025-01-10 16:29:38.716031,41,N/A
367,2025-01-10 16:29:38.996983,8,N/A
368,2025-01-10 16:29:39.306284,21,N/A
369,2025-01-10 16:29:39.597096,17,N/A
370,2025-01-10 16:29:39.878845,12,N/A
371,2025-01-10 16:29:40.175892,27,N/A
372,2025-01-10 16:29:40.491381,26,N/A
373,2025-01-10 16:29:40.782524,22,N/A
374,2025-01-10 16:29:41.106450,34,N/A
375,2025-01-10 16:29:41.403841,35,N/A
376,2025-01-10 16:29:41.701578,11,N/A
377,2025-01-10 16:29:41.998053,26,N/A
378,2025-01-10 16:29:42.323567,40,N/A
379,2025-01-10 16:29:42.612726,16,N/A
380,2025-01-10 16:29:42.899811,15,N/A
381,2025-01-10 16:29:43.190043,17,N/A
382,2025-01-10 16:29:43.497011,22,N/A
383,2025-01-10 16:29:43.792874,30,N/A
384,2025-01-10 16:29:44.097030,19,N/A
385,2025-01-10 16:29:44.380274,12,N/A
386,2025-01-10 16:29:44.701433,40,N/A
387,2025-01-10 16:29:45.008743,33,N/A
388,2025-01-10 16:29:45.296700,16,N/A
389,2025-01-10 16:29:45.592863,26,N/A
390,2025-01-10 16:29:45.900948,26,N/A
391,2025-01-10 16:29:46.213701,41,N/A
392,2025-01-10 16:29:46.517322,20,N/A
393,2025-01-10 16:29:46.810751,26,N/A
394,2025-01-10 16:29:47.135605,30,N/A
395,2025-01-10 16:29:47.508390,27,N/A
396,2025-01-10 16:29:47.809557,13,N/A
397,2025-01-10 16:29:48.092780,13,N/A
398,2025-01-10 16:29:48.388708,12,N/A
399,2025-01-10 16:29:48.674993,17,N/A
400,2025-01-10 16:29:48.984541,22,N/A
401,2025-01-10 16:29:49.292908,29,N/A
402,2025-01-10 16:29:49.607045,24,N/A
403,2025-01-10 16:29:49.907549,28,N/A
404,2025-01-10 16:29:50.212396,14,N/A
405,2025-01-10 16:29:50.519647,36,N/A
406,2025-01-10 16:29:50.858002,36,N/A
407,2025-01-10 16:29:51.158182,26,N/A
408,2025-01-10 16:29:51.488882,41,N/A
409,2025-01-10 16:29:51.787503,29,N/A
410,2025-01-10 16:29:52.103174,28,N/A
411,2025-01-10 16:29:52.406809,38,N/A
412,2025-01-10 16:29:52.721007,34,N/A
413,2025-01-10 16:29:53.019797,27,N/A
414,2025-01-10 16:29:53.322067,19,N/A
415,2025-01-10 16:29:53.617933,23,N/A
416,2025-01-10 16:29:54.012003,31,N/A
417,2025-01-10 16:29:54.301286,14,N/A
418,2025-01-10 16:29:54.606491,25,N/A
419,2025-01-10 16:29:54.901271,22,N/A
420,2025-01-10 16:29:55.205398,19,N/A
421,2025-01-10 16:29:55.506363,25,N/A
422,2025-01-10 16:29:55.811447,13,N/A
423,2025-01-10 16:29:56.097125,14,N/A
424,2025-01-10 16:29:56.402534,17,N/A
425,2025-01-10 16:29:56.678323,6,N/A
426,2025-01-10 16:29:56.974440,28,N/A
427,2025-01-10 16:29:57.283598,30,N/A
428,2025-01-10 16:29:57.598888,44,N/A
429,2025-01-10 16:29:57.894402,22,N/A
430,2025-01-10 16:29:58.177716,15,N/A
431,2025-01-10 16:29:58.470876,21,N/A
432,2025-01-10 16:29:58.764348,23,N/A
433,2025-01-10 16:29:59.050904,19,N/A
434,2025-01-10 16:29:59.345897,9,N/A
435,2025-01-10 16:29:59.629382,15,N/A
436,2025-01-10 16:29:59.939120,29,N/A
437,2025-01-10 16:30:00.240305,27,N/A
438,2025-01-10 16:30:00.569942,39,N/A
439,2025-01-10 16:30:00.878188,39,N/A
440,2025-01-10 16:30:01.188179,37,N/A
441,2025-01-10 16:30:01.562980,29,N/A
442,2025-01-10 16:30:01.863843,19,N/A
443,2025-01-10 16:30:02.159712,31,N/A
444,2025-01-10 16:30:02.442564,11,N/A
445,2025-01-10 16:30:02.739907,24,N/A
446,2025-01-10 16:30:03.038193,28,N/A
447,2025-01-10 16:30:03.331827,26,N/A
448,2025-01-10 16:30:03.624428,20,N/A
449,2025-01-10 16:30:03.917698,19,N/A
450,2025-01-10 16:30:04.200551,12,N/A
451,2025-01-10 16:30:04.487450,13,N/A
452,2025-01-10 16:30:04.786735,13,N/A
453,2025-01-10 16:30:05.075541,17,N/A
454,2025-01-10 16:30:05.378489,19,N/A
455,2025-01-10 16:30:05.677700,28,N/A
456,2025-01-10 16:30:06.000595,36,N/A
457,2025-01-10 16:30:06.291489,23,N/A
458,2025-01-10 16:30:06.587783,29,N/A
459,2025-01-10 16:30:06.879388,22,N/A
460,2025-01-10 16:30:07.202594,44,N/A
461,2025-01-10 16:30:07.511503,30,N/A
462,2025-01-10 16:30:07.817910,40,N/A
463,2025-01-10 16:30:08.107627,25,N/A
464,2025-01-10 16:30:08.405617,28,N/A
465,2025-01-10 16:30:08.728401,48,N/A
466,2025-01-10 16:30:09.017857,23,N/A
467,2025-01-10 16:30:09.300442,13,N/A
468,2025-01-10 16:30:09.596927,31,N/A
469,2025-01-10 16:30:09.894184,18,N/A
470,2025-01-10 16:30:10.205038,27,N/A
471,2025-01-10 16:30:10.492752,16,N/A
472,2025-01-10 16:30:11.241280,42,N/A
473,2025-01-10 16:30:12.027518,14,N/A
474,2025-01-10 16:30:12.959222,28,N/A
475,2025-01-10 16:30:14.033020,34,N/A
476,2025-01-10 16:30:14.984383,29,N/A
477,2025-01-10 16:30:16.374327,19,N/A
478,2025-01-10 16:30:17.289268,38,N/A
479,2025-01-10 16:30:18.103646,28,N/A
480,2025-01-10 16:30:18.417005,37,N/A
481,2025-01-10 16:30:18.700436,14,N/A
482,2025-01-10 16:30:19.003959,12,N/A
483,2025-01-10 16:30:19.294771,26,N/A
484,2025-01-10 16:30:19.599246,18,N/A
485,2025-01-10 16:30:19.892445,24,N/A
486,2025-01-10 16:30:20.209079,35,N/A
487,2025-01-10 16:30:20.523540,49,N/A
488,2025-01-10 16:30:20.825220,21,N/A
489,2025-01-10 16:30:21.117565,25,N/A
490,2025-01-10 16:30:21.395823,12,N/A
491,2025-01-10 16:30:21.688030,26,N/A
492,2025-01-10 16:30:21.989805,35,N/A
493,2025-01-10 16:30:22.283205,32,N/A
494,2025-01-10 16:30:22.601994,33,N/A
495,2025-01-10 16:30:22.897024,30,N/A
496,2025-01-10 16:30:23.198219,22,N/A
497,2025-01-10 16:30:23.501482,35,N/A
498,2025-01-10 16:30:23.784834,17,N/A
499,2025-01-10 16:30:24.064061,14,N/A
500,2025-01-10 16:30:24.376500,33,N/A
501,2025-01-10 16:30:24.652359,7,N/A
502,2025-01-10 16:30:24.934522,10,N/A
503,2025-01-10 16:30:25.213992,9,N/A
504,2025-01-10 16:30:25.512301,37,N/A
505,2025-01-10 16:30:25.818176,25,N/A
506,2025-01-10 16:30:26.108883,19,N/A
507,2025-01-10 16:30:26.405678,13,N/A
508,2025-01-10 16:30:26.697326,22,N/A
509,2025-01-10 16:30:27.041021,58,N/A
510,2025-01-10 16:30:27.322342,10,N/A
511,2025-01-10 16:30:27.641582,32,N/A
512,2025-01-10 16:30:27.934846,27,N/A
513,2025-01-10 16:30:28.234486,20,N/A
514,2025-01-10 16:30:28.532732,30,N/A
515,2025-01-10 16:30:28.829042,33,N/A
516,2025-01-10 16:30:29.109761,15,N/A
517,2025-01-10 16:30:29.404078,11,N/A
518,2025-01-10 16:30:29.683015,12,N/A
519,2025-01-10 16:30:29.993193,37,N/A
520,2025-01-10 16:30:30.280202,25,N/A
521,2025-01-10 16:30:30.566382,18,N/A
522,2025-01-10 16:30:30.857760,28,N/A
523,2025-01-10 16:30:31.166449,29,N/A
524,2025-01-10 16:30:31.458177,22,N/A
525,2025-01-10 16:30:31.762371,23,N/A
526,2025-01-10 16:30:32.065416,32,N/A
527,2025-01-10 16:30:32.346715,15,N/A
528,2025-01-10 16:30:32.638188,21,N/A
529,2025-01-10 16:30:32.932703,7,N/A
530,2025-01-10 16:30:33.333228,35,N/A
531,2025-01-10 16:30:33.644391,22,N/A
532,2025-01-10 16:30:33.937890,23,N/A
533,2025-01-10 16:30:34.226840,17,N/A
534,2025-01-10 16:30:34.561429,51,N/A
535,2025-01-10 16:30:34.862920,10,N/A
536,2025-01-10 16:30:35.182578,44,N/A
537,2025-01-10 16:30:35.487615,12,N/A
538,2025-01-10 16:30:35.803878,39,N/A
539,2025-01-10 16:30:36.119145,30,N/A
540,2025-01-10 16:30:36.406990,20,N/A
541,2025-01-10 16:30:36.714144,23,N/A
542,2025-01-10 16:30:37.010477,20,N/A
543,2025-01-10 16:30:37.314886,16,N/A
544,2025-01-10 16:30:37.601275,13,N/A
545,2025-01-10 16:30:37.903301,13,N/A
546,2025-01-10 16:30:38.191504,16,N/A
547,2025-01-10 16:30:38.486133,15,N/A
548,2025-01-10 16:30:38.780534,27,N/A
549,2025-01-10 16:30:39.086036,18,N/A
550,2025-01-10 16:30:39.385911,32,N/A
551,2025-01-10 16:30:39.674839,17,N/A
552,2025-01-10 16:30:39.968345,24,N/A
553,2025-01-10 16:30:40.275194,16,N/A
554,2025-01-10 16:30:40.572470,22,N/A
555,2025-01-10 16:30:40.889183,30,N/A
556,2025-01-10 16:30:41.185040,23,N/A
557,2025-01-10 16:30:41.490829,17,N/A
558,2025-01-10 16:30:41.778227,15,N/A
559,2025-01-10 16:30:42.084947,17,N/A
560,2025-01-10 16:30:42.368962,13,N/A
561,2025-01-10 16:30:42.663611,24,N/A
562,2025-01-10 16:30:43.043325,19,N/A
1,2025-01-10 16:30:50.412590,1,N/A
2,2025-01-10 16:30:50.551745,1,N/A
3,2025-01-10 16:30:50.694525,2,N/A
4,2025-01-10 16:30:50.830372,1,N/A
5,2025-01-10 16:30:50.957080,1,N/A
6,2025-01-10 16:30:51.107825,0,N/A
7,2025-01-10 16:30:51.253089,2,N/A
8,2025-01-10 16:30:51.400227,1,N/A
9,2025-01-10 16:30:51.594804,0,N/A
10,2025-01-10 16:30:51.728685,1,N/A
11,2025-01-10 16:30:51.875069,1,N/A
12,2025-01-10 16:30:52.016243,1,N/A
13,2025-01-10 16:30:52.164302,1,N/A
14,2025-01-10 16:30:52.309494,3,N/A
15,2025-01-10 16:30:52.451250,1,N/A
16,2025-01-10 16:30:52.593795,1,N/A
17,2025-01-10 16:30:52.741234,1,N/A
18,2025-01-10 16:30:52.892895,3,N/A
19,2025-01-10 16:30:53.040930,1,N/A
20,2025-01-10 16:30:53.176443,1,N/A
21,2025-01-10 16:30:53.313131,1,N/A
22,2025-01-10 16:30:53.457313,3,N/A
23,2025-01-10 16:30:53.603980,3,N/A
24,2025-01-10 16:30:53.738722,2,N/A
25,2025-01-10 16:30:53.886206,2,N/A
26,2025-01-10 16:30:54.043787,1,N/A
27,2025-01-10 16:30:54.177956,1,N/A
28,2025-01-10 16:30:54.314269,2,N/A
29,2025-01-10 16:30:54.465128,2,N/A
30,2025-01-10 16:30:54.610055,1,N/A
31,2025-01-10 16:30:54.750408,1,N/A
32,2025-01-10 16:30:54.887179,2,N/A
33,2025-01-10 16:30:55.036863,1,N/A
34,2025-01-10 16:30:55.173832,1,N/A
35,2025-01-10 16:30:55.315652,1,N/A
36,2025-01-10 16:30:55.455162,1,N/A
37,2025-01-10 16:30:55.592495,3,N/A
38,2025-01-10 16:30:55.742766,3,N/A
39,2025-01-10 16:30:55.883507,2,N/A
40,2025-01-10 16:30:56.026640,2,N/A
41,2025-01-10 16:30:56.178054,4,N/A
42,2025-01-10 16:30:56.323197,4,N/A
43,2025-01-10 16:30:56.457528,1,N/A
44,2025-01-10 16:30:56.597631,2,N/A
45,2025-01-10 16:30:56.745395,4,N/A
46,2025-01-10 16:30:56.886251,1,N/A
47,2025-01-10 16:30:57.030921,3,N/A
48,2025-01-10 16:30:57.195480,4,N/A
49,2025-01-10 16:30:57.390728,3,N/A
50,2025-01-10 16:30:57.529247,3,N/A
51,2025-01-10 16:30:57.674812,6,N/A
52,2025-01-10 16:30:57.839186,10,N/A
53,2025-01-10 16:30:57.978816,1,N/A
54,2025-01-10 16:30:58.126238,5,N/A
55,2025-01-10 16:30:58.286401,5,N/A
56,2025-01-10 16:30:58.432015,2,N/A
57,2025-01-10 16:30:58.584143,4,N/A
58,2025-01-10 16:30:58.751846,8,N/A
59,2025-01-10 16:30:58.904249,3,N/A
60,2025-01-10 16:30:59.042820,2,N/A
61,2025-01-10 16:30:59.189320,9,N/A
62,2025-01-10 16:30:59.342311,8,N/A
63,2025-01-10 16:30:59.490901,6,N/A
64,2025-01-10 16:30:59.662373,12,N/A
65,2025-01-10 16:30:59.813427,11,N/A
66,2025-01-10 16:30:59.962867,6,N/A
67,2025-01-10 16:31:00.107460,8,N/A
68,2025-01-10 16:31:00.249693,2,N/A
69,2025-01-10 16:31:00.401839,7,N/A
70,2025-01-10 16:31:00.543084,4,N/A
71,2025-01-10 16:31:00.681024,2,N/A
72,2025-01-10 16:31:00.825778,7,N/A
73,2025-01-10 16:31:00.973740,3,N/A
74,2025-01-10 16:31:01.111313,4,N/A
75,2025-01-10 16:31:01.264349,4,N/A
76,2025-01-10 16:31:01.407283,1,N/A
77,2025-01-10 16:31:01.557435,9,N/A
78,2025-01-10 16:31:01.714347,9,N/A
79,2025-01-10 16:31:01.855261,6,N/A
80,2025-01-10 16:31:02.005178,6,N/A
81,2025-01-10 16:31:02.183576,16,N/A
82,2025-01-10 16:31:02.347691,15,N/A
83,2025-01-10 16:31:02.520851,13,N/A
84,2025-01-10 16:31:02.673903,10,N/A
85,2025-01-10 16:31:02.890989,8,N/A
86,2025-01-10 16:31:03.034689,9,N/A
87,2025-01-10 16:31:03.193314,12,N/A
88,2025-01-10 16:31:03.337974,3,N/A
89,2025-01-10 16:31:03.490853,15,N/A
90,2025-01-10 16:31:03.644705,9,N/A
91,2025-01-10 16:31:03.800874,8,N/A
92,2025-01-10 16:31:03.947667,8,N/A
93,2025-01-10 16:31:04.087870,4,N/A
94,2025-01-10 16:31:04.246625,14,N/A
95,2025-01-10 16:31:04.417575,12,N/A
96,2025-01-10 16:31:04.568519,8,N/A
97,2025-01-10 16:31:04.721360,6,N/A
98,2025-01-10 16:31:04.861294,5,N/A
99,2025-01-10 16:31:05.000438,2,N/A
100,2025-01-10 16:31:05.137308,3,N/A
101,2025-01-10 16:31:05.273991,7,N/A
102,2025-01-10 16:31:05.438701,13,N/A
103,2025-01-10 16:31:05.598062,13,N/A
104,2025-01-10 16:31:05.767897,13,N/A
105,2025-01-10 16:31:05.914966,6,N/A
106,2025-01-10 16:31:06.085132,10,N/A
107,2025-01-10 16:31:06.239039,9,N/A
108,2025-01-10 16:31:06.390338,13,N/A
109,2025-01-10 16:31:06.559714,14,N/A
110,2025-01-10 16:31:06.716708,11,N/A
111,2025-01-10 16:31:06.872616,9,N/A
112,2025-01-10 16:31:07.033075,8,N/A
113,2025-01-10 16:31:07.181347,8,N/A
114,2025-01-10 16:31:07.331331,11,N/A
115,2025-01-10 16:31:07.484095,6,N/A
116,2025-01-10 16:31:07.630505,17,N/A
117,2025-01-10 16:31:07.770359,5,N/A
118,2025-01-10 16:31:07.970117,5,N/A
119,2025-01-10 16:31:08.106027,1,N/A
120,2025-01-10 16:31:08.248284,3,N/A
121,2025-01-10 16:31:08.387829,3,N/A
122,2025-01-10 16:31:08.536704,11,N/A
123,2025-01-10 16:31:08.699121,24,N/A
124,2025-01-10 16:31:08.848668,11,N/A
125,2025-01-10 16:31:08.999208,12,N/A
126,2025-01-10 16:31:09.142509,13,N/A
127,2025-01-10 16:31:09.288548,6,N/A
128,2025-01-10 16:31:09.448790,6,N/A
129,2025-01-10 16:31:09.629926,13,N/A
130,2025-01-10 16:31:09.794165,12,N/A
131,2025-01-10 16:31:09.963477,2,N/A
132,2025-01-10 16:31:10.117044,14,N/A
133,2025-01-10 16:31:10.276728,10,N/A
134,2025-01-10 16:31:10.429548,9,N/A
135,2025-01-10 16:31:10.582514,13,N/A
136,2025-01-10 16:31:10.726640,5,N/A
137,2025-01-10 16:31:10.871740,9,N/A
138,2025-01-10 16:31:11.022043,20,N/A
139,2025-01-10 16:31:11.169009,20,N/A
140,2025-01-10 16:31:11.315836,12,N/A
141,2025-01-10 16:31:11.468581,13,N/A
142,2025-01-10 16:31:11.617647,13,N/A
143,2025-01-10 16:31:11.773935,14,N/A
144,2025-01-10 16:31:11.928574,13,N/A
145,2025-01-10 16:31:12.079708,14,N/A
146,2025-01-10 16:31:12.237354,21,N/A
147,2025-01-10 16:31:12.397808,19,N/A
148,2025-01-10 16:31:12.545639,10,N/A
149,2025-01-10 16:31:12.685295,11,N/A
150,2025-01-10 16:31:12.826305,5,N/A
151,2025-01-10 16:31:12.964326,2,N/A
152,2025-01-10 16:31:13.109770,8,N/A
153,2025-01-10 16:31:13.274504,29,N/A
154,2025-01-10 16:31:13.427606,16,N/A
155,2025-01-10 16:31:13.583051,17,N/A
156,2025-01-10 16:31:13.718474,10,N/A
157,2025-01-10 16:31:13.862065,6,N/A
158,2025-01-10 16:31:14.011634,10,N/A
159,2025-01-10 16:31:14.162651,14,N/A
160,2025-01-10 16:31:14.324598,22,N/A
161,2025-01-10 16:31:14.462983,5,N/A
162,2025-01-10 16:31:14.603008,6,N/A
163,2025-01-10 16:31:14.743672,4,N/A
164,2025-01-10 16:31:14.889272,10,N/A
165,2025-01-10 16:31:15.089169,4,N/A
166,2025-01-10 16:31:15.240218,12,N/A
167,2025-01-10 16:31:15.396649,13,N/A
168,2025-01-10 16:31:15.557597,18,N/A
169,2025-01-10 16:31:15.708142,8,N/A
170,2025-01-10 16:31:15.846218,4,N/A
171,2025-01-10 16:31:15.991639,7,N/A
172,2025-01-10 16:31:16.154195,23,N/A
173,2025-01-10 16:31:16.309750,18,N/A
174,2025-01-10 16:31:16.469545,14,N/A
175,2025-01-10 16:31:16.612295,8,N/A
176,2025-01-10 16:31:16.760293,8,N/A
177,2025-01-10 16:31:16.911149,12,N/A
178,2025-01-10 16:31:17.065203,13,N/A
179,2025-01-10 16:31:17.208155,8,N/A
180,2025-01-10 16:31:17.359198,14,N/A
181,2025-01-10 16:31:17.514266,16,N/A
182,2025-01-10 16:31:17.651930,5,N/A
183,2025-01-10 16:31:17.800471,16,N/A
184,2025-01-10 16:31:17.956439,17,N/A
185,2025-01-10 16:31:18.110989,11,N/A
186,2025-01-10 16:31:18.252998,5,N/A
187,2025-01-10 16:31:18.400257,9,N/A
188,2025-01-10 16:31:18.545054,7,N/A
189,2025-01-10 16:31:18.684195,4,N/A
190,2025-01-10 16:31:18.821890,14,N/A
191,2025-01-10 16:31:18.964448,6,N/A
192,2025-01-10 16:31:19.113604,12,N/A
193,2025-01-10 16:31:19.259417,13,N/A
194,2025-01-10 16:31:19.410676,18,N/A
195,2025-01-10 16:31:19.564824,19,N/A
196,2025-01-10 16:31:19.727745,27,N/A
197,2025-01-10 16:31:19.878359,13,N/A
198,2025-01-10 16:31:20.018266,7,N/A
199,2025-01-10 16:31:20.174673,17,N/A
200,2025-01-10 16:31:20.580196,25,N/A
201,2025-01-10 16:31:20.956016,17,N/A
202,2025-01-10 16:31:21.285660,11,N/A
203,2025-01-10 16:31:21.762251,18,N/A
204,2025-01-10 16:31:22.183816,14,N/A
205,2025-01-10 16:31:22.565815,13,N/A
206,2025-01-10 16:31:23.016962,15,N/A
207,2025-01-10 16:31:23.402811,7,N/A
208,2025-01-10 16:31:23.834883,19,N/A
209,2025-01-10 16:31:24.221900,13,N/A
210,2025-01-10 16:31:24.972188,11,N/A
211,2025-01-10 16:31:25.174782,18,N/A
212,2025-01-10 16:31:25.438168,9,N/A
213,2025-01-10 16:31:25.791137,15,N/A
214,2025-01-10 16:31:26.096969,7,N/A
215,2025-01-10 16:31:26.359108,7,N/A
216,2025-01-10 16:31:26.651175,13,N/A
217,2025-01-10 16:31:27.053633,16,N/A
218,2025-01-10 16:31:27.319242,13,N/A
219,2025-01-10 16:31:27.687183,14,N/A
220,2025-01-10 16:31:27.995184,20,N/A
221,2025-01-10 16:31:28.340960,14,N/A
222,2025-01-10 16:31:28.590579,21,N/A
223,2025-01-10 16:31:29.016430,19,N/A
224,2025-01-10 16:31:29.373220,11,N/A
225,2025-01-10 16:31:29.724203,23,N/A
226,2025-01-10 16:31:30.066107,15,N/A
227,2025-01-10 16:31:30.442348,16,N/A
228,2025-01-10 16:31:30.812445,16,N/A
229,2025-01-10 16:31:31.039325,4,N/A
230,2025-01-10 16:31:31.336498,10,N/A
231,2025-01-10 16:31:31.661710,13,N/A
232,2025-01-10 16:31:32.054467,14,N/A
233,2025-01-10 16:31:32.363110,20,N/A
234,2025-01-10 16:31:32.737702,11,N/A
235,2025-01-10 16:31:33.002832,10,N/A
236,2025-01-10 16:31:33.259183,3,N/A
237,2025-01-10 16:31:33.599172,18,N/A
238,2025-01-10 16:31:33.902451,9,N/A
239,2025-01-10 16:31:34.134582,8,N/A
240,2025-01-10 16:31:34.546268,24,N/A
241,2025-01-10 16:31:34.851117,25,N/A
242,2025-01-10 16:31:35.179731,20,N/A
243,2025-01-10 16:31:35.410113,3,N/A
244,2025-01-10 16:31:35.770462,8,N/A
245,2025-01-10 16:31:36.018419,3,N/A
246,2025-01-10 16:31:36.357727,6,N/A
247,2025-01-10 16:31:36.667116,13,N/A
248,2025-01-10 16:31:36.966732,2,N/A
249,2025-01-10 16:31:37.453782,10,N/A
250,2025-01-10 16:31:37.808024,19,N/A
251,2025-01-10 16:31:38.191445,17,N/A
252,2025-01-10 16:31:38.547611,29,N/A
253,2025-01-10 16:31:38.827487,24,N/A
254,2025-01-10 16:31:39.166529,13,N/A
255,2025-01-10 16:31:39.440708,16,N/A
256,2025-01-10 16:31:39.785809,12,N/A
257,2025-01-10 16:31:40.064948,19,N/A
258,2025-01-10 16:31:40.360304,2,N/A
259,2025-01-10 16:31:40.717974,7,N/A
260,2025-01-10 16:31:41.058192,9,N/A
261,2025-01-10 16:31:41.348495,10,N/A
262,2025-01-10 16:31:41.723179,18,N/A
263,2025-01-10 16:31:42.028361,17,N/A
264,2025-01-10 16:31:42.350252,26,N/A
265,2025-01-10 16:31:43.021839,21,N/A
266,2025-01-10 16:31:43.366371,17,N/A
267,2025-01-10 16:31:43.656573,5,N/A
268,2025-01-10 16:31:43.966301,14,N/A
269,2025-01-10 16:31:44.305597,16,N/A
270,2025-01-10 16:31:44.661665,22,N/A
271,2025-01-10 16:31:44.974892,25,N/A
272,2025-01-10 16:31:45.413175,38,N/A
273,2025-01-10 16:31:45.820853,20,N/A
274,2025-01-10 16:31:46.169297,18,N/A
275,2025-01-10 16:31:46.481918,19,N/A
276,2025-01-10 16:31:46.753108,16,N/A
277,2025-01-10 16:31:47.076512,9,N/A
278,2025-01-10 16:31:47.368621,7,N/A
279,2025-01-10 16:31:47.788919,10,N/A
280,2025-01-10 16:31:48.118833,13,N/A
281,2025-01-10 16:31:48.424660,9,N/A
282,2025-01-10 16:31:48.866341,27,N/A
283,2025-01-10 16:31:49.141046,10,N/A
284,2025-01-10 16:31:49.508646,20,N/A
285,2025-01-10 16:31:49.902551,18,N/A
286,2025-01-10 16:31:50.129031,15,N/A
287,2025-01-10 16:31:50.459280,15,N/A
288,2025-01-10 16:31:50.748418,15,N/A
289,2025-01-10 16:31:51.050297,15,N/A
290,2025-01-10 16:31:51.428769,14,N/A
291,2025-01-10 16:31:51.785447,13,N/A
292,2025-01-10 16:31:52.152254,29,N/A
293,2025-01-10 16:31:52.414718,14,N/A
294,2025-01-10 16:31:52.785568,15,N/A
295,2025-01-10 16:31:53.086977,13,N/A
296,2025-01-10 16:31:53.428228,23,N/A
297,2025-01-10 16:31:53.710849,28,N/A
298,2025-01-10 16:31:54.025203,26,N/A
299,2025-01-10 16:31:54.316231,5,N/A
300,2025-01-10 16:31:54.602785,14,N/A
301,2025-01-10 16:31:55.006792,19,N/A
302,2025-01-10 16:31:55.421676,36,N/A
303,2025-01-10 16:31:55.768803,19,N/A
304,2025-01-10 16:31:56.026223,18,N/A
305,2025-01-10 16:31:56.331572,12,N/A
306,2025-01-10 16:31:56.614113,19,N/A
307,2025-01-10 16:31:56.937668,13,N/A
308,2025-01-10 16:31:57.254847,11,N/A
309,2025-01-10 16:31:57.529252,11,N/A
310,2025-01-10 16:31:57.869950,23,N/A
311,2025-01-10 16:31:58.163300,7,N/A
312,2025-01-10 16:31:58.818990,23,N/A
313,2025-01-10 16:31:59.136423,10,N/A
314,2025-01-10 16:31:59.428803,9,N/A
315,2025-01-10 16:31:59.776030,11,N/A
316,2025-01-10 16:32:00.060760,14,N/A
317,2025-01-10 16:32:00.462705,21,N/A
318,2025-01-10 16:32:00.754584,12,N/A
319,2025-01-10 16:32:01.157271,9,N/A
320,2025-01-10 16:32:01.502255,20,N/A
321,2025-01-10 16:32:01.861283,13,N/A
322,2025-01-10 16:32:02.111238,9,N/A
323,2025-01-10 16:32:02.516996,22,N/A
324,2025-01-10 16:32:02.783174,15,N/A
325,2025-01-10 16:32:03.090605,13,N/A
326,2025-01-10 16:32:03.344462,6,N/A
327,2025-01-10 16:32:03.768201,34,N/A
328,2025-01-10 16:32:04.097466,27,N/A
329,2025-01-10 16:32:04.466861,22,N/A
330,2025-01-10 16:32:04.754331,11,N/A
331,2025-01-10 16:32:05.117599,16,N/A
332,2025-01-10 16:32:05.401497,6,N/A
333,2025-01-10 16:32:05.766970,9,N/A
334,2025-01-10 16:32:06.119401,14,N/A
335,2025-01-10 16:32:06.511317,13,N/A
336,2025-01-10 16:32:06.772340,6,N/A
337,2025-01-10 16:32:07.258082,28,N/A
338,2025-01-10 16:32:07.765821,36,N/A
339,2025-01-10 16:32:08.161733,13,N/A
340,2025-01-10 16:32:08.536164,23,N/A
341,2025-01-10 16:32:08.925915,15,N/A
342,2025-01-10 16:32:09.273020,26,N/A
343,2025-01-10 16:32:09.659375,27,N/A
344,2025-01-10 16:32:09.958927,29,N/A
345,2025-01-10 16:32:10.224839,11,N/A
346,2025-01-10 16:32:10.560800,21,N/A
347,2025-01-10 16:32:10.932126,16,N/A
348,2025-01-10 16:32:11.272699,13,N/A
349,2025-01-10 16:32:11.666575,28,N/A
350,2025-01-10 16:32:11.926587,13,N/A
351,2025-01-10 16:32:12.304328,27,N/A
352,2025-01-10 16:32:12.609681,16,N/A
353,2025-01-10 16:32:12.974500,13,N/A
354,2025-01-10 16:32:13.108702,10,N/A
355,2025-01-10 16:32:13.261504,17,N/A
356,2025-01-10 16:32:13.412062,15,N/A
357,2025-01-10 16:32:13.557507,12,N/A
358,2025-01-10 16:32:13.698218,18,N/A
359,2025-01-10 16:32:13.852766,21,N/A
360,2025-01-10 16:32:14.024160,36,N/A
361,2025-01-10 16:32:14.169036,12,N/A
362,2025-01-10 16:32:14.327363,28,N/A
363,2025-01-10 16:32:14.463258,15,N/A
364,2025-01-10 16:32:14.611857,27,N/A
365,2025-01-10 16:32:14.758692,18,N/A
366,2025-01-10 16:32:14.906330,30,N/A
367,2025-01-10 16:32:15.053322,29,N/A
368,2025-01-10 16:32:15.210479,33,N/A
369,2025-01-10 16:32:15.356755,14,N/A
370,2025-01-10 16:32:15.490942,12,N/A
371,2025-01-10 16:32:15.628650,16,N/A
372,2025-01-10 16:32:16.843006,13,N/A
373,2025-01-10 16:32:17.010062,13,N/A
374,2025-01-10 16:32:17.157215,6,N/A
375,2025-01-10 16:32:17.298966,3,N/A
376,2025-01-10 16:32:17.438882,2,N/A
377,2025-01-10 16:32:17.589246,16,N/A
378,2025-01-10 16:32:17.733553,7,N/A
379,2025-01-10 16:32:17.886639,21,N/A
380,2025-01-10 16:32:18.042271,18,N/A
381,2025-01-10 16:32:18.199353,18,N/A
382,2025-01-10 16:32:18.362535,25,N/A
383,2025-01-10 16:32:18.520322,22,N/A
384,2025-01-10 16:32:18.671682,12,N/A
385,2025-01-10 16:32:18.826707,16,N/A
386,2025-01-10 16:32:18.983733,19,N/A
387,2025-01-10 16:32:19.139315,14,N/A
388,2025-01-10 16:32:19.287015,26,N/A
389,2025-01-10 16:32:19.436334,11,N/A
390,2025-01-10 16:32:19.600455,25,N/A
391,2025-01-10 16:32:19.749677,10,N/A
392,2025-01-10 16:32:19.896468,11,N/A
393,2025-01-10 16:32:20.050115,14,N/A
394,2025-01-10 16:32:20.210643,22,N/A
395,2025-01-10 16:32:20.353949,5,N/A
396,2025-01-10 16:32:20.505290,14,N/A
397,2025-01-10 16:32:20.654239,14,N/A
398,2025-01-10 16:32:20.796837,23,N/A
399,2025-01-10 16:32:20.942924,7,N/A
400,2025-01-10 16:32:21.099095,16,N/A
401,2025-01-10 16:32:21.259810,18,N/A
402,2025-01-10 16:32:21.411658,12,N/A
403,2025-01-10 16:32:21.555843,8,N/A
404,2025-01-10 16:32:21.715086,21,N/A
405,2025-01-10 16:32:21.875678,20,N/A
406,2025-01-10 16:32:22.032612,20,N/A
407,2025-01-10 16:32:22.207056,29,N/A
408,2025-01-10 16:32:22.335869,8,N/A
409,2025-01-10 16:32:22.491829,15,N/A
410,2025-01-10 16:32:22.650277,20,N/A
411,2025-01-10 16:32:22.803410,11,N/A
412,2025-01-10 16:32:22.953501,13,N/A
413,2025-01-10 16:32:23.108210,21,N/A
414,2025-01-10 16:32:23.335369,19,N/A
415,2025-01-10 16:32:23.480242,11,N/A
416,2025-01-10 16:32:23.623789,7,N/A
417,2025-01-10 16:32:23.766281,8,N/A
418,2025-01-10 16:32:23.920366,21,N/A
419,2025-01-10 16:32:24.073524,17,N/A
420,2025-01-10 16:32:24.222586,13,N/A
421,2025-01-10 16:32:24.368981,29,N/A
422,2025-01-10 16:32:24.522886,19,N/A
423,2025-01-10 16:32:24.683712,29,N/A
424,2025-01-10 16:32:24.850205,33,N/A
425,2025-01-10 16:32:25.006160,20,N/A
426,2025-01-10 16:32:25.161808,16,N/A
427,2025-01-10 16:32:25.317613,18,N/A
428,2025-01-10 16:32:25.464570,11,N/A
429,2025-01-10 16:32:25.611242,9,N/A
430,2025-01-10 16:32:25.758951,11,N/A
431,2025-01-10 16:32:25.890586,11,N/A
432,2025-01-10 16:32:26.044702,14,N/A
433,2025-01-10 16:32:26.195135,14,N/A
434,2025-01-10 16:32:26.347508,19,N/A
435,2025-01-10 16:32:26.505542,23,N/A
436,2025-01-10 16:32:26.666530,25,N/A
437,2025-01-10 16:32:26.822262,19,N/A
438,2025-01-10 16:32:26.984554,25,N/A
439,2025-01-10 16:32:27.145842,28,N/A
440,2025-01-10 16:32:27.303741,22,N/A
441,2025-01-10 16:32:27.460343,20,N/A
442,2025-01-10 16:32:27.605828,9,N/A
443,2025-01-10 16:32:27.771173,30,N/A
444,2025-01-10 16:32:27.919137,27,N/A
445,2025-01-10 16:32:28.079473,21,N/A
446,2025-01-10 16:32:28.226141,10,N/A
447,2025-01-10 16:32:28.385332,22,N/A
448,2025-01-10 16:32:28.541025,16,N/A
449,2025-01-10 16:32:28.699721,19,N/A
450,2025-01-10 16:32:28.853110,17,N/A
451,2025-01-10 16:32:28.995586,7,N/A
452,2025-01-10 16:32:29.153867,24,N/A
453,2025-01-10 16:32:29.310727,23,N/A
454,2025-01-10 16:32:29.459851,30,N/A
455,2025-01-10 16:32:29.608214,15,N/A
456,2025-01-10 16:32:29.768789,22,N/A
457,2025-01-10 16:32:29.926183,28,N/A
458,2025-01-10 16:32:30.071477,13,N/A
459,2025-01-10 16:32:30.231887,20,N/A
460,2025-01-10 16:32:30.387170,18,N/A
461,2025-01-10 16:32:30.550772,25,N/A
462,2025-01-10 16:32:30.707423,22,N/A
463,2025-01-10 16:32:30.863907,21,N/A
464,2025-01-10 16:32:31.030847,29,N/A
465,2025-01-10 16:32:31.176205,8,N/A
466,2025-01-10 16:32:31.316830,4,N/A
467,2025-01-10 16:32:31.549852,20,N/A
468,2025-01-10 16:32:31.703761,22,N/A
469,2025-01-10 16:32:31.855270,15,N/A
470,2025-01-10 16:32:32.015359,22,N/A
471,2025-01-10 16:32:32.145685,6,N/A
472,2025-01-10 16:32:32.306069,28,N/A
473,2025-01-10 16:32:32.465656,24,N/A
474,2025-01-10 16:32:32.619522,16,N/A
475,2025-01-10 16:32:32.766888,11,N/A
476,2025-01-10 16:32:32.921423,20,N/A
477,2025-01-10 16:32:33.059311,16,N/A
478,2025-01-10 16:32:33.205842,11,N/A
479,2025-01-10 16:32:33.365752,17,N/A
480,2025-01-10 16:32:33.529493,29,N/A
481,2025-01-10 16:32:33.695598,31,N/A
482,2025-01-10 16:32:33.859325,28,N/A
483,2025-01-10 16:32:34.014550,31,N/A
484,2025-01-10 16:32:34.161979,29,N/A
485,2025-01-10 16:32:34.304020,18,N/A
486,2025-01-10 16:32:34.446394,21,N/A
487,2025-01-10 16:32:34.591793,25,N/A
488,2025-01-10 16:32:34.742245,31,N/A
489,2025-01-10 16:32:34.913410,34,N/A
490,2025-01-10 16:32:35.078409,29,N/A
491,2025-01-10 16:32:35.255760,37,N/A
492,2025-01-10 16:32:35.431491,21,N/A
493,2025-01-10 16:32:35.600564,29,N/A
494,2025-01-10 16:32:35.753467,18,N/A
495,2025-01-10 16:32:35.922820,31,N/A
496,2025-01-10 16:32:36.065898,3,N/A
497,2025-01-10 16:32:36.214041,8,N/A
498,2025-01-10 16:32:36.374038,24,N/A
499,2025-01-10 16:32:36.541803,28,N/A
500,2025-01-10 16:32:36.707202,30,N/A
501,2025-01-10 16:32:36.877458,31,N/A
502,2025-01-10 16:32:37.034851,20,N/A
503,2025-01-10 16:32:37.187422,15,N/A
504,2025-01-10 16:32:37.327982,17,N/A
505,2025-01-10 16:32:37.498055,27,N/A
506,2025-01-10 16:32:37.630349,12,N/A
507,2025-01-10 16:32:37.782164,13,N/A
508,2025-01-10 16:32:37.948607,32,N/A
509,2025-01-10 16:32:38.092254,7,N/A
510,2025-01-10 16:32:38.256835,24,N/A
511,2025-01-10 16:32:38.414373,20,N/A
512,2025-01-10 16:32:38.572923,19,N/A
513,2025-01-10 16:32:38.713420,21,N/A
514,2025-01-10 16:32:38.868743,18,N/A
515,2025-01-10 16:32:39.019261,11,N/A
516,2025-01-10 16:32:39.154758,13,N/A
517,2025-01-10 16:32:39.304751,9,N/A
518,2025-01-10 16:32:39.457289,14,N/A
519,2025-01-10 16:32:39.611760,18,N/A
520,2025-01-10 16:32:39.758326,13,N/A
521,2025-01-10 16:32:40.000344,17,N/A
522,2025-01-10 16:32:40.154742,21,N/A
523,2025-01-10 16:32:40.310593,17,N/A
524,2025-01-10 16:32:40.474465,24,N/A
525,2025-01-10 16:32:40.607230,10,N/A
526,2025-01-10 16:32:40.766560,21,N/A
527,2025-01-10 16:32:40.914870,5,N/A
528,2025-01-10 16:32:41.071389,15,N/A
529,2025-01-10 16:32:41.215409,5,N/A
530,2025-01-10 16:32:41.367531,13,N/A
531,2025-01-10 16:32:41.521313,13,N/A
532,2025-01-10 16:32:41.670972,31,N/A
533,2025-01-10 16:32:41.821815,13,N/A
534,2025-01-10 16:32:41.974864,17,N/A
535,2025-01-10 16:32:42.179747,28,N/A
536,2025-01-10 16:32:42.337726,20,N/A
537,2025-01-10 16:32:42.493562,20,N/A
538,2025-01-10 16:32:42.647196,13,N/A
539,2025-01-10 16:32:42.799221,16,N/A
540,2025-01-10 16:32:42.945102,6,N/A
541,2025-01-10 16:32:43.089865,7,N/A
542,2025-01-10 16:32:43.237782,10,N/A
543,2025-01-10 16:32:43.383898,7,N/A
544,2025-01-10 16:32:43.531518,9,N/A
545,2025-01-10 16:32:43.683873,12,N/A
546,2025-01-10 16:32:43.833889,12,N/A
547,2025-01-10 16:32:43.979721,10,N/A
548,2025-01-10 16:32:44.139900,25,N/A
549,2025-01-10 16:32:44.283869,7,N/A
550,2025-01-10 16:32:44.427101,4,N/A
551,2025-01-10 16:32:44.590411,23,N/A
552,2025-01-10 16:32:44.745700,14,N/A
553,2025-01-10 16:32:44.914373,26,N/A
554,2025-01-10 16:32:45.074950,27,N/A
555,2025-01-10 16:32:45.216736,21,N/A
556,2025-01-10 16:32:45.374161,23,N/A
557,2025-01-10 16:32:45.545871,31,N/A
558,2025-01-10 16:32:45.698940,15,N/A
559,2025-01-10 16:32:45.854726,19,N/A
560,2025-01-10 16:32:46.008139,16,N/A
561,2025-01-10 16:32:46.169677,25,N/A
562,2025-01-10 16:32:46.325058,19,N/A
563,2025-01-10 16:32:46.484814,22,N/A
564,2025-01-10 16:32:46.642217,28,N/A
565,2025-01-10 16:32:46.792208,16,N/A
566,2025-01-10 16:32:46.938045,13,N/A
567,2025-01-10 16:32:47.088039,12,N/A
568,2025-01-10 16:32:47.229730,18,N/A
569,2025-01-10 16:32:47.394278,24,N/A
570,2025-01-10 16:32:47.545843,16,N/A
571,2025-01-10 16:32:47.686139,2,N/A
572,2025-01-10 16:32:47.835357,11,N/A
573,2025-01-10 16:32:47.983875,12,N/A
574,2025-01-10 16:32:48.138329,18,N/A
575,2025-01-10 16:32:48.288035,13,N/A
576,2025-01-10 16:32:48.448964,23,N/A
577,2025-01-10 16:32:48.595199,9,N/A
578,2025-01-10 16:32:48.745663,14,N/A
579,2025-01-10 16:32:48.908639,26,N/A
580,2025-01-10 16:32:49.067271,22,N/A
581,2025-01-10 16:32:49.219187,13,N/A
582,2025-01-10 16:32:49.375544,17,N/A
583,2025-01-10 16:32:49.529718,15,N/A
584,2025-01-10 16:32:49.775711,17,N/A
585,2025-01-10 16:32:49.919192,6,N/A
586,2025-01-10 16:32:50.063895,24,N/A
587,2025-01-10 16:32:50.221379,19,N/A
588,2025-01-10 16:32:50.370027,9,N/A
589,2025-01-10 16:32:50.519698,13,N/A
590,2025-01-10 16:32:50.675597,18,N/A
591,2025-01-10 16:32:50.811278,15,N/A
592,2025-01-10 16:32:50.983741,38,N/A
593,2025-01-10 16:32:51.146422,24,N/A
594,2025-01-10 16:32:51.310980,28,N/A
595,2025-01-10 16:32:51.475583,23,N/A
596,2025-01-10 16:32:51.633897,19,N/A
597,2025-01-10 16:32:51.814212,43,N/A
598,2025-01-10 16:32:51.966214,16,N/A
599,2025-01-10 16:32:52.111866,12,N/A
600,2025-01-10 16:32:52.261256,13,N/A
601,2025-01-10 16:32:52.410076,12,N/A
602,2025-01-10 16:32:52.556079,10,N/A
603,2025-01-10 16:32:52.707438,26,N/A
604,2025-01-10 16:32:52.862666,34,N/A
605,2025-01-10 16:32:53.022982,23,N/A
606,2025-01-10 16:32:53.183921,29,N/A
607,2025-01-10 16:32:53.340599,21,N/A
608,2025-01-10 16:32:53.485489,9,N/A
609,2025-01-10 16:32:53.635954,11,N/A
610,2025-01-10 16:32:53.794992,23,N/A
611,2025-01-10 16:32:53.950063,17,N/A
612,2025-01-10 16:32:54.083752,5,N/A
613,2025-01-10 16:32:54.236785,17,N/A
614,2025-01-10 16:32:54.375589,15,N/A
615,2025-01-10 16:32:54.529119,18,N/A
616,2025-01-10 16:32:54.685133,18,N/A
617,2025-01-10 16:32:54.845446,23,N/A
618,2025-01-10 16:32:54.993954,13,N/A
619,2025-01-10 16:32:55.142255,14,N/A
620,2025-01-10 16:32:55.293792,15,N/A
621,2025-01-10 16:32:55.455940,26,N/A
622,2025-01-10 16:32:55.611055,24,N/A
623,2025-01-10 16:32:55.754755,9,N/A
624,2025-01-10 16:32:55.889335,14,N/A
625,2025-01-10 16:32:56.043235,19,N/A
626,2025-01-10 16:32:56.198347,21,N/A
627,2025-01-10 16:32:56.341319,5,N/A
628,2025-01-10 16:32:56.494935,13,N/A
629,2025-01-10 16:32:56.647262,13,N/A
630,2025-01-10 16:32:56.791640,7,N/A
631,2025-01-10 16:32:56.952228,23,N/A
632,2025-01-10 16:32:57.103223,11,N/A
633,2025-01-10 16:32:57.258442,18,N/A
634,2025-01-10 16:32:57.417248,39,N/A
635,2025-01-10 16:32:57.562254,11,N/A
636,2025-01-10 16:32:57.716951,21,N/A
637,2025-01-10 16:32:57.870378,19,N/A
638,2025-01-10 16:32:58.025586,19,N/A
639,2025-01-10 16:32:58.177483,19,N/A
640,2025-01-10 16:32:58.333916,23,N/A
641,2025-01-10 16:32:58.497967,32,N/A
642,2025-01-10 16:32:58.652153,19,N/A
643,2025-01-10 16:32:58.804152,16,N/A
644,2025-01-10 16:32:58.948226,20,N/A
645,2025-01-10 16:32:59.100346,16,N/A
646,2025-01-10 16:32:59.240578,25,N/A
647,2025-01-10 16:32:59.386356,10,N/A
648,2025-01-10 16:32:59.541855,19,N/A
649,2025-01-10 16:32:59.705295,27,N/A
650,2025-01-10 16:32:59.867321,30,N/A
651,2025-01-10 16:33:00.113742,12,N/A
652,2025-01-10 16:33:00.288123,40,N/A
653,2025-01-10 16:33:00.457114,29,N/A
654,2025-01-10 16:33:00.599926,5,N/A
655,2025-01-10 16:33:00.754767,17,N/A
656,2025-01-10 16:33:00.895953,2,N/A
657,2025-01-10 16:33:01.037102,22,N/A
658,2025-01-10 16:33:01.221046,45,N/A
659,2025-01-10 16:33:01.370025,12,N/A
660,2025-01-10 16:33:01.536054,30,N/A
661,2025-01-10 16:33:01.702898,35,N/A
662,2025-01-10 16:33:01.865535,25,N/A
663,2025-01-10 16:33:02.029467,24,N/A
664,2025-01-10 16:33:02.190009,23,N/A
665,2025-01-10 16:33:02.354801,27,N/A
666,2025-01-10 16:33:02.487916,11,N/A
667,2025-01-10 16:33:02.655937,33,N/A
668,2025-01-10 16:33:02.820218,29,N/A
669,2025-01-10 16:33:02.983989,28,N/A
670,2025-01-10 16:33:03.154830,36,N/A
671,2025-01-10 16:33:03.298014,24,N/A
672,2025-01-10 16:33:03.449303,30,N/A
673,2025-01-10 16:33:03.589700,22,N/A
674,2025-01-10 16:33:03.728133,17,N/A
675,2025-01-10 16:33:03.873294,24,N/A
676,2025-01-10 16:33:04.008973,14,N/A
677,2025-01-10 16:33:04.141565,16,N/A
678,2025-01-10 16:33:04.274967,13,N/A
679,2025-01-10 16:33:04.401926,5,N/A
680,2025-01-10 16:33:04.533794,12,N/A
681,2025-01-10 16:33:04.700656,28,N/A
682,2025-01-10 16:33:04.865179,26,N/A
683,2025-01-10 16:33:05.013142,11,N/A
684,2025-01-10 16:33:05.177592,28,N/A
685,2025-01-10 16:33:05.336002,21,N/A
686,2025-01-10 16:33:05.481016,25,N/A
687,2025-01-10 16:33:05.646365,28,N/A
688,2025-01-10 16:33:05.797939,16,N/A
689,2025-01-10 16:33:05.952070,21,N/A
690,2025-01-10 16:33:09.197588,29,N/A
691,2025-01-10 16:33:09.378861,26,N/A
692,2025-01-10 16:33:09.542170,23,N/A
693,2025-01-10 16:33:09.710857,30,N/A
694,2025-01-10 16:33:09.870387,23,N/A
695,2025-01-10 16:33:10.022022,13,N/A
696,2025-01-10 16:33:10.163856,20,N/A
697,2025-01-10 16:33:10.329074,29,N/A
698,2025-01-10 16:33:10.487576,19,N/A
699,2025-01-10 16:33:10.640399,13,N/A
700,2025-01-10 16:33:10.791437,14,N/A
701,2025-01-10 16:33:10.936409,4,N/A
702,2025-01-10 16:33:11.094394,17,N/A
703,2025-01-10 16:33:11.252212,21,N/A
704,2025-01-10 16:33:11.411963,19,N/A
705,2025-01-10 16:33:11.574267,28,N/A
706,2025-01-10 16:33:11.730061,16,N/A
707,2025-01-10 16:33:11.880164,14,N/A
708,2025-01-10 16:33:12.030282,11,N/A
709,2025-01-10 16:33:12.178558,7,N/A
710,2025-01-10 16:33:12.325372,8,N/A
711,2025-01-10 16:33:12.491007,29,N/A
712,2025-01-10 16:33:12.743966,13,N/A
713,2025-01-10 16:33:12.897673,15,N/A
714,2025-01-10 16:33:13.038370,18,N/A
715,2025-01-10 16:33:13.192960,14,N/A
716,2025-01-10 16:33:13.346678,11,N/A
717,2025-01-10 16:33:13.509041,23,N/A
718,2025-01-10 16:33:13.666528,17,N/A
719,2025-01-10 16:33:13.808209,21,N/A
720,2025-01-10 16:33:13.959602,12,N/A
721,2025-01-10 16:33:14.111571,35,N/A
722,2025-01-10 16:33:14.260456,8,N/A
723,2025-01-10 16:33:14.431777,31,N/A
724,2025-01-10 16:33:14.582658,28,N/A
725,2025-01-10 16:33:14.736847,14,N/A
726,2025-01-10 16:33:14.904343,23,N/A
727,2025-01-10 16:33:15.069249,30,N/A
728,2025-01-10 16:33:15.234082,23,N/A
729,2025-01-10 16:33:15.391682,19,N/A
730,2025-01-10 16:33:15.541892,6,N/A
731,2025-01-10 16:33:15.704897,25,N/A
732,2025-01-10 16:33:15.854576,9,N/A
733,2025-01-10 16:33:16.010335,15,N/A
734,2025-01-10 16:33:16.152099,19,N/A
735,2025-01-10 16:33:16.308088,10,N/A
736,2025-01-10 16:33:16.465012,13,N/A
737,2025-01-10 16:33:16.632173,22,N/A
738,2025-01-10 16:33:16.785388,10,N/A
739,2025-01-10 16:33:16.941957,12,N/A
740,2025-01-10 16:33:17.091121,9,N/A
741,2025-01-10 16:33:17.245666,10,N/A
742,2025-01-10 16:33:17.398549,10,N/A
743,2025-01-10 16:33:17.557906,17,N/A
744,2025-01-10 16:33:17.714650,13,N/A
745,2025-01-10 16:33:17.884580,31,N/A
746,2025-01-10 16:33:18.066588,40,N/A
747,2025-01-10 16:33:18.220140,12,N/A
748,2025-01-10 16:33:18.385056,25,N/A
749,2025-01-10 16:33:18.542404,19,N/A
750,2025-01-10 16:33:18.692496,31,N/A
751,2025-01-10 16:33:18.840132,27,N/A
752,2025-01-10 16:33:19.001373,20,N/A
753,2025-01-10 16:33:19.164713,27,N/A
754,2025-01-10 16:33:19.318935,14,N/A
755,2025-01-10 16:33:19.481472,18,N/A
756,2025-01-10 16:33:19.632673,11,N/A
757,2025-01-10 16:33:19.794771,20,N/A
758,2025-01-10 16:33:19.979240,39,N/A
759,2025-01-10 16:33:20.137796,25,N/A
760,2025-01-10 16:33:20.288350,9,N/A
761,2025-01-10 16:33:20.452961,28,N/A
762,2025-01-10 16:33:20.611017,20,N/A
763,2025-01-10 16:33:20.772541,20,N/A
764,2025-01-10 16:33:20.928720,15,N/A
765,2025-01-10 16:33:21.079475,9,N/A
766,2025-01-10 16:33:21.226670,22,N/A
767,2025-01-10 16:33:21.389244,20,N/A
768,2025-01-10 16:33:21.537508,8,N/A
769,2025-01-10 16:33:21.695634,15,N/A
770,2025-01-10 16:33:21.845996,9,N/A
771,2025-01-10 16:33:21.998564,9,N/A
772,2025-01-10 16:33:22.155151,15,N/A
773,2025-01-10 16:33:22.323853,24,N/A
774,2025-01-10 16:33:22.480578,18,N/A
775,2025-01-10 16:33:22.640527,19,N/A
776,2025-01-10 16:33:22.806681,30,N/A
777,2025-01-10 16:33:22.955652,7,N/A
778,2025-01-10 16:33:23.107492,11,N/A
779,2025-01-10 16:33:23.255473,26,N/A
780,2025-01-10 16:33:23.422642,29,N/A
781,2025-01-10 16:33:23.584246,25,N/A
782,2025-01-10 16:33:23.735597,13,N/A
783,2025-01-10 16:33:23.902189,32,N/A
784,2025-01-10 16:33:24.178743,25,N/A
785,2025-01-10 16:33:24.341191,26,N/A
786,2025-01-10 16:33:24.493106,27,N/A
787,2025-01-10 16:33:24.639326,25,N/A
788,2025-01-10 16:33:24.795714,15,N/A
789,2025-01-10 16:33:24.967235,34,N/A
790,2025-01-10 16:33:25.133308,27,N/A
791,2025-01-10 16:33:25.289864,18,N/A
792,2025-01-10 16:33:25.461585,41,N/A
793,2025-01-10 16:33:25.627891,26,N/A
794,2025-01-10 16:33:25.794271,30,N/A
795,2025-01-10 16:33:25.936420,18,N/A
796,2025-01-10 16:33:26.102538,29,N/A
797,2025-01-10 16:33:26.257280,14,N/A
798,2025-01-10 16:33:26.412256,14,N/A
799,2025-01-10 16:33:26.573223,17,N/A
800,2025-01-10 16:33:26.730954,17,N/A
801,2025-01-10 16:33:26.869390,20,N/A
802,2025-01-10 16:33:27.029376,17,N/A
803,2025-01-10 16:33:27.180374,9,N/A
804,2025-01-10 16:33:27.342452,19,N/A
805,2025-01-10 16:33:27.495192,13,N/A
806,2025-01-10 16:33:27.644030,7,N/A
807,2025-01-10 16:33:27.793442,6,N/A
808,2025-01-10 16:33:27.949543,13,N/A
809,2025-01-10 16:33:28.104232,14,N/A
810,2025-01-10 16:33:28.259579,13,N/A
811,2025-01-10 16:33:28.399599,19,N/A
812,2025-01-10 16:33:28.570401,28,N/A
813,2025-01-10 16:33:28.733119,20,N/A
814,2025-01-10 16:33:28.901755,27,N/A
815,2025-01-10 16:33:29.054207,10,N/A
816,2025-01-10 16:33:29.205011,33,N/A
817,2025-01-10 16:33:29.377337,29,N/A
818,2025-01-10 16:33:29.547936,31,N/A
819,2025-01-10 16:33:29.713559,23,N/A
820,2025-01-10 16:33:29.875049,23,N/A
821,2025-01-10 16:33:30.037854,26,N/A
822,2025-01-10 16:33:30.196633,15,N/A
823,2025-01-10 16:33:30.358265,20,N/A
824,2025-01-10 16:33:30.524451,27,N/A
825,2025-01-10 16:33:30.677623,14,N/A
826,2025-01-10 16:33:30.856137,40,N/A
827,2025-01-10 16:33:31.019360,23,N/A
828,2025-01-10 16:33:31.181228,29,N/A
829,2025-01-10 16:33:31.338507,19,N/A
830,2025-01-10 16:33:31.487794,11,N/A
831,2025-01-10 16:33:31.649213,21,N/A
832,2025-01-10 16:33:31.799248,7,N/A
833,2025-01-10 16:33:31.928315,6,N/A
834,2025-01-10 16:33:32.073098,3,N/A
835,2025-01-10 16:33:32.230524,16,N/A
836,2025-01-10 16:33:32.385689,11,N/A
837,2025-01-10 16:33:32.542361,15,N/A
838,2025-01-10 16:33:32.703542,25,N/A
839,2025-01-10 16:33:32.874443,31,N/A
840,2025-01-10 16:33:33.040059,27,N/A
841,2025-01-10 16:33:33.205723,30,N/A
842,2025-01-10 16:33:33.361078,13,N/A
843,2025-01-10 16:33:33.534453,36,N/A
844,2025-01-10 16:33:33.699256,31,N/A
845,2025-01-10 16:33:33.876989,32,N/A
846,2025-01-10 16:33:34.029610,12,N/A
847,2025-01-10 16:33:34.203445,30,N/A
848,2025-01-10 16:33:34.354100,11,N/A
849,2025-01-10 16:33:34.516156,25,N/A
850,2025-01-10 16:33:34.689343,31,N/A
851,2025-01-10 16:33:34.838835,8,N/A
852,2025-01-10 16:33:34.999542,22,N/A
853,2025-01-10 16:33:35.152952,14,N/A
854,2025-01-10 16:33:35.334125,46,N/A
855,2025-01-10 16:33:35.498892,25,N/A
856,2025-01-10 16:33:35.673833,34,N/A
857,2025-01-10 16:33:35.820636,9,N/A
858,2025-01-10 16:33:35.962923,22,N/A
859,2025-01-10 16:33:36.120311,20,N/A
860,2025-01-10 16:33:36.284178,26,N/A
861,2025-01-10 16:33:36.448737,25,N/A
862,2025-01-10 16:33:36.605505,16,N/A
863,2025-01-10 16:33:36.882858,23,N/A
864,2025-01-10 16:33:37.033823,16,N/A
865,2025-01-10 16:33:37.184159,12,N/A
866,2025-01-10 16:33:37.342509,14,N/A
867,2025-01-10 16:33:37.500838,19,N/A
868,2025-01-10 16:33:37.655538,16,N/A
869,2025-01-10 16:33:37.818809,22,N/A
870,2025-01-10 16:33:37.979391,22,N/A
871,2025-01-10 16:33:38.143389,24,N/A
872,2025-01-10 16:33:38.304182,22,N/A
873,2025-01-10 16:33:38.470319,27,N/A
874,2025-01-10 16:33:38.633154,27,N/A
875,2025-01-10 16:33:38.797703,26,N/A
876,2025-01-10 16:33:38.962297,25,N/A
877,2025-01-10 16:33:39.142714,35,N/A
878,2025-01-10 16:33:39.300236,18,N/A
879,2025-01-10 16:33:39.454862,15,N/A
880,2025-01-10 16:33:39.615076,22,N/A
881,2025-01-10 16:33:39.770116,17,N/A
882,2025-01-10 16:33:39.925848,17,N/A
883,2025-01-10 16:33:40.070181,22,N/A
884,2025-01-10 16:33:40.232294,22,N/A
885,2025-01-10 16:33:40.409190,37,N/A
886,2025-01-10 16:33:40.566057,16,N/A
887,2025-01-10 16:33:40.722759,17,N/A
888,2025-01-10 16:33:40.890675,31,N/A
889,2025-01-10 16:33:41.045578,15,N/A
890,2025-01-10 16:33:41.202351,16,N/A
891,2025-01-10 16:33:41.367522,24,N/A
892,2025-01-10 16:33:41.539410,31,N/A
893,2025-01-10 16:33:41.695229,15,N/A
894,2025-01-10 16:33:41.870041,36,N/A
895,2025-01-10 16:33:42.032658,21,N/A
896,2025-01-10 16:33:42.190569,13,N/A
897,2025-01-10 16:33:42.347212,17,N/A
898,2025-01-10 16:33:42.510829,20,N/A
899,2025-01-10 16:33:42.678149,28,N/A
900,2025-01-10 16:33:42.826505,6,N/A
901,2025-01-10 16:33:42.984154,19,N/A
902,2025-01-10 16:33:43.159233,32,N/A
903,2025-01-10 16:33:43.323037,25,N/A
904,2025-01-10 16:33:43.488255,22,N/A
905,2025-01-10 16:33:43.650905,21,N/A
906,2025-01-10 16:33:43.810108,20,N/A
907,2025-01-10 16:33:43.971597,19,N/A
908,2025-01-10 16:33:44.108041,17,N/A
909,2025-01-10 16:33:44.275345,30,N/A
910,2025-01-10 16:33:44.454930,45,N/A
911,2025-01-10 16:33:44.611325,35,N/A
912,2025-01-10 16:33:44.780861,32,N/A
913,2025-01-10 16:33:44.922772,20,N/A
914,2025-01-10 16:33:45.079078,37,N/A
915,2025-01-10 16:33:45.251370,32,N/A
916,2025-01-10 16:33:45.426633,38,N/A
917,2025-01-10 16:33:45.563954,18,N/A
918,2025-01-10 16:33:45.732239,26,N/A
919,2025-01-10 16:33:45.884232,10,N/A
920,2025-01-10 16:33:46.045917,20,N/A
921,2025-01-10 16:33:46.195611,10,N/A
922,2025-01-10 16:33:46.361356,25,N/A
923,2025-01-10 16:33:46.513405,10,N/A
924,2025-01-10 16:33:46.642553,7,N/A
925,2025-01-10 16:33:46.801956,21,N/A
926,2025-01-10 16:33:46.954632,12,N/A
927,2025-01-10 16:33:47.101229,6,N/A
928,2025-01-10 16:33:47.263400,23,N/A
929,2025-01-10 16:33:47.411713,8,N/A
930,2025-01-10 16:33:47.567277,11,N/A
931,2025-01-10 16:33:47.741162,36,N/A
932,2025-01-10 16:33:47.888405,9,N/A
933,2025-01-10 16:33:48.043218,17,N/A
934,2025-01-10 16:33:48.189686,26,N/A
935,2025-01-10 16:33:48.346750,19,N/A
936,2025-01-10 16:33:48.517580,31,N/A
937,2025-01-10 16:33:48.668092,10,N/A
938,2025-01-10 16:33:48.826945,22,N/A
939,2025-01-10 16:33:48.970644,23,N/A
940,2025-01-10 16:33:49.146874,37,N/A
941,2025-01-10 16:33:49.298369,11,N/A
942,2025-01-10 16:33:49.459233,20,N/A
943,2025-01-10 16:33:49.620295,25,N/A
944,2025-01-10 16:33:49.775908,15,N/A
945,2025-01-10 16:33:49.932691,15,N/A
946,2025-01-10 16:33:50.084235,9,N/A
947,2025-01-10 16:33:50.225793,16,N/A
948,2025-01-10 16:33:50.380668,18,N/A
949,2025-01-10 16:33:50.544423,24,N/A
950,2025-01-10 16:33:50.717241,34,N/A
951,2025-01-10 16:33:50.879009,18,N/A
952,2025-01-10 16:33:51.029456,9,N/A
953,2025-01-10 16:33:51.195644,27,N/A
954,2025-01-10 16:33:51.468181,11,N/A
955,2025-01-10 16:33:51.628057,20,N/A
956,2025-01-10 16:33:51.785309,16,N/A
957,2025-01-10 16:33:51.936981,13,N/A
958,2025-01-10 16:33:52.100491,24,N/A
959,2025-01-10 16:33:52.236779,15,N/A
960,2025-01-10 16:33:52.393115,15,N/A
961,2025-01-10 16:33:52.559775,30,N/A
962,2025-01-10 16:33:52.736929,32,N/A
963,2025-01-10 16:33:52.888414,10,N/A
964,2025-01-10 16:33:53.060776,31,N/A
965,2025-01-10 16:33:53.233739,23,N/A
966,2025-01-10 16:33:53.404185,29,N/A
967,2025-01-10 16:33:53.558797,13,N/A
968,2025-01-10 16:33:53.713428,13,N/A
969,2025-01-10 16:33:53.884788,30,N/A
970,2025-01-10 16:33:54.036512,11,N/A
971,2025-01-10 16:33:54.204536,25,N/A
972,2025-01-10 16:33:54.382136,31,N/A
973,2025-01-10 16:33:54.539530,19,N/A
974,2025-01-10 16:33:54.708565,28,N/A
975,2025-01-10 16:33:54.871693,25,N/A
976,2025-01-10 16:33:55.028665,17,N/A
977,2025-01-10 16:33:55.184323,16,N/A
978,2025-01-10 16:33:55.342603,16,N/A
979,2025-01-10 16:33:55.496362,15,N/A
980,2025-01-10 16:33:55.653119,15,N/A
981,2025-01-10 16:33:55.812926,22,N/A
982,2025-01-10 16:33:55.963455,8,N/A
983,2025-01-10 16:33:56.121782,18,N/A
984,2025-01-10 16:33:56.263051,21,N/A
985,2025-01-10 16:33:56.411644,8,N/A
986,2025-01-10 16:33:56.570926,18,N/A
987,2025-01-10 16:33:56.722675,11,N/A
988,2025-01-10 16:33:56.891033,30,N/A
989,2025-01-10 16:33:57.058330,24,N/A
990,2025-01-10 16:33:57.209757,8,N/A
991,2025-01-10 16:33:57.379508,30,N/A
992,2025-01-10 16:33:57.530527,7,N/A
993,2025-01-10 16:33:57.696844,26,N/A
994,2025-01-10 16:33:57.864175,28,N/A
995,2025-01-10 16:33:58.033202,32,N/A
996,2025-01-10 16:33:58.202426,27,N/A
997,2025-01-10 16:33:58.364357,18,N/A
998,2025-01-10 16:33:58.523378,19,N/A
999,2025-01-10 16:33:58.677864,10,N/A
1000,2025-01-10 16:33:58.846852,32,N/A
1001,2025-01-10 16:33:59.004437,16,N/A
1002,2025-01-10 16:33:59.176564,33,N/A
1003,2025-01-10 16:33:59.332648,11,N/A
1004,2025-01-10 16:33:59.497064,21,N/A
1005,2025-01-10 16:33:59.660249,22,N/A
1006,2025-01-10 16:33:59.813237,32,N/A
1007,2025-01-10 16:33:59.965838,9,N/A
1008,2025-01-10 16:34:00.123216,17,N/A
1009,2025-01-10 16:34:00.284313,15,N/A
1010,2025-01-10 16:34:00.456948,32,N/A
1011,2025-01-10 16:34:00.608975,10,N/A
1012,2025-01-10 16:34:00.773650,23,N/A
1013,2025-01-10 16:34:00.936776,16,N/A
1014,2025-01-10 16:34:01.087762,10,N/A
1015,2025-01-10 16:34:01.243243,16,N/A
1016,2025-01-10 16:34:01.396809,10,N/A
1017,2025-01-10 16:34:01.546694,9,N/A
1018,2025-01-10 16:34:01.709320,19,N/A
1019,2025-01-10 16:34:01.856515,23,N/A
1020,2025-01-10 16:34:02.025367,27,N/A
1021,2025-01-10 16:34:02.175884,10,N/A
1022,2025-01-10 16:34:02.333263,13,N/A
1023,2025-01-10 16:34:02.489497,14,N/A
1024,2025-01-10 16:34:02.647866,16,N/A
1025,2025-01-10 16:34:02.805174,19,N/A
1026,2025-01-10 16:34:02.955682,9,N/A
1027,2025-01-10 16:34:03.124984,28,N/A
1028,2025-01-10 16:34:03.287687,23,N/A
1029,2025-01-10 16:34:03.455174,27,N/A
1030,2025-01-10 16:34:03.634348,32,N/A
1031,2025-01-10 16:34:03.787870,14,N/A
1032,2025-01-10 16:34:03.950989,23,N/A
1033,2025-01-10 16:34:04.112735,23,N/A
1034,2025-01-10 16:34:04.286075,35,N/A
1035,2025-01-10 16:34:04.459333,32,N/A
1036,2025-01-10 16:34:04.620972,21,N/A
1037,2025-01-10 16:34:04.790184,32,N/A
1038,2025-01-10 16:34:04.950848,20,N/A
1039,2025-01-10 16:34:05.120335,26,N/A
1040,2025-01-10 16:34:05.297886,35,N/A
1041,2025-01-10 16:34:05.441502,21,N/A
1042,2025-01-10 16:34:05.587616,28,N/A
1043,2025-01-10 16:34:05.739026,11,N/A
1044,2025-01-10 16:34:05.875082,17,N/A
1045,2025-01-10 16:34:06.032137,16,N/A
1046,2025-01-10 16:34:06.199841,26,N/A
1047,2025-01-10 16:34:06.491969,22,N/A
1048,2025-01-10 16:34:06.662852,32,N/A
1049,2025-01-10 16:34:06.822392,17,N/A
1050,2025-01-10 16:34:06.991409,28,N/A
1051,2025-01-10 16:34:07.153939,20,N/A
1052,2025-01-10 16:34:07.317695,23,N/A
1053,2025-01-10 16:34:07.481251,27,N/A
1054,2025-01-10 16:34:07.643712,21,N/A
1055,2025-01-10 16:34:07.810735,22,N/A
1056,2025-01-10 16:34:07.963534,9,N/A
1057,2025-01-10 16:34:08.129152,26,N/A
1058,2025-01-10 16:34:08.278550,9,N/A
1059,2025-01-10 16:34:08.443992,24,N/A
1060,2025-01-10 16:34:08.609360,25,N/A
1061,2025-01-10 16:34:08.772369,20,N/A
1062,2025-01-10 16:34:08.942437,31,N/A
1063,2025-01-10 16:34:09.113654,30,N/A
1064,2025-01-10 16:34:09.279749,30,N/A
1065,2025-01-10 16:34:09.447934,26,N/A
1066,2025-01-10 16:34:09.602323,13,N/A
1067,2025-01-10 16:34:09.771365,25,N/A
1068,2025-01-10 16:34:09.941782,27,N/A
1069,2025-01-10 16:34:10.099714,18,N/A
1070,2025-01-10 16:34:10.280145,36,N/A
1071,2025-01-10 16:34:10.439055,19,N/A
1072,2025-01-10 16:34:10.599061,40,N/A
1073,2025-01-10 16:34:10.738549,19,N/A
1074,2025-01-10 16:34:10.909372,24,N/A
1075,2025-01-10 16:34:11.065172,15,N/A
1076,2025-01-10 16:34:11.227613,41,N/A
1077,2025-01-10 16:34:11.390680,21,N/A
1078,2025-01-10 16:34:11.536278,23,N/A
1079,2025-01-10 16:34:11.696118,19,N/A
1080,2025-01-10 16:34:11.876034,42,N/A
1081,2025-01-10 16:34:12.033858,16,N/A
1082,2025-01-10 16:34:12.192708,18,N/A
1083,2025-01-10 16:34:12.347979,13,N/A
1084,2025-01-10 16:34:12.510547,21,N/A
1085,2025-01-10 16:34:12.675401,25,N/A
1086,2025-01-10 16:34:12.832962,19,N/A
1087,2025-01-10 16:34:12.994420,21,N/A
1088,2025-01-10 16:34:13.154511,23,N/A
1089,2025-01-10 16:34:13.313579,23,N/A
1090,2025-01-10 16:34:13.471904,19,N/A
1091,2025-01-10 16:34:13.627159,14,N/A
1092,2025-01-10 16:34:13.782830,12,N/A
1093,2025-01-10 16:34:13.945483,24,N/A
1094,2025-01-10 16:34:14.100227,13,N/A
1095,2025-01-10 16:34:14.261945,20,N/A
1096,2025-01-10 16:34:14.428070,24,N/A
1097,2025-01-10 16:34:14.563504,16,N/A
1098,2025-01-10 16:34:14.723151,16,N/A
1099,2025-01-10 16:34:14.874764,13,N/A
1100,2025-01-10 16:34:15.027372,9,N/A
1101,2025-01-10 16:34:15.176328,5,N/A
1102,2025-01-10 16:34:15.338444,24,N/A
1103,2025-01-10 16:34:15.494734,17,N/A
1104,2025-01-10 16:34:15.660496,24,N/A
1105,2025-01-10 16:34:15.812433,9,N/A
1106,2025-01-10 16:34:15.968758,14,N/A
1107,2025-01-10 16:34:16.134414,26,N/A
1108,2025-01-10 16:34:16.296562,20,N/A
1109,2025-01-10 16:34:16.460919,21,N/A
1110,2025-01-10 16:34:16.600967,20,N/A
1111,2025-01-10 16:34:16.761401,22,N/A
1112,2025-01-10 16:34:16.920510,21,N/A
1113,2025-01-10 16:34:17.071451,12,N/A
1114,2025-01-10 16:34:17.246447,35,N/A
1115,2025-01-10 16:34:17.414690,29,N/A
1116,2025-01-10 16:34:17.570251,17,N/A
1117,2025-01-10 16:34:17.726081,13,N/A
1118,2025-01-10 16:34:17.884430,19,N/A
1119,2025-01-10 16:34:18.047520,25,N/A
1120,2025-01-10 16:34:18.209370,18,N/A
1121,2025-01-10 16:34:18.370731,22,N/A
1122,2025-01-10 16:34:18.527715,17,N/A
1123,2025-01-10 16:34:18.708659,37,N/A
1124,2025-01-10 16:34:18.863585,14,N/A
1125,2025-01-10 16:34:19.039603,32,N/A
1126,2025-01-10 16:34:19.194975,12,N/A
1127,2025-01-10 16:34:19.364692,29,N/A
1128,2025-01-10 16:34:19.519006,12,N/A
1129,2025-01-10 16:34:19.692762,35,N/A
1130,2025-01-10 16:34:19.858629,22,N/A
1131,2025-01-10 16:34:20.020364,23,N/A
1132,2025-01-10 16:34:20.188628,28,N/A
1133,2025-01-10 16:34:20.349337,20,N/A
1134,2025-01-10 16:34:20.481389,11,N/A
1135,2025-01-10 16:34:20.616735,15,N/A
1136,2025-01-10 16:34:20.774868,15,N/A
1137,2025-01-10 16:34:20.928063,13,N/A
1138,2025-01-10 16:34:21.113609,39,N/A
1139,2025-01-10 16:34:21.269227,14,N/A
1140,2025-01-10 16:34:21.430264,19,N/A
1141,2025-01-10 16:34:21.584435,11,N/A
1142,2025-01-10 16:34:21.750180,22,N/A
1143,2025-01-10 16:34:21.909439,14,N/A
1144,2025-01-10 16:34:22.204508,12,N/A
1145,2025-01-10 16:34:22.356874,6,N/A
1146,2025-01-10 16:34:22.524568,25,N/A
1147,2025-01-10 16:34:22.677595,9,N/A
1148,2025-01-10 16:34:22.856765,32,N/A
1149,2025-01-10 16:34:23.013610,13,N/A
1150,2025-01-10 16:34:23.181434,24,N/A
1151,2025-01-10 16:34:23.365837,43,N/A
1152,2025-01-10 16:34:23.525819,18,N/A
1153,2025-01-10 16:34:23.684434,19,N/A
1154,2025-01-10 16:34:23.855218,28,N/A
1155,2025-01-10 16:34:24.029369,34,N/A
1156,2025-01-10 16:34:24.191185,22,N/A
1157,2025-01-10 16:34:24.377218,42,N/A
1158,2025-01-10 16:34:24.546938,30,N/A
1159,2025-01-10 16:34:24.729512,42,N/A
1160,2025-01-10 16:34:24.870705,20,N/A
1161,2025-01-10 16:34:25.038470,25,N/A
1162,2025-01-10 16:34:25.219230,39,N/A
1163,2025-01-10 16:34:25.391018,24,N/A
1164,2025-01-10 16:34:25.570496,38,N/A
1165,2025-01-10 16:34:25.731902,17,N/A
1166,2025-01-10 16:34:25.896974,26,N/A
1167,2025-01-10 16:34:26.068045,27,N/A
1168,2025-01-10 16:34:26.245155,35,N/A
1169,2025-01-10 16:34:26.410919,25,N/A
1170,2025-01-10 16:34:26.569877,16,N/A
1171,2025-01-10 16:34:26.737371,28,N/A
1172,2025-01-10 16:34:26.892757,14,N/A
1173,2025-01-10 16:34:27.051150,17,N/A
1174,2025-01-10 16:34:27.209491,16,N/A
1175,2025-01-10 16:34:27.360009,29,N/A
1176,2025-01-10 16:34:27.519504,16,N/A
1177,2025-01-10 16:34:27.696172,34,N/A
1178,2025-01-10 16:34:27.859498,20,N/A
1179,2025-01-10 16:34:28.016077,18,N/A
1180,2025-01-10 16:34:28.181703,26,N/A
1181,2025-01-10 16:34:28.345663,22,N/A
1182,2025-01-10 16:34:28.510928,22,N/A
1183,2025-01-10 16:34:28.683229,30,N/A
1184,2025-01-10 16:34:28.858411,32,N/A
1185,2025-01-10 16:34:29.023212,23,N/A
1186,2025-01-10 16:34:29.180320,17,N/A
1187,2025-01-10 16:34:29.333009,11,N/A
1188,2025-01-10 16:34:29.494721,19,N/A
1189,2025-01-10 16:34:29.662582,21,N/A
1190,2025-01-10 16:34:29.823589,19,N/A
1191,2025-01-10 16:34:29.988669,23,N/A
1192,2025-01-10 16:34:30.145424,16,N/A
1193,2025-01-10 16:34:30.282160,13,N/A
1194,2025-01-10 16:34:30.455326,36,N/A
1195,2025-01-10 16:34:30.631858,36,N/A
1196,2025-01-10 16:34:30.799905,26,N/A
1197,2025-01-10 16:34:30.971089,31,N/A
1198,2025-01-10 16:34:31.128965,15,N/A
1199,2025-01-10 16:34:31.304631,34,N/A
1200,2025-01-10 16:34:31.463660,21,N/A
1201,2025-01-10 16:34:31.627261,21,N/A
1202,2025-01-10 16:34:31.791976,23,N/A
1203,2025-01-10 16:34:31.946567,13,N/A
1204,2025-01-10 16:34:32.117186,32,N/A
1205,2025-01-10 16:34:32.278796,19,N/A
1206,2025-01-10 16:34:32.441139,17,N/A
1207,2025-01-10 16:34:32.621851,34,N/A
1208,2025-01-10 16:34:32.780251,19,N/A
1209,2025-01-10 16:34:32.955230,29,N/A
1210,2025-01-10 16:34:33.124978,32,N/A
1211,2025-01-10 16:34:33.297002,32,N/A
1212,2025-01-10 16:34:33.474503,31,N/A
1213,2025-01-10 16:34:33.640370,26,N/A
1214,2025-01-10 16:34:33.813681,34,N/A
1215,2025-01-10 16:34:33.971404,15,N/A
1216,2025-01-10 16:34:34.126173,14,N/A
1217,2025-01-10 16:34:34.284506,22,N/A
1218,2025-01-10 16:34:34.448647,20,N/A
1219,2025-01-10 16:34:34.601187,11,N/A
1220,2025-01-10 16:34:34.767847,28,N/A
1221,2025-01-10 16:34:34.931561,23,N/A
1222,2025-01-10 16:34:35.092422,17,N/A
1223,2025-01-10 16:34:35.245752,10,N/A
1224,2025-01-10 16:34:35.413534,28,N/A
1225,2025-01-10 16:34:35.572018,23,N/A
1226,2025-01-10 16:34:35.735555,20,N/A
1227,2025-01-10 16:34:35.894615,19,N/A
1228,2025-01-10 16:34:36.069529,30,N/A
1229,2025-01-10 16:34:36.236792,26,N/A
1230,2025-01-10 16:34:36.409524,30,N/A
1231,2025-01-10 16:34:36.583311,32,N/A
1232,2025-01-10 16:34:36.742847,18,N/A
1233,2025-01-10 16:34:36.930347,43,N/A
1234,2025-01-10 16:34:37.095709,30,N/A
1235,2025-01-10 16:34:37.255352,12,N/A
1236,2025-01-10 16:34:37.436176,34,N/A
1237,2025-01-10 16:34:37.617084,36,N/A
1238,2025-01-10 16:34:37.775268,14,N/A
1239,2025-01-10 16:34:38.075550,13,N/A
1240,2025-01-10 16:34:38.246798,24,N/A
1241,2025-01-10 16:34:38.411000,21,N/A
1242,2025-01-10 16:34:38.573649,17,N/A
1243,2025-01-10 16:34:38.732530,15,N/A
1244,2025-01-10 16:34:38.905356,27,N/A
1245,2025-01-10 16:34:39.069206,24,N/A
1246,2025-01-10 16:34:39.240077,29,N/A
1247,2025-01-10 16:34:39.409448,28,N/A
1248,2025-01-10 16:34:39.572472,23,N/A
1249,2025-01-10 16:34:39.740603,24,N/A
1250,2025-01-10 16:34:39.897038,16,N/A
1251,2025-01-10 16:34:40.054497,15,N/A
1252,2025-01-10 16:34:40.230907,34,N/A
1253,2025-01-10 16:34:40.407410,34,N/A
1254,2025-01-10 16:34:40.584333,33,N/A
1255,2025-01-10 16:34:40.751203,25,N/A
1256,2025-01-10 16:34:40.894253,20,N/A
1257,2025-01-10 16:34:41.074153,34,N/A
1258,2025-01-10 16:34:41.223515,30,N/A
1259,2025-01-10 16:34:41.370081,31,N/A
1260,2025-01-10 16:34:41.526249,13,N/A
1261,2025-01-10 16:34:41.700067,31,N/A
1262,2025-01-10 16:34:41.862248,20,N/A
1263,2025-01-10 16:34:42.034648,29,N/A
1264,2025-01-10 16:34:42.192098,13,N/A
1265,2025-01-10 16:34:42.354175,19,N/A
1266,2025-01-10 16:34:42.518910,19,N/A
1267,2025-01-10 16:34:42.683340,20,N/A
1268,2025-01-10 16:34:42.847060,17,N/A
1269,2025-01-10 16:34:43.021223,35,N/A
1270,2025-01-10 16:34:43.178263,13,N/A
1271,2025-01-10 16:34:43.348967,29,N/A
1272,2025-01-10 16:34:43.517911,32,N/A
1273,2025-01-10 16:34:43.670392,9,N/A
1274,2025-01-10 16:34:43.850448,39,N/A
1275,2025-01-10 16:34:44.015032,21,N/A
1276,2025-01-10 16:34:44.180514,23,N/A
1277,2025-01-10 16:34:44.342909,23,N/A
1278,2025-01-10 16:34:44.499398,11,N/A
1279,2025-01-10 16:34:44.687249,42,N/A
1280,2025-01-10 16:34:44.855418,26,N/A
1281,2025-01-10 16:34:45.019281,18,N/A
1282,2025-01-10 16:34:45.187714,25,N/A
1283,2025-01-10 16:34:45.362259,29,N/A
1284,2025-01-10 16:34:45.529655,25,N/A
1285,2025-01-10 16:34:45.697087,28,N/A
1286,2025-01-10 16:34:45.853008,13,N/A
1287,2025-01-10 16:34:46.012965,18,N/A
1288,2025-01-10 16:34:46.201268,42,N/A
1289,2025-01-10 16:34:46.377332,32,N/A
1290,2025-01-10 16:34:46.526131,30,N/A
1291,2025-01-10 16:34:46.679915,11,N/A
1292,2025-01-10 16:34:46.866999,46,N/A
1293,2025-01-10 16:34:47.026269,17,N/A
1294,2025-01-10 16:34:47.201262,37,N/A
1295,2025-01-10 16:34:47.362960,23,N/A
1296,2025-01-10 16:34:47.544620,38,N/A
1297,2025-01-10 16:34:47.727720,40,N/A
1298,2025-01-10 16:34:47.890010,20,N/A
1299,2025-01-10 16:34:48.068566,35,N/A
1300,2025-01-10 16:34:48.248897,39,N/A
1301,2025-01-10 16:34:48.413749,19,N/A
1302,2025-01-10 16:34:48.590905,36,N/A
1303,2025-01-10 16:34:48.763762,29,N/A
1304,2025-01-10 16:34:48.926163,15,N/A
1305,2025-01-10 16:34:49.084462,15,N/A
1306,2025-01-10 16:34:49.242944,15,N/A
1307,2025-01-10 16:34:49.412945,26,N/A
1308,2025-01-10 16:34:49.578675,25,N/A
1309,2025-01-10 16:34:49.746788,29,N/A
1310,2025-01-10 16:34:49.913780,24,N/A
1311,2025-01-10 16:34:50.072109,16,N/A
1312,2025-01-10 16:34:50.230991,17,N/A
1313,2025-01-10 16:34:50.413766,47,N/A
1314,2025-01-10 16:34:50.572102,18,N/A
1315,2025-01-10 16:34:50.732753,18,N/A
1316,2025-01-10 16:34:50.901297,24,N/A
1317,2025-01-10 16:34:51.072195,28,N/A
1318,2025-01-10 16:34:51.222605,30,N/A
1319,2025-01-10 16:34:51.403192,32,N/A
1320,2025-01-10 16:34:51.542444,20,N/A
1321,2025-01-10 16:34:51.684610,21,N/A
1322,2025-01-10 16:34:51.853418,25,N/A
1323,2025-01-10 16:34:52.003780,7,N/A
1324,2025-01-10 16:34:52.172552,24,N/A
1325,2025-01-10 16:34:52.330440,17,N/A
1326,2025-01-10 16:34:52.479122,30,N/A
1327,2025-01-10 16:34:52.658509,39,N/A
1328,2025-01-10 16:34:52.837741,37,N/A
1329,2025-01-10 16:34:52.988149,7,N/A
1330,2025-01-10 16:34:53.144307,12,N/A
1331,2025-01-10 16:34:53.295623,8,N/A
1332,2025-01-10 16:34:53.470188,37,N/A
1333,2025-01-10 16:34:53.631637,18,N/A
1334,2025-01-10 16:34:53.794550,20,N/A
1335,2025-01-10 16:34:53.956368,18,N/A
1336,2025-01-10 16:34:54.116294,17,N/A
1337,2025-01-10 16:34:54.259643,22,N/A
1338,2025-01-10 16:34:54.422131,22,N/A
1339,2025-01-10 16:34:54.734040,8,N/A
1340,2025-01-10 16:34:54.903145,23,N/A
1341,2025-01-10 16:34:55.059360,12,N/A
1342,2025-01-10 16:34:55.225564,20,N/A
1343,2025-01-10 16:34:55.395658,31,N/A
1344,2025-01-10 16:34:55.557208,14,N/A
1345,2025-01-10 16:34:55.720482,19,N/A
1346,2025-01-10 16:34:55.874150,8,N/A
1347,2025-01-10 16:34:56.022149,28,N/A
1348,2025-01-10 16:34:56.200531,34,N/A
1349,2025-01-10 16:34:56.379488,36,N/A
1350,2025-01-10 16:34:56.547019,43,N/A
1351,2025-01-10 16:34:56.688831,25,N/A
1352,2025-01-10 16:34:56.842983,36,N/A
1353,2025-01-10 16:34:57.029116,41,N/A
1354,2025-01-10 16:34:57.203654,36,N/A
1355,2025-01-10 16:34:57.343532,23,N/A
1356,2025-01-10 16:34:57.517691,30,N/A
1357,2025-01-10 16:34:57.685636,21,N/A
1358,2025-01-10 16:34:57.845302,15,N/A
1359,2025-01-10 16:34:58.000179,31,N/A
1360,2025-01-10 16:34:58.167054,24,N/A
1361,2025-01-10 16:34:58.340393,31,N/A
1362,2025-01-10 16:34:58.494569,9,N/A
1363,2025-01-10 16:34:58.666624,31,N/A
1364,2025-01-10 16:34:58.846343,37,N/A
1365,2025-01-10 16:34:59.013552,24,N/A
1366,2025-01-10 16:34:59.183666,26,N/A
1367,2025-01-10 16:34:59.345864,20,N/A
1368,2025-01-10 16:34:59.511450,21,N/A
1369,2025-01-10 16:34:59.685847,30,N/A
1370,2025-01-10 16:34:59.859671,29,N/A
1371,2025-01-10 16:35:00.023867,21,N/A
1372,2025-01-10 16:35:00.196215,27,N/A
1373,2025-01-10 16:35:00.353390,15,N/A
1374,2025-01-10 16:35:00.519235,21,N/A
1375,2025-01-10 16:35:00.696806,29,N/A
1376,2025-01-10 16:35:00.870153,29,N/A
1377,2025-01-10 16:35:01.038841,28,N/A
1378,2025-01-10 16:35:01.200077,16,N/A
1379,2025-01-10 16:35:01.351365,7,N/A
1380,2025-01-10 16:35:01.522185,30,N/A
1381,2025-01-10 16:35:01.687638,21,N/A
1382,2025-01-10 16:35:01.839875,7,N/A
1383,2025-01-10 16:35:02.004752,26,N/A
1384,2025-01-10 16:35:02.180841,35,N/A
1385,2025-01-10 16:35:02.343027,18,N/A
1386,2025-01-10 16:35:02.520006,35,N/A
1387,2025-01-10 16:35:02.677438,12,N/A
1388,2025-01-10 16:35:02.846316,21,N/A
1389,2025-01-10 16:35:03.015612,26,N/A
1390,2025-01-10 16:35:03.157662,25,N/A
1391,2025-01-10 16:35:03.316194,12,N/A
1392,2025-01-10 16:35:03.469879,9,N/A
1393,2025-01-10 16:35:03.637780,28,N/A
1394,2025-01-10 16:35:03.812634,33,N/A
1395,2025-01-10 16:35:03.992109,38,N/A
1396,2025-01-10 16:35:04.159861,26,N/A
1397,2025-01-10 16:35:04.327755,21,N/A
1398,2025-01-10 16:35:04.504971,36,N/A
1399,2025-01-10 16:35:04.665387,17,N/A
1400,2025-01-10 16:35:04.842845,35,N/A
1401,2025-01-10 16:35:05.001394,15,N/A
1402,2025-01-10 16:35:05.159507,13,N/A
1403,2025-01-10 16:35:05.343019,40,N/A
1404,2025-01-10 16:35:05.504542,16,N/A
1405,2025-01-10 16:35:05.663871,16,N/A
1406,2025-01-10 16:35:05.839856,34,N/A
1407,2025-01-10 16:35:05.996556,9,N/A
1408,2025-01-10 16:35:06.182009,36,N/A
1409,2025-01-10 16:35:06.336184,10,N/A
1410,2025-01-10 16:35:06.491899,9,N/A
1411,2025-01-10 16:35:06.664997,27,N/A
1412,2025-01-10 16:35:06.825333,15,N/A
1413,2025-01-10 16:35:06.982016,13,N/A
1414,2025-01-10 16:35:07.135061,8,N/A
1415,2025-01-10 16:35:07.297203,17,N/A
1416,2025-01-10 16:35:07.468052,17,N/A
1417,2025-01-10 16:35:07.633234,19,N/A
1418,2025-01-10 16:35:07.803654,22,N/A
1419,2025-01-10 16:35:07.969491,19,N/A
1420,2025-01-10 16:35:08.134563,18,N/A
1421,2025-01-10 16:35:08.308803,31,N/A
1422,2025-01-10 16:35:08.470933,21,N/A
1423,2025-01-10 16:35:08.638879,28,N/A
1424,2025-01-10 16:35:08.820509,35,N/A
1425,2025-01-10 16:35:08.984731,20,N/A
1426,2025-01-10 16:35:09.156417,28,N/A
1427,2025-01-10 16:35:09.320660,21,N/A
1428,2025-01-10 16:35:09.497238,34,N/A
1429,2025-01-10 16:35:09.663914,25,N/A
1430,2025-01-10 16:35:09.815896,5,N/A
1431,2025-01-10 16:35:09.995716,32,N/A
1432,2025-01-10 16:35:10.153576,14,N/A
1433,2025-01-10 16:35:10.318030,21,N/A
1434,2025-01-10 16:35:10.482353,17,N/A
1435,2025-01-10 16:35:10.650470,23,N/A
1436,2025-01-10 16:35:10.817666,19,N/A
1437,2025-01-10 16:35:10.977796,20,N/A
1438,2025-01-10 16:35:11.139215,18,N/A
1439,2025-01-10 16:35:11.301422,18,N/A
1440,2025-01-10 16:35:11.463912,16,N/A
1441,2025-01-10 16:35:11.613106,31,N/A
1442,2025-01-10 16:35:11.786161,27,N/A
1443,2025-01-10 16:35:11.945664,12,N/A
1444,2025-01-10 16:35:12.104713,15,N/A
1445,2025-01-10 16:35:12.437027,14,N/A
1446,2025-01-10 16:35:12.602669,9,N/A
1447,2025-01-10 16:35:12.759760,11,N/A
1448,2025-01-10 16:35:12.929757,24,N/A
1449,2025-01-10 16:35:13.102323,28,N/A
1450,2025-01-10 16:35:13.271360,21,N/A
1451,2025-01-10 16:35:13.440571,20,N/A
1452,2025-01-10 16:35:13.616168,27,N/A
1453,2025-01-10 16:35:13.782693,17,N/A
1454,2025-01-10 16:35:13.945475,16,N/A
1455,2025-01-10 16:35:14.111089,21,N/A
1456,2025-01-10 16:35:14.271254,16,N/A
1457,2025-01-10 16:35:14.449911,34,N/A
1458,2025-01-10 16:35:14.622258,28,N/A
1459,2025-01-10 16:35:14.803367,39,N/A
1460,2025-01-10 16:35:14.968103,21,N/A
1461,2025-01-10 16:35:15.138930,29,N/A
1462,2025-01-10 16:35:15.292977,5,N/A
1463,2025-01-10 16:35:15.461684,25,N/A
1464,2025-01-10 16:35:15.634769,28,N/A
1465,2025-01-10 16:35:15.812176,36,N/A
1466,2025-01-10 16:35:15.984764,27,N/A
1467,2025-01-10 16:35:16.147876,41,N/A
1468,2025-01-10 16:35:16.301450,9,N/A
1469,2025-01-10 16:35:16.466669,20,N/A
1470,2025-01-10 16:35:16.630613,19,N/A
1471,2025-01-10 16:35:16.790916,15,N/A
1472,2025-01-10 16:35:16.931110,16,N/A
1473,2025-01-10 16:35:17.087474,10,N/A
1474,2025-01-10 16:35:17.259770,30,N/A
1475,2025-01-10 16:35:17.428578,27,N/A
1476,2025-01-10 16:35:17.583536,8,N/A
1477,2025-01-10 16:35:17.753835,33,N/A
1478,2025-01-10 16:35:17.917468,15,N/A
1479,2025-01-10 16:35:18.094819,31,N/A
1480,2025-01-10 16:35:18.269804,32,N/A
1481,2025-01-10 16:35:18.422233,5,N/A
1482,2025-01-10 16:35:18.582373,17,N/A
1483,2025-01-10 16:35:18.747268,19,N/A
1484,2025-01-10 16:35:18.919842,31,N/A
1485,2025-01-10 16:35:19.092658,31,N/A
1486,2025-01-10 16:35:19.273465,33,N/A
1487,2025-01-10 16:35:19.437654,17,N/A
1488,2025-01-10 16:35:19.593108,9,N/A
1489,2025-01-10 16:35:19.751441,14,N/A
1490,2025-01-10 16:35:19.916511,23,N/A
1491,2025-01-10 16:35:20.079498,21,N/A
1492,2025-01-10 16:35:20.248488,24,N/A
1493,2025-01-10 16:35:20.409779,17,N/A
1494,2025-01-10 16:35:20.568079,9,N/A
1495,2025-01-10 16:35:20.737108,25,N/A
1496,2025-01-10 16:35:20.890453,4,N/A
1497,2025-01-10 16:35:21.060446,24,N/A
1498,2025-01-10 16:35:21.228591,26,N/A
1499,2025-01-10 16:35:21.388936,13,N/A
1500,2025-01-10 16:35:21.563957,28,N/A
1501,2025-01-10 16:35:21.732430,29,N/A
1502,2025-01-10 16:35:21.900251,23,N/A
1503,2025-01-10 16:35:22.058698,14,N/A
1504,2025-01-10 16:35:22.188956,12,N/A
1505,2025-01-10 16:35:22.350535,21,N/A
1506,2025-01-10 16:35:22.508278,12,N/A
1507,2025-01-10 16:35:22.674278,25,N/A
1508,2025-01-10 16:35:22.843112,31,N/A
1509,2025-01-10 16:35:23.009822,21,N/A
1510,2025-01-10 16:35:23.177542,25,N/A
1511,2025-01-10 16:35:23.334633,11,N/A
1512,2025-01-10 16:35:23.502651,23,N/A
1513,2025-01-10 16:35:23.676482,34,N/A
1514,2025-01-10 16:35:23.840557,20,N/A
1515,2025-01-10 16:35:24.010923,27,N/A
1516,2025-01-10 16:35:24.177987,22,N/A
1517,2025-01-10 16:35:24.358534,39,N/A
1518,2025-01-10 16:35:24.527744,27,N/A
1519,2025-01-10 16:35:24.690147,16,N/A
1520,2025-01-10 16:35:24.855270,21,N/A
1521,2025-01-10 16:35:25.026753,28,N/A
1522,2025-01-10 16:35:25.202939,35,N/A
1523,2025-01-10 16:35:25.366873,16,N/A
1524,2025-01-10 16:35:25.528507,19,N/A
1525,2025-01-10 16:35:25.697325,27,N/A
1526,2025-01-10 16:35:25.876497,32,N/A
1527,2025-01-10 16:35:26.053558,33,N/A
1528,2025-01-10 16:35:26.233147,32,N/A
1529,2025-01-10 16:35:26.373841,20,N/A
1530,2025-01-10 16:35:26.540249,22,N/A
1531,2025-01-10 16:35:26.700753,22,N/A
1532,2025-01-10 16:35:26.872041,29,N/A
1533,2025-01-10 16:35:27.047332,29,N/A
1534,2025-01-10 16:35:27.213577,22,N/A
1535,2025-01-10 16:35:27.371573,9,N/A
1536,2025-01-10 16:35:27.503065,13,N/A
1537,2025-01-10 16:35:27.670325,19,N/A
1538,2025-01-10 16:35:27.841860,25,N/A
1539,2025-01-10 16:35:28.013917,27,N/A
1540,2025-01-10 16:35:28.173712,14,N/A
1541,2025-01-10 16:35:28.346176,28,N/A
1542,2025-01-10 16:35:28.502805,9,N/A
1543,2025-01-10 16:35:28.663637,18,N/A
1544,2025-01-10 16:35:28.830679,20,N/A
1545,2025-01-10 16:35:28.996051,17,N/A
1546,2025-01-10 16:35:29.157207,18,N/A
1547,2025-01-10 16:35:29.343189,38,N/A
1548,2025-01-10 16:35:29.525132,33,N/A
1549,2025-01-10 16:35:29.695635,25,N/A
1550,2025-01-10 16:35:29.864020,21,N/A
1551,2025-01-10 16:35:30.028302,16,N/A
1552,2025-01-10 16:35:30.191180,18,N/A
1553,2025-01-10 16:35:30.359844,20,N/A
1554,2025-01-10 16:35:30.529308,22,N/A
1555,2025-01-10 16:35:30.691911,18,N/A
1556,2025-01-10 16:35:30.852449,13,N/A
1557,2025-01-10 16:35:31.029027,37,N/A
1558,2025-01-10 16:35:31.374048,18,N/A
1559,2025-01-10 16:35:31.536923,8,N/A
1560,2025-01-10 16:35:31.703651,19,N/A
1561,2025-01-10 16:35:31.876225,25,N/A
1562,2025-01-10 16:35:32.042794,21,N/A
1563,2025-01-10 16:35:32.216511,25,N/A
1564,2025-01-10 16:35:32.361959,26,N/A
1565,2025-01-10 16:35:32.545033,35,N/A
1566,2025-01-10 16:35:32.704702,11,N/A
1567,2025-01-10 16:35:32.875682,27,N/A
1568,2025-01-10 16:35:33.017881,19,N/A
1569,2025-01-10 16:35:33.191413,32,N/A
1570,2025-01-10 16:35:33.349296,8,N/A
1571,2025-01-10 16:35:33.539059,36,N/A
1572,2025-01-10 16:35:33.705698,23,N/A
1573,2025-01-10 16:35:33.884856,34,N/A
1574,2025-01-10 16:35:34.050907,21,N/A
1575,2025-01-10 16:35:34.231832,32,N/A
1576,2025-01-10 16:35:34.411577,36,N/A
1577,2025-01-10 16:35:34.590514,32,N/A
1578,2025-01-10 16:35:34.761804,25,N/A
1579,2025-01-10 16:35:34.934858,30,N/A
1580,2025-01-10 16:35:35.108701,28,N/A
1581,2025-01-10 16:35:35.293076,38,N/A
1582,2025-01-10 16:35:35.467062,28,N/A
1583,2025-01-10 16:35:35.655693,36,N/A
1584,2025-01-10 16:35:35.830572,30,N/A
1585,2025-01-10 16:35:35.993208,38,N/A
1586,2025-01-10 16:35:36.179941,40,N/A
1587,2025-01-10 16:35:36.359873,31,N/A
1588,2025-01-10 16:35:36.530701,48,N/A
1589,2025-01-10 16:35:36.687111,38,N/A
1590,2025-01-10 16:35:36.859870,32,N/A
1591,2025-01-10 16:35:37.028768,22,N/A
1592,2025-01-10 16:35:37.202764,24,N/A
1593,2025-01-10 16:35:37.369779,23,N/A
1594,2025-01-10 16:35:37.531948,14,N/A
1595,2025-01-10 16:35:37.696245,15,N/A
1596,2025-01-10 16:35:37.864071,29,N/A
1597,2025-01-10 16:35:38.028321,17,N/A
1598,2025-01-10 16:35:38.195683,18,N/A
1599,2025-01-10 16:35:38.374198,35,N/A
1600,2025-01-10 16:35:38.522402,30,N/A
1601,2025-01-10 16:35:38.688197,21,N/A
1602,2025-01-10 16:35:38.854732,21,N/A
1603,2025-01-10 16:35:39.017670,20,N/A
1604,2025-01-10 16:35:39.190548,30,N/A
1605,2025-01-10 16:35:39.362135,32,N/A
1606,2025-01-10 16:35:39.538333,33,N/A
1607,2025-01-10 16:35:39.705572,23,N/A
1608,2025-01-10 16:35:39.884924,31,N/A
1609,2025-01-10 16:35:40.043825,11,N/A
1610,2025-01-10 16:35:40.198414,9,N/A
1611,2025-01-10 16:35:40.370381,24,N/A
1612,2025-01-10 16:35:40.549807,33,N/A
1613,2025-01-10 16:35:40.713767,18,N/A
1614,2025-01-10 16:35:40.882106,25,N/A
1615,2025-01-10 16:35:41.035785,7,N/A
1616,2025-01-10 16:35:41.211668,31,N/A
1617,2025-01-10 16:35:41.400188,39,N/A
1618,2025-01-10 16:35:41.572399,27,N/A
1619,2025-01-10 16:35:41.749335,35,N/A
1620,2025-01-10 16:35:41.926588,28,N/A
1621,2025-01-10 16:35:42.097418,26,N/A
1622,2025-01-10 16:35:42.287799,42,N/A
1623,2025-01-10 16:35:42.462827,33,N/A
1624,2025-01-10 16:35:42.615667,30,N/A
1625,2025-01-10 16:35:42.776611,17,N/A
1626,2025-01-10 16:35:42.957503,37,N/A
1627,2025-01-10 16:35:43.119393,15,N/A
1628,2025-01-10 16:35:43.280749,13,N/A
1629,2025-01-10 16:35:43.461145,37,N/A
1630,2025-01-10 16:35:43.642746,34,N/A
1631,2025-01-10 16:35:43.820970,35,N/A
1632,2025-01-10 16:35:43.986730,18,N/A
1633,2025-01-10 16:35:44.146531,12,N/A
1634,2025-01-10 16:35:44.309104,16,N/A
1635,2025-01-10 16:35:44.483787,27,N/A
1636,2025-01-10 16:35:44.654925,24,N/A
1637,2025-01-10 16:35:44.820379,24,N/A
1638,2025-01-10 16:35:45.006949,45,N/A
1639,2025-01-10 16:35:45.174924,21,N/A
1640,2025-01-10 16:35:45.366046,41,N/A
1641,2025-01-10 16:35:45.546514,38,N/A
1642,2025-01-10 16:35:45.693256,28,N/A
1643,2025-01-10 16:35:45.861283,26,N/A
1644,2025-01-10 16:35:46.031868,24,N/A
1645,2025-01-10 16:35:46.206546,26,N/A
1646,2025-01-10 16:35:46.368299,14,N/A
1647,2025-01-10 16:35:46.526608,11,N/A
1648,2025-01-10 16:35:46.691656,20,N/A
1649,2025-01-10 16:35:46.865153,25,N/A
1650,2025-01-10 16:35:47.024981,17,N/A
1651,2025-01-10 16:35:47.191275,18,N/A
1652,2025-01-10 16:35:47.378607,36,N/A
1653,2025-01-10 16:35:47.542239,16,N/A
1654,2025-01-10 16:35:47.716124,30,N/A
1655,2025-01-10 16:35:47.891848,32,N/A
1656,2025-01-10 16:35:48.053236,18,N/A
1657,2025-01-10 16:35:48.220571,23,N/A
1658,2025-01-10 16:35:48.384882,18,N/A
1659,2025-01-10 16:35:48.538714,5,N/A
1660,2025-01-10 16:35:48.714112,29,N/A
1661,2025-01-10 16:35:48.874726,15,N/A
1662,2025-01-10 16:35:49.041359,23,N/A
1663,2025-01-10 16:35:49.222974,38,N/A
1664,2025-01-10 16:35:49.389120,23,N/A
1665,2025-01-10 16:35:49.561119,26,N/A
1666,2025-01-10 16:35:49.915291,13,N/A
1667,2025-01-10 16:35:50.078419,6,N/A
1668,2025-01-10 16:35:50.261536,36,N/A
1669,2025-01-10 16:35:50.431952,22,N/A
1670,2025-01-10 16:35:50.598179,18,N/A
1671,2025-01-10 16:35:50.770091,27,N/A
1672,2025-01-10 16:35:50.945698,27,N/A
1673,2025-01-10 16:35:51.105820,14,N/A
1674,2025-01-10 16:35:51.276819,22,N/A
1675,2025-01-10 16:35:51.457256,29,N/A
1676,2025-01-10 16:35:51.621650,17,N/A
1677,2025-01-10 16:35:51.804793,35,N/A
1678,2025-01-10 16:35:51.960008,6,N/A
1679,2025-01-10 16:35:52.140523,34,N/A
1680,2025-01-10 16:35:52.295094,6,N/A
1681,2025-01-10 16:35:52.461479,19,N/A
1682,2025-01-10 16:35:52.619976,11,N/A
1683,2025-01-10 16:35:52.792735,27,N/A
1684,2025-01-10 16:35:52.954347,12,N/A
1685,2025-01-10 16:35:53.125425,24,N/A
1686,2025-01-10 16:35:53.305429,32,N/A
1687,2025-01-10 16:35:53.480831,27,N/A
1688,2025-01-10 16:35:53.639167,12,N/A
1689,2025-01-10 16:35:53.814173,26,N/A
1690,2025-01-10 16:35:53.987044,25,N/A
1691,2025-01-10 16:35:54.161592,31,N/A
1692,2025-01-10 16:35:54.338219,30,N/A
1693,2025-01-10 16:35:54.506335,22,N/A
1694,2025-01-10 16:35:54.679710,27,N/A
1695,2025-01-10 16:35:54.870320,44,N/A
1696,2025-01-10 16:35:55.037909,21,N/A
1697,2025-01-10 16:35:55.222058,34,N/A
1698,2025-01-10 16:35:55.401690,30,N/A
1699,2025-01-10 16:35:55.568137,19,N/A
1700,2025-01-10 16:35:55.730249,15,N/A
1701,2025-01-10 16:35:55.900996,25,N/A
1702,2025-01-10 16:35:56.066026,22,N/A
1703,2025-01-10 16:35:56.236120,24,N/A
1704,2025-01-10 16:35:56.429612,42,N/A
1705,2025-01-10 16:35:56.582005,30,N/A
1706,2025-01-10 16:35:56.751676,25,N/A
1707,2025-01-10 16:35:56.921551,24,N/A
1708,2025-01-10 16:35:57.086773,18,N/A
1709,2025-01-10 16:35:57.253913,22,N/A
1710,2025-01-10 16:35:57.421079,19,N/A
1711,2025-01-10 16:35:57.592478,24,N/A
1712,2025-01-10 16:35:57.769393,28,N/A
1713,2025-01-10 16:35:57.958135,36,N/A
1714,2025-01-10 16:35:58.107170,29,N/A
1715,2025-01-10 16:35:58.290946,32,N/A
1716,2025-01-10 16:35:58.452749,16,N/A
1717,2025-01-10 16:35:58.616460,12,N/A
1718,2025-01-10 16:35:58.783619,19,N/A
1719,2025-01-10 16:35:58.954017,24,N/A
1720,2025-01-10 16:35:59.117406,17,N/A
1721,2025-01-10 16:35:59.286271,22,N/A
1722,2025-01-10 16:35:59.450034,16,N/A
1723,2025-01-10 16:35:59.624222,24,N/A
1724,2025-01-10 16:35:59.790754,20,N/A
1725,2025-01-10 16:35:59.958341,22,N/A
1726,2025-01-10 16:36:00.118040,13,N/A
1727,2025-01-10 16:36:00.290287,24,N/A
1728,2025-01-10 16:36:00.455560,18,N/A
1729,2025-01-10 16:36:00.625408,27,N/A
1730,2025-01-10 16:36:00.811449,41,N/A
1731,2025-01-10 16:36:00.968355,9,N/A
1732,2025-01-10 16:36:01.133197,18,N/A
1733,2025-01-10 16:36:01.300497,19,N/A
1734,2025-01-10 16:36:01.471102,24,N/A
1735,2025-01-10 16:36:01.637894,21,N/A
1736,2025-01-10 16:36:01.801000,14,N/A
1737,2025-01-10 16:36:01.959603,9,N/A
1738,2025-01-10 16:36:02.116032,7,N/A
1739,2025-01-10 16:36:02.258546,19,N/A
1740,2025-01-10 16:36:02.424694,15,N/A
1741,2025-01-10 16:36:02.601021,28,N/A
1742,2025-01-10 16:36:02.762859,14,N/A
1743,2025-01-10 16:36:02.929016,18,N/A
1744,2025-01-10 16:36:03.094493,18,N/A
1745,2025-01-10 16:36:03.275042,30,N/A
1746,2025-01-10 16:36:03.440846,18,N/A
1747,2025-01-10 16:36:03.624081,39,N/A
1748,2025-01-10 16:36:03.778662,40,N/A
1749,2025-01-10 16:36:03.938028,11,N/A
1750,2025-01-10 16:36:04.108155,24,N/A
1751,2025-01-10 16:36:04.278981,24,N/A
1752,2025-01-10 16:36:04.460029,33,N/A
1753,2025-01-10 16:36:04.620016,13,N/A
1754,2025-01-10 16:36:04.804027,39,N/A
1755,2025-01-10 16:36:04.968385,21,N/A
1756,2025-01-10 16:36:05.141780,25,N/A
1757,2025-01-10 16:36:05.309175,20,N/A
1758,2025-01-10 16:36:05.473074,15,N/A
1759,2025-01-10 16:36:05.650631,32,N/A
1760,2025-01-10 16:36:05.816058,15,N/A
1761,2025-01-10 16:36:05.948075,13,N/A
1762,2025-01-10 16:36:06.117283,21,N/A
1763,2025-01-10 16:36:06.296156,34,N/A
1764,2025-01-10 16:36:06.460048,16,N/A
1765,2025-01-10 16:36:06.645361,36,N/A
1766,2025-01-10 16:36:06.812152,16,N/A
1767,2025-01-10 16:36:06.970275,9,N/A
1768,2025-01-10 16:36:07.136688,14,N/A
1769,2025-01-10 16:36:07.306416,19,N/A
1770,2025-01-10 16:36:07.487227,33,N/A
1771,2025-01-10 16:36:07.647593,13,N/A
1772,2025-01-10 16:36:07.830814,39,N/A
1773,2025-01-10 16:36:07.997589,20,N/A
1774,2025-01-10 16:36:08.172133,29,N/A
1775,2025-01-10 16:36:08.336565,14,N/A
1776,2025-01-10 16:36:08.520633,35,N/A
1777,2025-01-10 16:36:08.688516,23,N/A
1778,2025-01-10 16:36:08.864252,35,N/A
1779,2025-01-10 16:36:09.041282,30,N/A
1780,2025-01-10 16:36:09.204325,19,N/A
1781,2025-01-10 16:36:09.374547,21,N/A
1782,2025-01-10 16:36:09.550241,25,N/A
1783,2025-01-10 16:36:09.720508,25,N/A
1784,2025-01-10 16:36:09.908001,37,N/A
1785,2025-01-10 16:36:10.069223,15,N/A
1786,2025-01-10 16:36:10.242487,33,N/A
1787,2025-01-10 16:36:10.410081,21,N/A
1788,2025-01-10 16:36:10.572590,14,N/A
1789,2025-01-10 16:36:10.738493,20,N/A
1790,2025-01-10 16:36:11.116944,25,N/A
1791,2025-01-10 16:36:11.271513,26,N/A
1792,2025-01-10 16:36:11.440422,19,N/A
1793,2025-01-10 16:36:11.605008,18,N/A
1794,2025-01-10 16:36:11.786876,29,N/A
1795,2025-01-10 16:36:11.951754,18,N/A
1796,2025-01-10 16:36:12.111974,13,N/A
1797,2025-01-10 16:36:12.283335,24,N/A
1798,2025-01-10 16:36:12.449172,19,N/A
1799,2025-01-10 16:36:12.620845,23,N/A
1800,2025-01-10 16:36:12.808744,44,N/A
1801,2025-01-10 16:36:12.975096,18,N/A
1802,2025-01-10 16:36:13.144970,23,N/A
1803,2025-01-10 16:36:13.314285,21,N/A
1804,2025-01-10 16:36:13.485108,23,N/A
1805,2025-01-10 16:36:13.655938,22,N/A
1806,2025-01-10 16:36:13.831959,28,N/A
1807,2025-01-10 16:36:13.996928,13,N/A
1808,2025-01-10 16:36:14.176833,36,N/A
1809,2025-01-10 16:36:14.350116,24,N/A
1810,2025-01-10 16:36:14.538491,42,N/A
1811,2025-01-10 16:36:14.701778,16,N/A
1812,2025-01-10 16:36:14.866932,17,N/A
1813,2025-01-10 16:36:15.044150,32,N/A
1814,2025-01-10 16:36:15.203614,11,N/A
1815,2025-01-10 16:36:15.388201,35,N/A
1816,2025-01-10 16:36:15.563480,27,N/A
1817,2025-01-10 16:36:15.718294,5,N/A
1818,2025-01-10 16:36:15.888644,19,N/A
1819,2025-01-10 16:36:16.030254,23,N/A
1820,2025-01-10 16:36:16.224637,15,N/A
1821,2025-01-10 16:36:16.413459,37,N/A
1822,2025-01-10 16:36:16.595394,30,N/A
1823,2025-01-10 16:36:16.772672,26,N/A
1824,2025-01-10 16:36:16.948618,26,N/A
1825,2025-01-10 16:36:17.127272,36,N/A
1826,2025-01-10 16:36:17.302104,31,N/A
1827,2025-01-10 16:36:17.464430,15,N/A
1828,2025-01-10 16:36:17.615580,24,N/A
1829,2025-01-10 16:36:17.776795,13,N/A
1830,2025-01-10 16:36:17.941571,12,N/A
1831,2025-01-10 16:36:18.119231,28,N/A
1832,2025-01-10 16:36:18.282449,15,N/A
1833,2025-01-10 16:36:18.451146,20,N/A
1834,2025-01-10 16:36:18.606953,9,N/A
1835,2025-01-10 16:36:18.786600,26,N/A
1836,2025-01-10 16:36:18.958258,25,N/A
1837,2025-01-10 16:36:19.121302,12,N/A
1838,2025-01-10 16:36:19.281233,11,N/A
1839,2025-01-10 16:36:19.440786,10,N/A
1840,2025-01-10 16:36:19.620145,30,N/A
1841,2025-01-10 16:36:19.788829,25,N/A
1842,2025-01-10 16:36:19.968199,29,N/A
1843,2025-01-10 16:36:20.134962,17,N/A
1844,2025-01-10 16:36:20.315445,33,N/A
1845,2025-01-10 16:36:20.481562,16,N/A
1846,2025-01-10 16:36:20.646755,13,N/A
1847,2025-01-10 16:36:20.821349,22,N/A
1848,2025-01-10 16:36:20.983764,12,N/A
1849,2025-01-10 16:36:21.159072,27,N/A
1850,2025-01-10 16:36:21.340089,33,N/A
1851,2025-01-10 16:36:21.502931,12,N/A
1852,2025-01-10 16:36:21.662978,10,N/A
1853,2025-01-10 16:36:21.833233,22,N/A
1854,2025-01-10 16:36:22.009962,29,N/A
1855,2025-01-10 16:36:22.184690,24,N/A
1856,2025-01-10 16:36:22.358682,26,N/A
1857,2025-01-10 16:36:22.529805,24,N/A
1858,2025-01-10 16:36:22.700885,20,N/A
1859,2025-01-10 16:54:10.344410,9,N/A
1860,2025-01-10 16:54:10.528638,30,N/A
1861,2025-01-10 16:54:10.710479,31,N/A
1862,2025-01-10 16:54:10.875714,15,N/A
1863,2025-01-10 16:54:11.048438,26,N/A
1864,2025-01-10 16:54:11.228039,28,N/A
1865,2025-01-10 16:54:11.406222,27,N/A
1866,2025-01-10 16:54:11.582088,27,N/A
1867,2025-01-10 16:54:11.746281,17,N/A
1868,2025-01-10 16:54:11.906208,11,N/A
1869,2025-01-10 16:54:12.096788,40,N/A
1870,2025-01-10 16:54:12.287343,40,N/A
1871,2025-01-10 16:54:12.428042,20,N/A
1872,2025-01-10 16:54:12.606543,31,N/A
1873,2025-01-10 16:54:12.794560,38,N/A
1874,2025-01-10 16:54:12.977670,37,N/A
1875,2025-01-10 16:54:13.144501,18,N/A
1876,2025-01-10 16:54:13.317336,25,N/A
1877,2025-01-10 16:54:13.482692,15,N/A
1878,2025-01-10 16:54:13.659832,31,N/A
1879,2025-01-10 16:54:13.799230,17,N/A
1880,2025-01-10 16:54:13.970258,21,N/A
1881,2025-01-10 16:54:14.130889,12,N/A
1882,2025-01-10 16:54:14.309035,28,N/A
1883,2025-01-10 16:54:14.495144,40,N/A
1884,2025-01-10 16:54:14.672701,34,N/A
1885,2025-01-10 16:54:14.835610,16,N/A
1886,2025-01-10 16:54:15.006198,21,N/A
1887,2025-01-10 16:54:15.149172,26,N/A
1888,2025-01-10 16:54:15.326197,26,N/A
1889,2025-01-10 16:56:11.887069,20,N/A
1890,2025-01-10 16:56:12.077231,16,N/A
1891,2025-01-10 16:56:12.217545,13,N/A
1892,2025-01-10 16:56:12.383728,19,N/A
1893,2025-01-10 16:56:12.522026,12,N/A
1894,2025-01-10 16:56:12.698522,21,N/A
1895,2025-01-10 16:56:12.834957,16,N/A
1896,2025-01-10 16:56:12.978339,18,N/A
1897,2025-01-10 16:56:13.128216,27,N/A
1898,2025-01-10 16:56:13.294738,6,N/A
1899,2025-01-10 16:56:13.430833,15,N/A
1900,2025-01-10 16:56:13.593563,13,N/A
1901,2025-01-10 16:56:13.774395,32,N/A
1902,2025-01-10 16:56:13.944139,21,N/A
1903,2025-01-10 16:56:14.077795,13,N/A
1904,2025-01-10 16:56:14.241004,16,N/A
1905,2025-01-10 16:56:14.412120,22,N/A
1906,2025-01-10 16:56:14.552380,22,N/A
1907,2025-01-10 16:56:14.719529,11,N/A
1908,2025-01-10 16:56:14.901582,36,N/A
1909,2025-01-10 16:56:15.079808,32,N/A
1910,2025-01-10 16:56:15.246902,19,N/A
1911,2025-01-10 16:56:15.388642,23,N/A
1912,2025-01-10 16:56:15.535545,27,N/A
1913,2025-01-10 16:56:15.682298,26,N/A
1914,2025-01-10 16:56:15.828828,27,N/A
1915,2025-01-10 16:56:15.974980,24,N/A
1916,2025-01-10 16:56:16.118370,23,N/A
1917,2025-01-10 16:56:16.262244,24,N/A
1918,2025-01-10 16:56:16.406625,25,N/A
1919,2025-01-10 16:56:16.539195,12,N/A
1920,2025-01-10 16:56:16.670294,10,N/A
1921,2025-01-10 16:56:16.813596,20,N/A
1922,2025-01-10 16:56:16.983233,17,N/A
1923,2025-01-10 16:56:17.145594,13,N/A
1924,2025-01-10 16:56:17.558352,33,N/A
1925,2025-01-10 16:56:17.744351,27,N/A
1926,2025-01-10 16:56:17.917371,22,N/A
1927,2025-01-10 16:56:18.082894,17,N/A
1928,2025-01-10 16:56:18.243293,10,N/A
1929,2025-01-10 16:56:18.401933,9,N/A
1930,2025-01-10 16:56:18.562975,11,N/A
1931,2025-01-10 16:56:18.731113,19,N/A
1932,2025-01-10 16:56:18.898515,18,N/A
1933,2025-01-10 16:56:19.069151,21,N/A
1934,2025-01-10 16:56:19.229670,9,N/A
1935,2025-01-10 16:56:19.401706,19,N/A
1936,2025-01-10 16:56:19.577253,24,N/A
1937,2025-01-10 16:56:19.752028,25,N/A
1938,2025-01-10 16:56:19.935365,35,N/A
1939,2025-01-10 16:56:20.107978,22,N/A
1940,2025-01-10 16:56:20.247364,22,N/A
1941,2025-01-10 16:56:20.418377,23,N/A
1942,2025-01-10 16:56:20.594840,29,N/A
1943,2025-01-10 16:56:20.767584,23,N/A
1944,2025-01-10 16:56:20.938379,22,N/A
1945,2025-01-10 16:56:21.109480,23,N/A
1946,2025-01-10 16:56:21.289213,30,N/A
1947,2025-01-10 16:56:21.457972,16,N/A
1948,2025-01-10 16:56:21.630764,25,N/A
1949,2025-01-10 16:56:21.796575,16,N/A
1950,2025-01-10 16:56:21.969916,23,N/A
1951,2025-01-10 16:56:22.149032,30,N/A
1952,2025-01-10 16:56:22.320269,19,N/A
1953,2025-01-10 16:56:22.492188,23,N/A
1954,2025-01-10 16:56:22.667091,24,N/A
1955,2025-01-10 16:56:22.835346,19,N/A
1956,2025-01-10 16:56:22.997435,12,N/A
1957,2025-01-10 16:56:23.163198,15,N/A
1958,2025-01-10 16:56:23.358411,44,N/A
1959,2025-01-10 16:56:23.518800,9,N/A
1960,2025-01-10 16:56:23.699481,29,N/A
1961,2025-01-10 16:56:23.871498,23,N/A
1962,2025-01-10 16:56:24.064497,38,N/A
1963,2025-01-10 16:56:24.236185,17,N/A
1964,2025-01-10 16:56:24.424291,36,N/A
1965,2025-01-10 16:56:24.606030,33,N/A
1966,2025-01-10 16:56:24.746422,21,N/A
1967,2025-01-10 16:56:24.904509,9,N/A
1968,2025-01-10 16:56:25.083562,26,N/A
1969,2025-01-10 16:56:25.262420,33,N/A
1970,2025-01-10 16:56:25.415156,36,N/A
1971,2025-01-10 16:56:25.579246,14,N/A
1972,2025-01-10 16:56:25.750819,19,N/A
1973,2025-01-10 16:56:25.911021,8,N/A
1974,2025-01-10 16:56:26.080466,22,N/A
1975,2025-01-10 16:56:26.251711,21,N/A
1976,2025-01-10 16:56:26.417754,18,N/A
1977,2025-01-10 16:56:26.589652,20,N/A
1978,2025-01-10 16:56:26.753516,11,N/A
1979,2025-01-10 16:56:26.921522,22,N/A
1980,2025-01-10 16:56:27.084180,14,N/A
1981,2025-01-10 16:56:27.259362,22,N/A
1982,2025-01-10 16:56:27.433266,24,N/A
1983,2025-01-10 16:56:27.608282,26,N/A
1984,2025-01-10 16:56:27.785316,25,N/A
1985,2025-01-10 16:56:27.962732,25,N/A
1986,2025-01-10 16:56:28.139893,27,N/A
1987,2025-01-10 16:56:28.308456,19,N/A
1988,2025-01-10 16:56:28.479133,19,N/A
1989,2025-01-10 16:56:28.653800,24,N/A
1990,2025-01-10 16:56:28.832984,27,N/A
1991,2025-01-10 16:56:29.007018,25,N/A
1992,2025-01-10 16:56:29.208509,49,N/A
1993,2025-01-10 16:56:29.360027,34,N/A
1994,2025-01-10 16:56:29.536044,25,N/A
1995,2025-01-10 16:56:29.702882,17,N/A
1996,2025-01-10 16:56:29.885578,37,N/A
1997,2025-01-10 16:56:30.047923,14,N/A
1998,2025-01-10 16:56:30.218970,20,N/A
1999,2025-01-10 16:56:30.396583,23,N/A
2000,2025-01-10 16:56:30.578642,39,N/A
2001,2025-01-10 16:56:30.749579,21,N/A
2002,2025-01-10 16:56:30.921437,27,N/A
2003,2025-01-10 16:56:31.095606,26,N/A
2004,2025-01-10 16:56:31.266177,21,N/A
2005,2025-01-10 16:56:31.447079,33,N/A
2006,2025-01-10 16:56:31.627857,35,N/A
2007,2025-01-10 16:56:31.792824,15,N/A
2008,2025-01-10 16:56:31.948916,6,N/A
2009,2025-01-10 16:56:32.126842,29,N/A
2010,2025-01-10 16:56:32.296767,19,N/A
2011,2025-01-10 16:56:32.472397,25,N/A
2012,2025-01-10 16:56:32.652465,31,N/A
2013,2025-01-10 16:56:32.816894,16,N/A
2014,2025-01-10 16:56:32.973929,38,N/A
2015,2025-01-10 16:56:33.152740,31,N/A
2016,2025-01-10 16:56:33.332772,30,N/A
2017,2025-01-10 16:56:33.487792,35,N/A
2018,2025-01-10 16:56:33.655941,16,N/A
2019,2025-01-10 16:56:33.818065,11,N/A
2020,2025-01-10 16:56:33.991666,23,N/A
2021,2025-01-10 16:56:34.160825,20,N/A
2022,2025-01-10 16:56:34.353051,45,N/A
2023,2025-01-10 16:56:34.519740,19,N/A
2024,2025-01-10 16:56:34.694938,28,N/A
2025,2025-01-10 16:56:34.854439,10,N/A
2026,2025-01-10 16:56:35.026823,26,N/A
2027,2025-01-10 16:56:35.209826,29,N/A
2028,2025-01-10 16:56:35.399354,38,N/A
2029,2025-01-10 16:56:35.556801,5,N/A
2030,2025-01-10 16:56:35.728577,23,N/A
2031,2025-01-10 16:56:35.898133,15,N/A
2032,2025-01-10 16:56:36.072197,23,N/A
2033,2025-01-10 16:56:36.242176,21,N/A
2034,2025-01-10 16:56:36.408136,16,N/A
2035,2025-01-10 16:56:36.581300,21,N/A
2036,2025-01-10 16:56:36.749050,13,N/A
2037,2025-01-10 16:56:36.920824,23,N/A
2038,2025-01-10 16:56:37.102060,35,N/A
2039,2025-01-10 16:56:37.276746,27,N/A
2040,2025-01-10 16:56:37.454371,31,N/A
2041,2025-01-10 16:56:37.608819,32,N/A
2042,2025-01-10 16:56:37.774826,17,N/A
2043,2025-01-10 16:56:37.948420,21,N/A
2044,2025-01-10 16:56:38.112832,16,N/A
2045,2025-01-10 16:56:38.280158,15,N/A
2046,2025-01-10 16:56:38.445271,14,N/A
2047,2025-01-10 16:56:38.603383,11,N/A
2048,2025-01-10 16:56:38.776589,27,N/A
2049,2025-01-10 16:56:38.940267,13,N/A
2050,2025-01-10 16:56:39.120186,30,N/A
2051,2025-01-10 16:56:39.285977,17,N/A
2052,2025-01-10 16:56:39.454561,23,N/A
2053,2025-01-10 16:56:39.618111,14,N/A
2054,2025-01-10 16:56:39.796392,35,N/A
2055,2025-01-10 16:56:39.971382,27,N/A
2056,2025-01-10 16:56:40.146347,22,N/A
2057,2025-01-10 16:56:40.314018,20,N/A
2058,2025-01-10 16:56:40.478671,15,N/A
2059,2025-01-10 16:56:40.654448,27,N/A
2060,2025-01-10 16:56:40.829426,32,N/A
2061,2025-01-10 16:56:41.006184,27,N/A
2062,2025-01-10 16:56:41.183731,30,N/A
2063,2025-01-10 16:56:41.577013,22,N/A
2064,2025-01-10 16:56:41.738270,37,N/A
2065,2025-01-10 16:56:41.909002,21,N/A
2066,2025-01-10 16:56:42.083076,30,N/A
2067,2025-01-10 16:56:42.248409,17,N/A
2068,2025-01-10 16:56:42.417254,15,N/A
2069,2025-01-10 16:56:42.584326,19,N/A
2070,2025-01-10 16:56:42.745205,13,N/A
2071,2025-01-10 16:56:42.934661,37,N/A
2072,2025-01-10 16:56:43.107762,28,N/A
2073,2025-01-10 16:56:43.259693,32,N/A
2074,2025-01-10 16:56:43.429275,23,N/A
2075,2025-01-10 16:56:43.592148,15,N/A
2076,2025-01-10 16:56:43.777869,35,N/A
2077,2025-01-10 16:56:43.954324,27,N/A
2078,2025-01-10 16:56:44.104729,30,N/A
2079,2025-01-10 16:56:44.299899,46,N/A
2080,2025-01-10 16:56:44.460013,10,N/A
2081,2025-01-10 16:56:44.604439,26,N/A
2082,2025-01-10 16:56:44.780893,29,N/A
2083,2025-01-10 16:56:44.958379,30,N/A
2084,2025-01-10 16:56:45.120253,13,N/A
2085,2025-01-10 16:56:45.298887,29,N/A
2086,2025-01-10 16:56:45.475160,30,N/A
2087,2025-01-10 16:56:45.639159,13,N/A
2088,2025-01-10 16:56:45.809690,22,N/A
2089,2025-01-10 16:56:45.972212,10,N/A
2090,2025-01-10 16:56:46.163606,41,N/A
2091,2025-01-10 16:56:46.337846,21,N/A
2092,2025-01-10 16:56:46.513442,23,N/A
2093,2025-01-10 16:56:46.687284,28,N/A
2094,2025-01-10 16:56:46.870873,33,N/A
2095,2025-01-10 16:56:47.037332,15,N/A
2096,2025-01-10 16:56:47.210969,25,N/A
2097,2025-01-10 16:56:47.375448,16,N/A
2098,2025-01-10 16:56:47.547379,27,N/A
2099,2025-01-10 16:56:47.724468,30,N/A
2100,2025-01-10 16:56:47.886878,15,N/A
2101,2025-01-10 16:56:48.061086,27,N/A
2102,2025-01-10 16:56:48.249181,41,N/A
2103,2025-01-10 16:56:48.412940,14,N/A
2104,2025-01-10 16:56:48.579261,23,N/A
2105,2025-01-10 16:56:48.762868,37,N/A
2106,2025-01-10 16:56:48.925058,37,N/A
2107,2025-01-10 16:56:49.097558,28,N/A
2108,2025-01-10 16:56:49.274816,28,N/A
2109,2025-01-10 16:56:49.434798,11,N/A
2110,2025-01-10 16:56:49.596070,12,N/A
2111,2025-01-10 16:56:49.773003,29,N/A
2112,2025-01-10 16:56:49.949706,30,N/A
2113,2025-01-10 16:56:50.133998,35,N/A
2114,2025-01-10 16:56:50.303992,20,N/A
2115,2025-01-10 16:56:50.457816,34,N/A
2116,2025-01-10 16:56:50.646056,39,N/A
2117,2025-01-10 16:56:50.828435,31,N/A
2118,2025-01-10 16:56:50.968864,20,N/A
2119,2025-01-10 16:56:51.156412,33,N/A
2120,2025-01-10 16:56:51.314821,7,N/A
2121,2025-01-10 16:56:51.480697,16,N/A
2122,2025-01-10 16:56:51.651359,23,N/A
2123,2025-01-10 16:56:51.822422,19,N/A
2124,2025-01-10 16:56:51.999612,27,N/A
2125,2025-01-10 16:56:52.182160,32,N/A
2126,2025-01-10 16:56:52.347362,17,N/A
2127,2025-01-10 16:56:52.526515,32,N/A
2128,2025-01-10 16:56:52.698979,24,N/A
2129,2025-01-10 16:56:52.880617,31,N/A
2130,2025-01-10 16:56:53.062846,35,N/A
2131,2025-01-10 16:56:53.228978,19,N/A
2132,2025-01-10 16:56:53.387177,7,N/A
2133,2025-01-10 16:56:53.566944,33,N/A
2134,2025-01-10 16:56:53.737581,22,N/A
2135,2025-01-10 16:56:53.920311,33,N/A
2136,2025-01-10 16:56:54.075466,35,N/A
2137,2025-01-10 16:56:54.238244,15,N/A
2138,2025-01-10 16:56:54.407250,20,N/A
2139,2025-01-10 16:56:54.569223,13,N/A
2140,2025-01-10 16:56:54.734994,15,N/A
2141,2025-01-10 16:56:54.899367,14,N/A
2142,2025-01-10 16:56:55.081414,32,N/A
2143,2025-01-10 16:56:55.256816,35,N/A
2144,2025-01-10 16:56:55.427438,23,N/A
2145,2025-01-10 16:56:55.601476,26,N/A
2146,2025-01-10 16:56:55.761932,11,N/A
2147,2025-01-10 16:56:55.941262,26,N/A
2148,2025-01-10 16:56:56.106181,16,N/A
2149,2025-01-10 16:56:56.273565,16,N/A
2150,2025-01-10 16:56:56.441901,19,N/A
2151,2025-01-10 16:56:56.611082,20,N/A
2152,2025-01-10 16:56:56.786159,27,N/A
2153,2025-01-10 16:56:56.958519,25,N/A
2154,2025-01-10 16:56:57.122269,15,N/A
2155,2025-01-10 16:56:57.287239,15,N/A
2156,2025-01-10 16:56:57.455962,17,N/A
2157,2025-01-10 16:56:57.618653,12,N/A
2158,2025-01-10 16:56:57.792041,22,N/A
2159,2025-01-10 16:56:57.969768,22,N/A
2160,2025-01-10 16:56:58.114304,25,N/A
2161,2025-01-10 16:56:58.250339,16,N/A
2162,2025-01-10 16:56:58.391696,19,N/A
2163,2025-01-10 16:56:58.530185,19,N/A
2164,2025-01-10 16:56:58.670963,23,N/A
2165,2025-01-10 16:56:58.811721,20,N/A
2166,2025-01-10 16:56:58.955244,27,N/A
2167,2025-01-10 16:56:59.097323,21,N/A
2168,2025-01-10 16:56:59.230778,11,N/A
2169,2025-01-10 16:56:59.373344,24,N/A
2170,2025-01-10 16:56:59.515867,21,N/A
2171,2025-01-10 16:56:59.662824,30,N/A
2172,2025-01-10 16:56:59.800910,19,N/A
2173,2025-01-10 16:56:59.936269,14,N/A
2174,2025-01-10 16:57:00.079902,29,N/A
2175,2025-01-10 16:57:00.228732,29,N/A
2176,2025-01-10 16:57:00.370382,26,N/A
2177,2025-01-10 16:57:00.502199,11,N/A
2178,2025-01-10 16:57:00.644527,21,N/A
2179,2025-01-10 16:57:00.797721,33,N/A
2180,2025-01-10 16:57:00.930215,14,N/A
2181,2025-01-10 16:57:01.068286,15,N/A
2182,2025-01-10 16:57:01.213894,28,N/A
2183,2025-01-10 16:57:01.355553,18,N/A
2184,2025-01-10 16:57:01.501359,26,N/A
2185,2025-01-10 16:57:01.636252,15,N/A
2186,2025-01-10 16:57:01.783564,33,N/A
2187,2025-01-10 16:57:01.926083,21,N/A
2188,2025-01-10 16:57:02.082385,39,N/A
2189,2025-01-10 16:57:02.231702,30,N/A
2190,2025-01-10 16:57:02.398141,17,N/A
2191,2025-01-10 16:57:02.574234,29,N/A
2192,2025-01-10 16:57:02.758070,35,N/A
2193,2025-01-10 16:57:02.934612,23,N/A
2194,2025-01-10 16:57:03.085686,29,N/A
2195,2025-01-10 16:57:03.231794,28,N/A
2196,2025-01-10 16:57:03.430197,53,N/A
2197,2025-01-10 16:57:03.595137,42,N/A
2198,2025-01-10 16:57:03.748833,32,N/A
2199,2025-01-10 16:57:03.889985,25,N/A
2200,2025-01-10 16:57:04.039287,30,N/A
2201,2025-01-10 16:57:04.223358,40,N/A
2202,2025-01-10 16:57:04.394222,26,N/A
2203,2025-01-10 16:57:04.568669,24,N/A
2204,2025-01-10 16:57:04.735432,20,N/A
2205,2025-01-10 16:57:04.884411,18,N/A
2206,2025-01-10 16:57:05.036402,30,N/A
2207,2025-01-10 16:57:05.175893,21,N/A
2208,2025-01-10 16:57:05.347191,49,N/A
2209,2025-01-10 16:57:05.483120,16,N/A
2210,2025-01-10 16:57:05.631961,31,N/A
2211,2025-01-10 16:57:05.771866,21,N/A
2212,2025-01-10 16:57:05.913747,25,N/A
2213,2025-01-10 16:57:06.049871,19,N/A
2214,2025-01-10 16:57:06.194293,24,N/A
2215,2025-01-10 16:57:06.368413,25,N/A
2216,2025-01-10 16:57:06.521976,38,N/A
2217,2025-01-10 16:57:06.658726,15,N/A
2218,2025-01-10 16:57:06.793819,20,N/A
2219,2025-01-10 16:57:06.942390,27,N/A
2220,2025-01-10 16:57:07.103011,38,N/A
2221,2025-01-10 16:57:07.242508,19,N/A
2222,2025-01-10 16:57:07.383365,23,N/A
2223,2025-01-10 16:57:07.521025,18,N/A
2224,2025-01-10 16:57:07.667770,30,N/A
2225,2025-01-10 16:57:08.062971,26,N/A
2226,2025-01-10 16:57:08.203842,19,N/A
2227,2025-01-10 16:57:08.336865,14,N/A
2228,2025-01-10 16:57:08.466339,9,N/A
2229,2025-01-10 16:57:08.614986,25,N/A
2230,2025-01-10 16:57:08.763885,29,N/A
2231,2025-01-10 16:57:08.914149,35,N/A
2232,2025-01-10 16:57:09.086820,22,N/A
2233,2025-01-10 16:57:09.221626,15,N/A
2234,2025-01-10 16:57:09.373311,31,N/A
2235,2025-01-10 16:57:09.532776,8,N/A
2236,2025-01-10 16:57:09.688667,39,N/A
2237,2025-01-10 16:57:09.862825,27,N/A
2238,2025-01-10 16:57:10.010305,30,N/A
2239,2025-01-10 16:57:10.146308,18,N/A
2240,2025-01-10 16:57:10.292194,27,N/A
2241,2025-01-10 16:57:10.430759,22,N/A
2242,2025-01-10 16:57:10.583546,31,N/A
2243,2025-01-10 16:57:10.729576,27,N/A
2244,2025-01-10 16:57:10.859893,11,N/A
2245,2025-01-10 16:57:10.997491,20,N/A
2246,2025-01-10 16:57:11.151454,39,N/A
2247,2025-01-10 16:57:11.291033,19,N/A
2248,2025-01-10 16:57:11.424082,14,N/A
2249,2025-01-10 16:57:11.584367,38,N/A
2250,2025-01-10 16:57:11.730259,26,N/A
2251,2025-01-10 16:57:11.867004,17,N/A
2252,2025-01-10 16:57:12.004599,16,N/A
2253,2025-01-10 16:57:12.135483,10,N/A
2254,2025-01-10 16:57:12.278757,21,N/A
2255,2025-01-10 16:57:12.446318,15,N/A
2256,2025-01-10 16:57:12.617009,20,N/A
2257,2025-01-10 16:57:12.756820,21,N/A
2258,2025-01-10 16:57:12.917218,12,N/A
2259,2025-01-10 16:57:13.120582,49,N/A
2260,2025-01-10 16:57:13.290451,16,N/A
2261,2025-01-10 16:57:13.462426,24,N/A
2262,2025-01-10 16:57:13.631740,21,N/A
2263,2025-01-10 16:57:13.803963,22,N/A
2264,2025-01-10 16:57:13.961573,40,N/A
2265,2025-01-10 16:57:14.088406,7,N/A
2266,2025-01-10 16:57:14.227399,17,N/A
2267,2025-01-10 16:57:14.354871,5,N/A
2268,2025-01-10 16:57:14.495920,20,N/A
2269,2025-01-10 16:57:14.671209,29,N/A
2270,2025-01-10 16:57:14.833563,9,N/A
2271,2025-01-10 16:57:15.018788,37,N/A
2272,2025-01-10 16:57:15.180745,13,N/A
2273,2025-01-10 16:57:15.312708,11,N/A
2274,2025-01-10 16:57:15.455945,26,N/A
2275,2025-01-10 16:57:15.599988,25,N/A
2276,2025-01-10 16:57:15.738522,18,N/A
2277,2025-01-10 16:57:15.903062,15,N/A
2278,2025-01-10 16:57:16.082364,32,N/A
2279,2025-01-10 16:57:16.221839,22,N/A
2280,2025-01-10 16:57:16.375998,32,N/A
2281,2025-01-10 16:57:16.580021,56,N/A
2282,2025-01-10 16:57:16.721696,23,N/A
2283,2025-01-10 16:57:16.916864,45,N/A
2284,2025-01-10 16:57:17.085497,24,N/A
2285,2025-01-10 16:57:17.253063,17,N/A
2286,2025-01-10 16:57:17.393687,22,N/A
2287,2025-01-10 16:57:17.566729,28,N/A
2288,2025-01-10 16:57:17.746035,31,N/A
2289,2025-01-10 16:57:17.898733,34,N/A
2290,2025-01-10 16:57:18.085948,39,N/A
2291,2025-01-10 16:57:18.260375,22,N/A
2292,2025-01-10 16:57:18.428170,17,N/A
2293,2025-01-10 16:57:18.602225,29,N/A
1,2025-01-10 16:57:35.432779,1,N/A
2,2025-01-10 16:57:40.505036,1,N/A
3,2025-01-10 16:57:50.872571,2,N/A
4,2025-01-10 16:57:54.224793,1,N/A
5,2025-01-10 16:58:07.995523,0,N/A
6,2025-01-10 16:58:09.584842,1,N/A
7,2025-01-10 16:58:23.307691,0,N/A
8,2025-01-10 16:58:31.294801,1,N/A
9,2025-01-10 16:58:33.220917,1,N/A
10,2025-01-10 16:58:36.300538,1,N/A
11,2025-01-10 16:58:42.616285,1,N/A
12,2025-01-10 16:58:47.382879,1,N/A
13,2025-01-10 16:59:01.099185,0,N/A
14,2025-01-10 16:59:04.456170,1,N/A
15,2025-01-10 16:59:07.215742,3,N/A
1,2025-01-10 16:59:27.027083,0,N/A
2,2025-01-10 16:59:27.295020,1,N/A
3,2025-01-10 16:59:27.520899,1,N/A
4,2025-01-10 16:59:27.679819,1,N/A
5,2025-01-10 16:59:27.869809,3,N/A
6,2025-01-10 16:59:28.111699,1,N/A
7,2025-01-10 16:59:28.342699,1,N/A
8,2025-01-10 16:59:28.621956,1,N/A
9,2025-01-10 16:59:28.984410,1,N/A
10,2025-01-10 16:59:29.171695,1,N/A
11,2025-01-10 16:59:29.443819,1,N/A
12,2025-01-10 16:59:29.707458,1,N/A
13,2025-01-10 16:59:30.002183,2,N/A
14,2025-01-10 16:59:30.158457,1,N/A
15,2025-01-10 16:59:30.359366,1,N/A
16,2025-01-10 16:59:30.604324,1,N/A
17,2025-01-10 16:59:30.839198,2,N/A
18,2025-01-10 16:59:31.158201,3,N/A
19,2025-01-10 16:59:31.385973,1,N/A
20,2025-01-10 16:59:31.602083,1,N/A
21,2025-01-10 16:59:31.845585,2,N/A
22,2025-01-10 16:59:32.175735,0,N/A
23,2025-01-10 16:59:32.397539,1,N/A
24,2025-01-10 16:59:32.562577,1,N/A
25,2025-01-10 16:59:32.729869,1,N/A
26,2025-01-10 16:59:33.049129,0,N/A
27,2025-01-10 16:59:33.290946,1,N/A
28,2025-01-10 16:59:33.557397,1,N/A
29,2025-01-10 16:59:33.807542,1,N/A
30,2025-01-10 16:59:34.092232,5,N/A
31,2025-01-10 16:59:34.431348,5,N/A
32,2025-01-10 16:59:34.614682,3,N/A
33,2025-01-10 16:59:34.763413,1,N/A
34,2025-01-10 16:59:34.975395,1,N/A
35,2025-01-10 16:59:35.294763,0,N/A
36,2025-01-10 16:59:35.532827,2,N/A
37,2025-01-10 16:59:35.809386,4,N/A
38,2025-01-10 16:59:36.043046,2,N/A
39,2025-01-10 16:59:36.204413,3,N/A
40,2025-01-10 16:59:36.481478,1,N/A
41,2025-01-10 16:59:36.646789,1,N/A
42,2025-01-10 16:59:36.819553,1,N/A
43,2025-01-10 16:59:37.068690,3,N/A
44,2025-01-10 16:59:38.335067,3,N/A
45,2025-01-10 16:59:38.523913,2,N/A
46,2025-01-10 16:59:38.737442,1,N/A
47,2025-01-10 16:59:38.979022,4,N/A
48,2025-01-10 16:59:39.108485,1,N/A
49,2025-01-10 16:59:39.285498,4,N/A
50,2025-01-10 16:59:39.467087,1,N/A
51,2025-01-10 16:59:39.619178,1,N/A
52,2025-01-10 16:59:39.954228,3,N/A
53,2025-01-10 16:59:40.209875,3,N/A
54,2025-01-10 16:59:40.384266,6,N/A
55,2025-01-10 16:59:40.666564,11,N/A
56,2025-01-10 16:59:41.096624,4,N/A
57,2025-01-10 16:59:41.252149,1,N/A
58,2025-01-10 16:59:41.465686,4,N/A
59,2025-01-10 16:59:41.650869,4,N/A
60,2025-01-10 16:59:41.892066,6,N/A
61,2025-01-10 16:59:42.086925,3,N/A
62,2025-01-10 16:59:42.307235,4,N/A
63,2025-01-10 16:59:42.548814,8,N/A
64,2025-01-10 16:59:42.818768,11,N/A
65,2025-01-10 16:59:43.009430,5,N/A
66,2025-01-10 16:59:43.318972,13,N/A
67,2025-01-10 16:59:43.706005,16,N/A
68,2025-01-10 16:59:44.032255,14,N/A
69,2025-01-10 16:59:44.227287,7,N/A
70,2025-01-10 16:59:44.508402,2,N/A
71,2025-01-10 16:59:44.729019,4,N/A
72,2025-01-10 16:59:44.920636,4,N/A
73,2025-01-10 16:59:45.107834,5,N/A
74,2025-01-10 16:59:45.355007,12,N/A
75,2025-01-10 16:59:45.623465,14,N/A
76,2025-01-10 16:59:45.842552,10,N/A
77,2025-01-10 16:59:46.077732,9,N/A
78,2025-01-10 16:59:46.347894,13,N/A
79,2025-01-10 16:59:46.600538,15,N/A
80,2025-01-10 16:59:46.878136,16,N/A
81,2025-01-10 16:59:47.061795,6,N/A
82,2025-01-10 16:59:47.249921,6,N/A
83,2025-01-10 16:59:47.454182,10,N/A
84,2025-01-10 16:59:47.678384,11,N/A
85,2025-01-10 16:59:47.838543,4,N/A
86,2025-01-10 16:59:48.165427,24,N/A
87,2025-01-10 16:59:48.423696,2,N/A
88,2025-01-10 16:59:48.570266,1,N/A
89,2025-01-10 16:59:48.806530,15,N/A
90,2025-01-10 16:59:48.957031,3,N/A
91,2025-01-10 16:59:49.158513,6,N/A
92,2025-01-10 16:59:49.422939,13,N/A
93,2025-01-10 16:59:49.785209,25,N/A
94,2025-01-10 16:59:49.966725,7,N/A
95,2025-01-10 16:59:50.141746,8,N/A
96,2025-01-10 16:59:50.401343,18,N/A
97,2025-01-10 16:59:50.611288,11,N/A
98,2025-01-10 16:59:50.918556,20,N/A
99,2025-01-10 16:59:51.188787,17,N/A
100,2025-01-10 16:59:51.426218,14,N/A
101,2025-01-10 16:59:51.700876,19,N/A
102,2025-01-10 16:59:51.838850,1,N/A
103,2025-01-10 16:59:52.068405,14,N/A
104,2025-01-10 16:59:52.300387,13,N/A
105,2025-01-10 16:59:52.621196,22,N/A
106,2025-01-10 16:59:52.861250,17,N/A
107,2025-01-10 16:59:53.135717,17,N/A
108,2025-01-10 16:59:53.357430,12,N/A
109,2025-01-10 16:59:53.603347,14,N/A
110,2025-01-10 16:59:53.877363,19,N/A
111,2025-01-10 16:59:54.254475,28,N/A
112,2025-01-10 16:59:54.488820,15,N/A
113,2025-01-10 16:59:54.748035,15,N/A
114,2025-01-10 16:59:54.923225,5,N/A
115,2025-01-10 16:59:55.094627,5,N/A
116,2025-01-10 16:59:55.300486,8,N/A
117,2025-01-10 16:59:55.546895,19,N/A
118,2025-01-10 16:59:55.866452,24,N/A
119,2025-01-10 16:59:56.240662,29,N/A
120,2025-01-10 16:59:56.451262,10,N/A
121,2025-01-10 16:59:56.865751,32,N/A
122,2025-01-10 16:59:57.145137,17,N/A
123,2025-01-10 16:59:57.380403,10,N/A
124,2025-01-10 16:59:57.649377,16,N/A
125,2025-01-10 16:59:57.888994,12,N/A
126,2025-01-10 16:59:58.208695,28,N/A
127,2025-01-10 16:59:58.553233,28,N/A
128,2025-01-10 16:59:58.842415,22,N/A
129,2025-01-10 16:59:59.016096,7,N/A
130,2025-01-10 16:59:59.348711,25,N/A
131,2025-01-10 16:59:59.682615,22,N/A
132,2025-01-10 16:59:59.983302,16,N/A
133,2025-01-10 17:00:00.252481,17,N/A
134,2025-01-10 17:00:00.552188,21,N/A
135,2025-01-10 17:00:00.971846,34,N/A
136,2025-01-10 17:00:01.444841,33,N/A
137,2025-01-10 17:00:01.876614,36,N/A
138,2025-01-10 17:00:02.285321,32,N/A
139,2025-01-10 17:00:02.696853,29,N/A
140,2025-01-10 17:00:03.142190,31,N/A
141,2025-01-10 17:00:03.559074,32,N/A
142,2025-01-10 17:00:03.887227,29,N/A
143,2025-01-10 17:00:04.096936,11,N/A
144,2025-01-10 17:00:04.501078,33,N/A
145,2025-01-10 17:00:04.776121,18,N/A
146,2025-01-10 17:00:05.095541,24,N/A
147,2025-01-10 17:00:05.315013,5,N/A
148,2025-01-10 17:00:05.558260,13,N/A
149,2025-01-10 17:00:05.809441,15,N/A
150,2025-01-10 17:00:06.074049,18,N/A
151,2025-01-10 17:00:06.287796,11,N/A
152,2025-01-10 17:00:06.488282,9,N/A
153,2025-01-10 17:00:06.713579,11,N/A
154,2025-01-10 17:00:06.999147,16,N/A
155,2025-01-10 17:00:07.278851,16,N/A
156,2025-01-10 17:00:07.596925,22,N/A
157,2025-01-10 17:00:07.833955,13,N/A
158,2025-01-10 17:00:08.135965,24,N/A
159,2025-01-10 17:00:08.361607,9,N/A
160,2025-01-10 17:00:08.634090,20,N/A
161,2025-01-10 17:00:08.879547,15,N/A
162,2025-01-10 17:00:09.241852,30,N/A
163,2025-01-10 17:00:09.506325,15,N/A
164,2025-01-10 17:00:09.771956,19,N/A
165,2025-01-10 17:00:10.074273,23,N/A
166,2025-01-10 17:00:10.238341,5,N/A
167,2025-01-10 17:00:10.604182,27,N/A
168,2025-01-10 17:00:10.885464,21,N/A
169,2025-01-10 17:00:11.217797,29,N/A
170,2025-01-10 17:00:11.488633,21,N/A
171,2025-01-10 17:00:11.809466,25,N/A
172,2025-01-10 17:00:12.046961,17,N/A
173,2025-01-10 17:00:12.429275,36,N/A
174,2025-01-10 17:00:12.665505,15,N/A
175,2025-01-10 17:00:12.966574,23,N/A
176,2025-01-10 17:00:13.209096,15,N/A
177,2025-01-10 17:00:13.452759,15,N/A
178,2025-01-10 17:00:13.683721,16,N/A
179,2025-01-10 17:00:13.931691,20,N/A
180,2025-01-10 17:00:14.226112,22,N/A
181,2025-01-10 17:00:14.504939,15,N/A
182,2025-01-10 17:00:14.788319,21,N/A
183,2025-01-10 17:00:15.026127,13,N/A
184,2025-01-10 17:00:15.275813,18,N/A
185,2025-01-10 17:00:15.595602,28,N/A
186,2025-01-10 17:00:15.804868,9,N/A
187,2025-01-10 17:00:16.020865,11,N/A
188,2025-01-10 17:00:16.342229,27,N/A
189,2025-01-10 17:00:16.546979,9,N/A
190,2025-01-10 17:00:16.815122,16,N/A
191,2025-01-10 17:00:17.053891,16,N/A
192,2025-01-10 17:00:17.386981,30,N/A
193,2025-01-10 17:00:17.601153,11,N/A
194,2025-01-10 17:00:17.933398,27,N/A
195,2025-01-10 17:00:18.311147,32,N/A
196,2025-01-10 17:00:18.492803,9,N/A
197,2025-01-10 17:00:18.784488,21,N/A
198,2025-01-10 17:00:19.103716,24,N/A
199,2025-01-10 17:00:19.336125,15,N/A
200,2025-01-10 17:00:19.669841,24,N/A
201,2025-01-10 17:00:19.888684,10,N/A
202,2025-01-10 17:00:20.194578,25,N/A
203,2025-01-10 17:00:20.493497,23,N/A
204,2025-01-10 17:00:20.788548,22,N/A
205,2025-01-10 17:00:21.120399,27,N/A
206,2025-01-10 17:00:21.556776,48,N/A
207,2025-01-10 17:00:21.746855,9,N/A
208,2025-01-10 17:00:22.024597,21,N/A
209,2025-01-10 17:00:22.272845,19,N/A
210,2025-01-10 17:00:22.581738,22,N/A
211,2025-01-10 17:00:22.906692,27,N/A
212,2025-01-10 17:00:23.415900,50,N/A
213,2025-01-10 17:00:23.787455,36,N/A
214,2025-01-10 17:00:24.046324,20,N/A
215,2025-01-10 17:00:24.453555,31,N/A
216,2025-01-10 17:00:24.778972,29,N/A
217,2025-01-10 17:00:25.059202,16,N/A
218,2025-01-10 17:00:25.367509,24,N/A
219,2025-01-10 17:00:25.768750,35,N/A
220,2025-01-10 17:00:26.065043,23,N/A
221,2025-01-10 17:00:26.397000,27,N/A
222,2025-01-10 17:00:26.678699,24,N/A
223,2025-01-10 17:00:26.979695,27,N/A
224,2025-01-10 17:00:27.234506,18,N/A
225,2025-01-10 17:00:27.529664,28,N/A
226,2025-01-10 17:00:27.815156,23,N/A
227,2025-01-10 17:00:28.089980,20,N/A
228,2025-01-10 17:00:28.392970,17,N/A
229,2025-01-10 17:00:28.659506,15,N/A
230,2025-01-10 17:00:29.047020,28,N/A
231,2025-01-10 17:00:29.361609,27,N/A
232,2025-01-10 17:00:29.741522,35,N/A
233,2025-01-10 17:00:29.935626,11,N/A
234,2025-01-10 17:00:30.302580,32,N/A
235,2025-01-10 17:00:30.538669,16,N/A
236,2025-01-10 17:00:30.903493,30,N/A
237,2025-01-10 17:00:31.151164,18,N/A
238,2025-01-10 17:00:31.326747,7,N/A
239,2025-01-10 17:00:31.488646,5,N/A
240,2025-01-10 17:00:31.873744,37,N/A
241,2025-01-10 17:00:32.238670,31,N/A
242,2025-01-10 17:00:32.622007,37,N/A
243,2025-01-10 17:00:32.974688,29,N/A
244,2025-01-10 17:00:33.178146,13,N/A
245,2025-01-10 17:00:33.421996,16,N/A
246,2025-01-10 17:00:33.641689,12,N/A
247,2025-01-10 17:00:33.842829,10,N/A
248,2025-01-10 17:00:34.159491,26,N/A
249,2025-01-10 17:00:34.662277,42,N/A
250,2025-01-10 17:00:34.967712,20,N/A
251,2025-01-10 17:00:35.265511,22,N/A
252,2025-01-10 17:00:35.508544,14,N/A
253,2025-01-10 17:00:35.751226,14,N/A
254,2025-01-10 17:00:36.060685,22,N/A
255,2025-01-10 17:00:36.318827,17,N/A
256,2025-01-10 17:00:36.709452,35,N/A
257,2025-01-10 17:00:36.948109,19,N/A
258,2025-01-10 17:00:37.216712,21,N/A
259,2025-01-10 17:00:37.680116,34,N/A
260,2025-01-10 17:00:37.991729,25,N/A
261,2025-01-10 17:00:38.257348,23,N/A
262,2025-01-10 17:00:38.856768,56,N/A
263,2025-01-10 17:00:39.256369,33,N/A
264,2025-01-10 17:00:39.578786,27,N/A
265,2025-01-10 17:00:40.016105,36,N/A
266,2025-01-10 17:00:40.340007,22,N/A
267,2025-01-10 17:00:40.744533,36,N/A
268,2025-01-10 17:00:41.180206,39,N/A
269,2025-01-10 17:00:41.498502,29,N/A
270,2025-01-10 17:00:41.688715,7,N/A
271,2025-01-10 17:00:41.980015,22,N/A
272,2025-01-10 17:00:42.201184,13,N/A
273,2025-01-10 17:00:42.449061,14,N/A
274,2025-01-10 17:00:42.701190,18,N/A
275,2025-01-10 17:00:42.940942,17,N/A
276,2025-01-10 17:00:43.209383,19,N/A
277,2025-01-10 17:00:43.477703,14,N/A
278,2025-01-10 17:00:43.773513,25,N/A
279,2025-01-10 17:00:44.267068,49,N/A
280,2025-01-10 17:00:44.621540,25,N/A
281,2025-01-10 17:00:44.967185,35,N/A
282,2025-01-10 17:00:45.310114,29,N/A
283,2025-01-10 17:00:45.512871,13,N/A
284,2025-01-10 17:00:45.780398,19,N/A
285,2025-01-10 17:00:46.283525,43,N/A
286,2025-01-10 17:00:46.594904,26,N/A
287,2025-01-10 17:00:46.904693,20,N/A
288,2025-01-10 17:00:47.319696,35,N/A
289,2025-01-10 17:00:47.610607,21,N/A
290,2025-01-10 17:00:47.842071,17,N/A
291,2025-01-10 17:00:48.142110,19,N/A
292,2025-01-10 17:00:48.588669,38,N/A
293,2025-01-10 17:00:48.882910,22,N/A
294,2025-01-10 17:00:49.150577,27,N/A
295,2025-01-10 17:00:49.458123,27,N/A
296,2025-01-10 17:00:49.674927,13,N/A
297,2025-01-10 17:00:49.941555,20,N/A
298,2025-01-10 17:00:50.413608,34,N/A
299,2025-01-10 17:00:50.719186,29,N/A
300,2025-01-10 17:00:50.995879,26,N/A
301,2025-01-10 17:00:51.267885,20,N/A
302,2025-01-10 17:00:51.516472,17,N/A
303,2025-01-10 17:00:51.835793,23,N/A
304,2025-01-10 17:00:52.167870,33,N/A
305,2025-01-10 17:00:52.563708,32,N/A
306,2025-01-10 17:00:52.737666,9,N/A
307,2025-01-10 17:00:53.012065,22,N/A
308,2025-01-10 17:00:53.308611,27,N/A
309,2025-01-10 17:00:53.552999,15,N/A
310,2025-01-10 17:00:53.841749,20,N/A
311,2025-01-10 17:00:54.142923,23,N/A
312,2025-01-10 17:00:54.455407,26,N/A
313,2025-01-10 17:00:54.784595,26,N/A
314,2025-01-10 17:00:55.063743,20,N/A
315,2025-01-10 17:00:55.376995,23,N/A
316,2025-01-10 17:00:55.643410,23,N/A
317,2025-01-10 17:00:55.930415,21,N/A
318,2025-01-10 17:00:56.125396,10,N/A
319,2025-01-10 17:00:56.348720,12,N/A
320,2025-01-10 17:00:56.683855,24,N/A
321,2025-01-10 17:00:57.081581,40,N/A
322,2025-01-10 17:00:57.401245,29,N/A
323,2025-01-10 17:00:57.654972,17,N/A
324,2025-01-10 17:00:57.884567,17,N/A
325,2025-01-10 17:00:58.099423,14,N/A
326,2025-01-10 17:00:58.350130,16,N/A
327,2025-01-10 17:00:58.617325,21,N/A
328,2025-01-10 17:00:58.909566,18,N/A
329,2025-01-10 17:00:59.300004,32,N/A
330,2025-01-10 17:00:59.584271,18,N/A
331,2025-01-10 17:00:59.820364,13,N/A
332,2025-01-10 17:01:00.140973,23,N/A
333,2025-01-10 17:01:00.433839,26,N/A
334,2025-01-10 17:01:00.734562,23,N/A
335,2025-01-10 17:01:00.947066,11,N/A
336,2025-01-10 17:01:01.145617,9,N/A
337,2025-01-10 17:01:01.449781,22,N/A
338,2025-01-10 17:01:01.878725,35,N/A
339,2025-01-10 17:01:02.113774,17,N/A
340,2025-01-10 17:01:02.388154,19,N/A
341,2025-01-10 17:01:02.715169,31,N/A
342,2025-01-10 17:01:03.108100,38,N/A
343,2025-01-10 17:01:03.509251,35,N/A
344,2025-01-10 17:01:03.833872,29,N/A
345,2025-01-10 17:01:04.111514,22,N/A
346,2025-01-10 17:01:04.344837,16,N/A
347,2025-01-10 17:01:04.659595,23,N/A
348,2025-01-10 17:01:04.900155,18,N/A
349,2025-01-10 17:01:05.100201,8,N/A
350,2025-01-10 17:01:05.409303,24,N/A
351,2025-01-10 17:01:05.787766,37,N/A
352,2025-01-10 17:01:06.028834,18,N/A
353,2025-01-10 17:01:06.430340,39,N/A
354,2025-01-10 17:01:06.855439,38,N/A
355,2025-01-10 17:01:07.081605,13,N/A
356,2025-01-10 17:01:07.432977,31,N/A
357,2025-01-10 17:01:07.769874,28,N/A
358,2025-01-10 17:01:08.088777,26,N/A
359,2025-01-10 17:01:08.690463,49,N/A
360,2025-01-10 17:01:09.103858,35,N/A
361,2025-01-10 17:01:09.263767,5,N/A
362,2025-01-10 17:01:09.679481,42,N/A
363,2025-01-10 17:01:09.925821,14,N/A
364,2025-01-10 17:01:10.105440,6,N/A
365,2025-01-10 17:01:10.355456,19,N/A
366,2025-01-10 17:01:10.607179,15,N/A
367,2025-01-10 17:01:10.930427,24,N/A
368,2025-01-10 17:01:11.213120,22,N/A
369,2025-01-10 17:01:11.359195,2,N/A
370,2025-01-10 17:01:11.734018,29,N/A
371,2025-01-10 17:01:11.973960,16,N/A
372,2025-01-10 17:01:12.207817,12,N/A
373,2025-01-10 17:01:12.492936,21,N/A
374,2025-01-10 17:01:12.726280,14,N/A
375,2025-01-10 17:01:13.019258,26,N/A
376,2025-01-10 17:01:13.397097,37,N/A
377,2025-01-10 17:01:13.592373,12,N/A
378,2025-01-10 17:01:13.919746,30,N/A
379,2025-01-10 17:01:14.305284,33,N/A
380,2025-01-10 17:01:14.692326,32,N/A
381,2025-01-10 17:01:15.079266,29,N/A
382,2025-01-10 17:01:15.381672,24,N/A
383,2025-01-10 17:01:15.577612,9,N/A
384,2025-01-10 17:01:15.786393,11,N/A
385,2025-01-10 17:01:16.091003,25,N/A
386,2025-01-10 17:01:16.334648,18,N/A
387,2025-01-10 17:01:16.615779,23,N/A
388,2025-01-10 17:01:16.899391,20,N/A
389,2025-01-10 17:01:17.172119,21,N/A
390,2025-01-10 17:01:17.428716,16,N/A
391,2025-01-10 17:01:17.604146,6,N/A
392,2025-01-10 17:01:17.975181,35,N/A
393,2025-01-10 17:01:18.339350,33,N/A
394,2025-01-10 17:01:18.686968,31,N/A
395,2025-01-10 17:01:19.054240,35,N/A
396,2025-01-10 17:01:19.444932,31,N/A
397,2025-01-10 17:01:19.673829,13,N/A
398,2025-01-10 17:01:19.938796,19,N/A
399,2025-01-10 17:01:20.421945,42,N/A
400,2025-01-10 17:01:20.826261,35,N/A
401,2025-01-10 17:01:21.169346,31,N/A
402,2025-01-10 17:01:21.479083,24,N/A
403,2025-01-10 17:01:21.754430,16,N/A
404,2025-01-10 17:01:22.105453,22,N/A
405,2025-01-10 17:01:22.380462,21,N/A
406,2025-01-10 17:01:22.711077,26,N/A
407,2025-01-10 17:01:22.938380,14,N/A
408,2025-01-10 17:01:23.408159,41,N/A
409,2025-01-10 17:01:23.946308,50,N/A
410,2025-01-10 17:01:24.324065,30,N/A
411,2025-01-10 17:01:24.551138,15,N/A
412,2025-01-10 17:01:24.967465,33,N/A
413,2025-01-10 17:01:25.158590,8,N/A
414,2025-01-10 17:01:25.396122,17,N/A
415,2025-01-10 17:01:25.708357,29,N/A
416,2025-01-10 17:01:25.964612,17,N/A
417,2025-01-10 17:01:26.339898,36,N/A
418,2025-01-10 17:01:26.672753,26,N/A
419,2025-01-10 17:01:26.888192,15,N/A
420,2025-01-10 17:01:27.165773,25,N/A
421,2025-01-10 17:01:27.456396,21,N/A
422,2025-01-10 17:01:27.679245,17,N/A
423,2025-01-10 17:01:28.016735,29,N/A
424,2025-01-10 17:01:28.354392,26,N/A
425,2025-01-10 17:01:28.570284,11,N/A
426,2025-01-10 17:01:28.864186,22,N/A
427,2025-01-10 17:01:29.174288,26,N/A
428,2025-01-10 17:01:29.543874,38,N/A
429,2025-01-10 17:01:29.855816,27,N/A
430,2025-01-10 17:01:30.089774,14,N/A
431,2025-01-10 17:01:30.388290,22,N/A
432,2025-01-10 17:01:30.942053,51,N/A
433,2025-01-10 17:01:31.313041,32,N/A
434,2025-01-10 17:01:31.809697,34,N/A
435,2025-01-10 17:01:32.041406,14,N/A
436,2025-01-10 17:01:32.372028,26,N/A
437,2025-01-10 17:01:32.728884,33,N/A
438,2025-01-10 17:01:32.997513,18,N/A
439,2025-01-10 17:01:33.522086,49,N/A
440,2025-01-10 17:01:33.695104,9,N/A
441,2025-01-10 17:01:34.085873,35,N/A
442,2025-01-10 17:01:34.324381,15,N/A
443,2025-01-10 17:01:34.584629,20,N/A
444,2025-01-10 17:01:34.930101,31,N/A
445,2025-01-10 17:01:35.176111,17,N/A
446,2025-01-10 17:01:35.490715,26,N/A
447,2025-01-10 17:01:35.807043,24,N/A
448,2025-01-10 17:01:36.172653,33,N/A
449,2025-01-10 17:01:36.599101,46,N/A
450,2025-01-10 17:01:36.932676,32,N/A
451,2025-01-10 17:01:37.203366,23,N/A
452,2025-01-10 17:01:37.434482,14,N/A
453,2025-01-10 17:01:37.726427,27,N/A
454,2025-01-10 17:01:38.146434,33,N/A
455,2025-01-10 17:01:38.493699,30,N/A
456,2025-01-10 17:01:38.796202,21,N/A
457,2025-01-10 17:01:39.132508,23,N/A
458,2025-01-10 17:01:39.362966,14,N/A
459,2025-01-10 17:01:39.624071,20,N/A
460,2025-01-10 17:01:39.949850,29,N/A
461,2025-01-10 17:01:40.222790,21,N/A
462,2025-01-10 17:01:40.496660,21,N/A
463,2025-01-10 17:01:40.839047,31,N/A
464,2025-01-10 17:01:41.107228,24,N/A
465,2025-01-10 17:01:41.484213,40,N/A
466,2025-01-10 17:01:41.876220,35,N/A
467,2025-01-10 17:01:42.108471,15,N/A
468,2025-01-10 17:01:42.385852,26,N/A
469,2025-01-10 17:01:42.670961,24,N/A
470,2025-01-10 17:01:42.833411,5,N/A
471,2025-01-10 17:01:43.179135,30,N/A
472,2025-01-10 17:01:43.515108,34,N/A
473,2025-01-10 17:01:43.756245,18,N/A
474,2025-01-10 17:01:44.073637,32,N/A
475,2025-01-10 17:01:44.313100,16,N/A
476,2025-01-10 17:01:44.513244,10,N/A
477,2025-01-10 17:01:44.699900,9,N/A
478,2025-01-10 17:01:44.964339,17,N/A
479,2025-01-10 17:01:45.323611,35,N/A
480,2025-01-10 17:01:45.550077,17,N/A
481,2025-01-10 17:01:45.919344,31,N/A
482,2025-01-10 17:01:46.318313,40,N/A
483,2025-01-10 17:01:46.556619,17,N/A
484,2025-01-10 17:01:46.938820,32,N/A
485,2025-01-10 17:01:47.368413,39,N/A
486,2025-01-10 17:01:47.748882,35,N/A
487,2025-01-10 17:01:48.003680,16,N/A
488,2025-01-10 17:01:48.294170,10,N/A
489,2025-01-10 17:01:48.732832,36,N/A
490,2025-01-10 17:01:49.033711,23,N/A
491,2025-01-10 17:01:49.249928,12,N/A
492,2025-01-10 17:01:49.541666,21,N/A
493,2025-01-10 17:01:49.777959,16,N/A
494,2025-01-10 17:01:50.075475,25,N/A
495,2025-01-10 17:01:50.387511,21,N/A
496,2025-01-10 17:01:50.786905,36,N/A
497,2025-01-10 17:01:51.018077,15,N/A
498,2025-01-10 17:01:51.378927,27,N/A
499,2025-01-10 17:01:51.782374,33,N/A
500,2025-01-10 17:01:51.970550,7,N/A
501,2025-01-10 17:01:52.219140,13,N/A
502,2025-01-10 17:01:52.533088,28,N/A
503,2025-01-10 17:01:52.756458,13,N/A
504,2025-01-10 17:01:53.120770,24,N/A
505,2025-01-10 17:01:53.403682,26,N/A
506,2025-01-10 17:01:53.714839,24,N/A
507,2025-01-10 17:01:54.009879,21,N/A
508,2025-01-10 17:01:54.247541,13,N/A
509,2025-01-10 17:01:54.546035,23,N/A
510,2025-01-10 17:01:54.818136,18,N/A
511,2025-01-10 17:01:55.059493,16,N/A
512,2025-01-10 17:01:55.379379,19,N/A
513,2025-01-10 17:01:55.756842,33,N/A
514,2025-01-10 17:01:56.069057,17,N/A
515,2025-01-10 17:01:56.384492,25,N/A
516,2025-01-10 17:01:56.815993,33,N/A
517,2025-01-10 17:01:57.125426,28,N/A
518,2025-01-10 17:01:57.414883,17,N/A
519,2025-01-10 17:01:57.740099,24,N/A
520,2025-01-10 17:01:57.943473,9,N/A
521,2025-01-10 17:01:58.308288,33,N/A
522,2025-01-10 17:01:58.600573,27,N/A
523,2025-01-10 17:01:58.912438,25,N/A
524,2025-01-10 17:01:59.271955,36,N/A
525,2025-01-10 17:01:59.705927,42,N/A
526,2025-01-10 17:02:00.182199,41,N/A
527,2025-01-10 17:02:00.477839,22,N/A
528,2025-01-10 17:02:00.795610,27,N/A
529,2025-01-10 17:02:00.998413,11,N/A
530,2025-01-10 17:02:01.283668,20,N/A
531,2025-01-10 17:02:01.529616,16,N/A
532,2025-01-10 17:02:01.711008,4,N/A
533,2025-01-10 17:02:01.932655,10,N/A
534,2025-01-10 17:02:02.217343,22,N/A
535,2025-01-10 17:02:02.458700,23,N/A
536,2025-01-10 17:02:02.901410,38,N/A
537,2025-01-10 17:02:03.153893,16,N/A
538,2025-01-10 17:02:03.495929,31,N/A
539,2025-01-10 17:02:03.790044,23,N/A
540,2025-01-10 17:02:04.059009,24,N/A
541,2025-01-10 17:02:04.341472,20,N/A
542,2025-01-10 17:02:04.643387,25,N/A
543,2025-01-10 17:02:04.903748,17,N/A
544,2025-01-10 17:02:05.174147,20,N/A
545,2025-01-10 17:02:05.375789,9,N/A
546,2025-01-10 17:02:05.704345,29,N/A
547,2025-01-10 17:02:06.045294,28,N/A
548,2025-01-10 17:02:06.408317,23,N/A
549,2025-01-10 17:02:06.640103,13,N/A
550,2025-01-10 17:02:06.912944,21,N/A
551,2025-01-10 17:02:07.206554,21,N/A
552,2025-01-10 17:02:07.448667,16,N/A
553,2025-01-10 17:02:07.701711,15,N/A
554,2025-01-10 17:02:08.109125,37,N/A
555,2025-01-10 17:02:08.455563,29,N/A
556,2025-01-10 17:02:08.633399,8,N/A
557,2025-01-10 17:02:08.917006,21,N/A
558,2025-01-10 17:02:09.125128,12,N/A
559,2025-01-10 17:02:09.413500,22,N/A
560,2025-01-10 17:02:09.724168,27,N/A
561,2025-01-10 17:02:10.039242,28,N/A
562,2025-01-10 17:02:10.373204,28,N/A
563,2025-01-10 17:02:10.728706,29,N/A
564,2025-01-10 17:02:10.969524,19,N/A
565,2025-01-10 17:02:11.288287,28,N/A
566,2025-01-10 17:02:11.549519,20,N/A
567,2025-01-10 17:02:11.784640,15,N/A
568,2025-01-10 17:02:12.160756,33,N/A
569,2025-01-10 17:02:12.446999,24,N/A
570,2025-01-10 17:02:12.631160,9,N/A
571,2025-01-10 17:02:12.886728,17,N/A
572,2025-01-10 17:02:13.250650,38,N/A
573,2025-01-10 17:02:13.452862,9,N/A
574,2025-01-10 17:02:13.779651,30,N/A
575,2025-01-10 17:02:14.067781,19,N/A
576,2025-01-10 17:02:14.372848,28,N/A
577,2025-01-10 17:02:14.682991,26,N/A
578,2025-01-10 17:02:14.912695,17,N/A
579,2025-01-10 17:02:15.171115,16,N/A
580,2025-01-10 17:02:15.353767,7,N/A
581,2025-01-10 17:02:15.592568,15,N/A
582,2025-01-10 17:02:15.946044,29,N/A
583,2025-01-10 17:02:16.221606,19,N/A
584,2025-01-10 17:02:16.489177,23,N/A
585,2025-01-10 17:02:16.765437,16,N/A
586,2025-01-10 17:02:17.001139,17,N/A
587,2025-01-10 17:02:17.195534,10,N/A
588,2025-01-10 17:02:17.549401,30,N/A
589,2025-01-10 17:02:17.852622,30,N/A
590,2025-01-10 17:02:18.085990,17,N/A
591,2025-01-10 17:02:18.372212,25,N/A
592,2025-01-10 17:02:18.600609,9,N/A
593,2025-01-10 17:02:18.922093,30,N/A
594,2025-01-10 17:02:19.100453,7,N/A
595,2025-01-10 17:02:19.393776,20,N/A
596,2025-01-10 17:02:19.659317,20,N/A
597,2025-01-10 17:02:19.987804,28,N/A
598,2025-01-10 17:02:20.272228,22,N/A
599,2025-01-10 17:02:20.564239,21,N/A
600,2025-01-10 17:02:20.817748,21,N/A
601,2025-01-10 17:02:21.029530,10,N/A
602,2025-01-10 17:02:21.264656,15,N/A
603,2025-01-10 17:02:21.507184,12,N/A
604,2025-01-10 17:02:21.729700,17,N/A
605,2025-01-10 17:02:22.020597,23,N/A
606,2025-01-10 17:02:22.250630,14,N/A
607,2025-01-10 17:02:22.599545,31,N/A
608,2025-01-10 17:02:22.920261,26,N/A
609,2025-01-10 17:02:23.181998,25,N/A
610,2025-01-10 17:02:23.445197,19,N/A
611,2025-01-10 17:02:23.687158,14,N/A
612,2025-01-10 17:02:24.027053,21,N/A
613,2025-01-10 17:02:24.404636,30,N/A
614,2025-01-10 17:02:24.719423,32,N/A
615,2025-01-10 17:02:25.149846,34,N/A
616,2025-01-10 17:02:25.370326,11,N/A
617,2025-01-10 17:02:25.807538,38,N/A
618,2025-01-10 17:02:26.229539,33,N/A
619,2025-01-10 17:02:26.525413,24,N/A
620,2025-01-10 17:02:26.763512,20,N/A
621,2025-01-10 17:02:27.069527,21,N/A
622,2025-01-10 17:02:27.286398,11,N/A
623,2025-01-10 17:02:27.563167,20,N/A
624,2025-01-10 17:02:27.844523,24,N/A
625,2025-01-10 17:02:28.155355,28,N/A
626,2025-01-10 17:02:28.474234,28,N/A
627,2025-01-10 17:02:28.797201,28,N/A
628,2025-01-10 17:02:29.065377,21,N/A
629,2025-01-10 17:02:29.478279,41,N/A
630,2025-01-10 17:02:29.692671,14,N/A
631,2025-01-10 17:02:30.019734,27,N/A
632,2025-01-10 17:02:30.275594,19,N/A
633,2025-01-10 17:02:30.545027,15,N/A
634,2025-01-10 17:02:30.967429,37,N/A
635,2025-01-10 17:02:31.282653,29,N/A
636,2025-01-10 17:02:31.493702,17,N/A
637,2025-01-10 17:02:31.758409,22,N/A
638,2025-01-10 17:02:32.017184,17,N/A
639,2025-01-10 17:02:32.281917,18,N/A
640,2025-01-10 17:02:32.558499,22,N/A
641,2025-01-10 17:02:32.932589,35,N/A
642,2025-01-10 17:02:33.226199,26,N/A
643,2025-01-10 17:02:33.468649,18,N/A
644,2025-01-10 17:02:33.766049,20,N/A
645,2025-01-10 17:02:34.096829,28,N/A
646,2025-01-10 17:02:34.363597,22,N/A
647,2025-01-10 17:02:34.642964,20,N/A
648,2025-01-10 17:02:34.926744,23,N/A
649,2025-01-10 17:02:35.384735,46,N/A
650,2025-01-10 17:02:35.751828,33,N/A
651,2025-01-10 17:02:36.009773,22,N/A
652,2025-01-10 17:02:36.449384,39,N/A
653,2025-01-10 17:02:36.841755,32,N/A
654,2025-01-10 17:02:37.136789,26,N/A
655,2025-01-10 17:02:37.540073,40,N/A
656,2025-01-10 17:02:37.838683,24,N/A
657,2025-01-10 17:02:38.121257,20,N/A
658,2025-01-10 17:02:38.421564,22,N/A
659,2025-01-10 17:02:38.645230,13,N/A
660,2025-01-10 17:02:38.826792,9,N/A
661,2025-01-10 17:02:39.099267,16,N/A
662,2025-01-10 17:02:39.424494,26,N/A
663,2025-01-10 17:02:39.801788,28,N/A
664,2025-01-10 17:02:39.999356,15,N/A
665,2025-01-10 17:02:40.398997,33,N/A
666,2025-01-10 17:02:40.698085,27,N/A
667,2025-01-10 17:02:40.927101,14,N/A
668,2025-01-10 17:02:41.208911,21,N/A
669,2025-01-10 17:02:41.512277,23,N/A
670,2025-01-10 17:02:41.976210,35,N/A
671,2025-01-10 17:02:42.218282,15,N/A
672,2025-01-10 17:02:42.599883,30,N/A
673,2025-01-10 17:02:42.971473,21,N/A
674,2025-01-10 17:02:43.257504,21,N/A
675,2025-01-10 17:02:43.502312,14,N/A
676,2025-01-10 17:02:43.710416,15,N/A
677,2025-01-10 17:02:44.110211,32,N/A
678,2025-01-10 17:02:44.330035,15,N/A
679,2025-01-10 17:02:44.709602,28,N/A
680,2025-01-10 17:02:44.954663,17,N/A
681,2025-01-10 17:02:45.304896,28,N/A
682,2025-01-10 17:02:45.494030,12,N/A
683,2025-01-10 17:02:45.852341,25,N/A
684,2025-01-10 17:02:46.189704,29,N/A
685,2025-01-10 17:02:46.525024,28,N/A
686,2025-01-10 17:02:46.815432,25,N/A
687,2025-01-10 17:02:47.118512,24,N/A
688,2025-01-10 17:02:47.396353,24,N/A
689,2025-01-10 17:02:47.603276,9,N/A
690,2025-01-10 17:02:47.815824,11,N/A
691,2025-01-10 17:02:48.088427,19,N/A
692,2025-01-10 17:02:48.404555,29,N/A
693,2025-01-10 17:02:48.669415,21,N/A
694,2025-01-10 17:02:49.045421,36,N/A
695,2025-01-10 17:02:49.444313,38,N/A
696,2025-01-10 17:02:49.880846,39,N/A
697,2025-01-10 17:02:50.212022,24,N/A
698,2025-01-10 17:02:50.483520,20,N/A
699,2025-01-10 17:02:50.738904,18,N/A
700,2025-01-10 17:02:50.947804,12,N/A
701,2025-01-10 17:02:51.271597,26,N/A
702,2025-01-10 17:02:51.538886,24,N/A
703,2025-01-10 17:02:51.872651,26,N/A
704,2025-01-10 17:02:52.267597,39,N/A
705,2025-01-10 17:02:52.706588,34,N/A
706,2025-01-10 17:02:52.987150,18,N/A
707,2025-01-10 17:02:53.344638,28,N/A
708,2025-01-10 17:02:53.606606,17,N/A
709,2025-01-10 17:02:53.892414,23,N/A
710,2025-01-10 17:02:54.101622,16,N/A
711,2025-01-10 17:02:54.507835,45,N/A
712,2025-01-10 17:02:54.753349,18,N/A
713,2025-01-10 17:02:55.004590,18,N/A
714,2025-01-10 17:02:55.312823,22,N/A
715,2025-01-10 17:02:55.584624,23,N/A
716,2025-01-10 17:02:55.897245,26,N/A
717,2025-01-10 17:02:56.217775,23,N/A
718,2025-01-10 17:02:56.593275,35,N/A
719,2025-01-10 17:02:56.921307,28,N/A
720,2025-01-10 17:02:57.208105,18,N/A
721,2025-01-10 17:02:57.458766,18,N/A
722,2025-01-10 17:02:57.864785,35,N/A
723,2025-01-10 17:02:58.296676,35,N/A
724,2025-01-10 17:02:58.492292,10,N/A
725,2025-01-10 17:02:58.739661,14,N/A
726,2025-01-10 17:02:59.008576,21,N/A
727,2025-01-10 17:02:59.303379,22,N/A
728,2025-01-10 17:02:59.574040,19,N/A
729,2025-01-10 17:02:59.974907,37,N/A
730,2025-01-10 17:03:00.338800,31,N/A
731,2025-01-10 17:03:00.720529,33,N/A
732,2025-01-10 17:03:00.979399,16,N/A
733,2025-01-10 17:03:01.210587,18,N/A
734,2025-01-10 17:03:01.592790,33,N/A
735,2025-01-10 17:03:01.877651,28,N/A
736,2025-01-10 17:03:02.343416,30,N/A
737,2025-01-10 17:03:02.594633,15,N/A
738,2025-01-10 17:03:02.911119,25,N/A
739,2025-01-10 17:03:03.158292,17,N/A
740,2025-01-10 17:03:03.440634,22,N/A
741,2025-01-10 17:03:03.682666,17,N/A
742,2025-01-10 17:03:04.050861,32,N/A
743,2025-01-10 17:03:04.391914,30,N/A
744,2025-01-10 17:03:04.656616,20,N/A
745,2025-01-10 17:03:04.931978,20,N/A
746,2025-01-10 17:03:05.157197,14,N/A
747,2025-01-10 17:03:05.419158,25,N/A
748,2025-01-10 17:03:05.676891,20,N/A
749,2025-01-10 17:03:06.003178,25,N/A
750,2025-01-10 17:03:06.234018,18,N/A
751,2025-01-10 17:03:06.479751,12,N/A
752,2025-01-10 17:03:06.773430,21,N/A
753,2025-01-10 17:03:07.002941,17,N/A
754,2025-01-10 17:03:07.446171,40,N/A
755,2025-01-10 17:03:07.762548,24,N/A
756,2025-01-10 17:03:07.993447,10,N/A
757,2025-01-10 17:03:08.212691,11,N/A
758,2025-01-10 17:03:08.387977,7,N/A
759,2025-01-10 17:03:08.629964,16,N/A
760,2025-01-10 17:03:08.884117,16,N/A
761,2025-01-10 17:03:09.293567,40,N/A
762,2025-01-10 17:03:09.551119,24,N/A
763,2025-01-10 17:03:09.847293,22,N/A
764,2025-01-10 17:03:10.062180,13,N/A
765,2025-01-10 17:03:10.385440,24,N/A
766,2025-01-10 17:03:10.679178,32,N/A
767,2025-01-10 17:03:11.085780,33,N/A
768,2025-01-10 17:03:11.365536,19,N/A
769,2025-01-10 17:03:11.598538,16,N/A
770,2025-01-10 17:03:11.890852,21,N/A
771,2025-01-10 17:03:12.165156,20,N/A
772,2025-01-10 17:03:12.508998,28,N/A
773,2025-01-10 17:03:12.786417,23,N/A
774,2025-01-10 17:03:13.171578,32,N/A
775,2025-01-10 17:03:13.398149,15,N/A
776,2025-01-10 17:03:13.736567,33,N/A
777,2025-01-10 17:03:14.220002,46,N/A
778,2025-01-10 17:03:14.561322,31,N/A
779,2025-01-10 17:03:14.848862,24,N/A
780,2025-01-10 17:03:15.050144,11,N/A
781,2025-01-10 17:03:15.283032,14,N/A
782,2025-01-10 17:03:15.739676,31,N/A
783,2025-01-10 17:03:16.000019,22,N/A
784,2025-01-10 17:03:16.218390,16,N/A
785,2025-01-10 17:03:16.466853,22,N/A
786,2025-01-10 17:03:16.791506,27,N/A
787,2025-01-10 17:03:17.169550,30,N/A
788,2025-01-10 17:03:17.450807,23,N/A
789,2025-01-10 17:03:17.749344,30,N/A
790,2025-01-10 17:03:18.039475,22,N/A
791,2025-01-10 17:03:18.449124,34,N/A
792,2025-01-10 17:03:18.751029,24,N/A
793,2025-01-10 17:03:18.964104,13,N/A
794,2025-01-10 17:03:19.198855,16,N/A
795,2025-01-10 17:03:19.453672,17,N/A
796,2025-01-10 17:03:19.751759,23,N/A
797,2025-01-10 17:03:20.008417,19,N/A
798,2025-01-10 17:03:20.337420,27,N/A
799,2025-01-10 17:03:20.664967,26,N/A
800,2025-01-10 17:03:20.975966,22,N/A
801,2025-01-10 17:03:21.273956,23,N/A
802,2025-01-10 17:03:21.501534,13,N/A
803,2025-01-10 17:03:21.803658,26,N/A
804,2025-01-10 17:03:22.086705,19,N/A
805,2025-01-10 17:03:22.494672,24,N/A
806,2025-01-10 17:03:22.828190,30,N/A
807,2025-01-10 17:03:23.034411,12,N/A
808,2025-01-10 17:03:23.355295,25,N/A
809,2025-01-10 17:03:23.612183,23,N/A
810,2025-01-10 17:03:23.913384,22,N/A
811,2025-01-10 17:03:24.124696,9,N/A
812,2025-01-10 17:03:24.588885,35,N/A
813,2025-01-10 17:03:24.871688,24,N/A
814,2025-01-10 17:03:25.193242,27,N/A
815,2025-01-10 17:03:25.401611,11,N/A
816,2025-01-10 17:03:25.726574,23,N/A
817,2025-01-10 17:03:25.940438,14,N/A
818,2025-01-10 17:03:26.276554,31,N/A
819,2025-01-10 17:03:26.543241,21,N/A
820,2025-01-10 17:03:26.853607,27,N/A
821,2025-01-10 17:03:27.218911,33,N/A
822,2025-01-10 17:03:27.458192,16,N/A
823,2025-01-10 17:03:27.823064,31,N/A
824,2025-01-10 17:03:28.145820,28,N/A
825,2025-01-10 17:03:28.494623,35,N/A
826,2025-01-10 17:03:28.717423,13,N/A
827,2025-01-10 17:03:29.046589,27,N/A
828,2025-01-10 17:03:29.348938,28,N/A
829,2025-01-10 17:03:29.733753,35,N/A
830,2025-01-10 17:03:30.009896,24,N/A
831,2025-01-10 17:03:30.395000,37,N/A
832,2025-01-10 17:03:30.650205,22,N/A
833,2025-01-10 17:03:30.915850,21,N/A
834,2025-01-10 17:03:31.241926,30,N/A
835,2025-01-10 17:03:31.477896,16,N/A
836,2025-01-10 17:03:31.743819,17,N/A
837,2025-01-10 17:03:32.118040,31,N/A
838,2025-01-10 17:03:32.489064,34,N/A
839,2025-01-10 17:03:32.657183,7,N/A
840,2025-01-10 17:03:32.929841,16,N/A
841,2025-01-10 17:03:33.197108,22,N/A
842,2025-01-10 17:03:33.724014,42,N/A
843,2025-01-10 17:03:34.005327,25,N/A
844,2025-01-10 17:03:34.194155,10,N/A
845,2025-01-10 17:03:34.387888,9,N/A
846,2025-01-10 17:03:34.677632,19,N/A
847,2025-01-10 17:03:35.031257,26,N/A
848,2025-01-10 17:03:35.495101,46,N/A
849,2025-01-10 17:03:35.667929,9,N/A
850,2025-01-10 17:03:36.051171,33,N/A
851,2025-01-10 17:03:36.321256,20,N/A
852,2025-01-10 17:03:36.579132,15,N/A
853,2025-01-10 17:03:36.898318,25,N/A
854,2025-01-10 17:03:37.125574,17,N/A
855,2025-01-10 17:03:37.367110,20,N/A
856,2025-01-10 17:03:37.550088,9,N/A
857,2025-01-10 17:03:37.891387,28,N/A
858,2025-01-10 17:03:38.087251,9,N/A
859,2025-01-10 17:03:38.327114,17,N/A
860,2025-01-10 17:03:38.626110,24,N/A
861,2025-01-10 17:03:38.884910,17,N/A
862,2025-01-10 17:03:39.305620,32,N/A
863,2025-01-10 17:03:39.513394,12,N/A
864,2025-01-10 17:03:39.751665,16,N/A
865,2025-01-10 17:03:40.036835,24,N/A
866,2025-01-10 17:03:40.379424,27,N/A
867,2025-01-10 17:03:40.716365,34,N/A
868,2025-01-10 17:03:41.002652,21,N/A
869,2025-01-10 17:03:41.225759,15,N/A
870,2025-01-10 17:03:41.478461,17,N/A
871,2025-01-10 17:03:41.739085,22,N/A
872,2025-01-10 17:03:42.056365,27,N/A
873,2025-01-10 17:03:42.275208,11,N/A
874,2025-01-10 17:03:42.488876,13,N/A
875,2025-01-10 17:03:42.824553,31,N/A
876,2025-01-10 17:03:43.089809,14,N/A
877,2025-01-10 17:03:43.353223,16,N/A
878,2025-01-10 17:03:43.678400,27,N/A
879,2025-01-10 17:03:44.002647,27,N/A
880,2025-01-10 17:03:44.294069,22,N/A
881,2025-01-10 17:03:44.582648,19,N/A
882,2025-01-10 17:03:44.828567,17,N/A
883,2025-01-10 17:03:45.180118,29,N/A
884,2025-01-10 17:03:45.509926,28,N/A
885,2025-01-10 17:03:45.944398,26,N/A
886,2025-01-10 17:03:46.181153,13,N/A
887,2025-01-10 17:03:46.621375,37,N/A
888,2025-01-10 17:03:46.877556,23,N/A
889,2025-01-10 17:03:47.169510,24,N/A
890,2025-01-10 17:03:47.484246,29,N/A
891,2025-01-10 17:03:47.786427,26,N/A
892,2025-01-10 17:03:48.109603,27,N/A
893,2025-01-10 17:03:48.310167,10,N/A
894,2025-01-10 17:03:48.550668,13,N/A
895,2025-01-10 17:03:48.747708,8,N/A
896,2025-01-10 17:03:49.108884,28,N/A
897,2025-01-10 17:03:49.338078,15,N/A
898,2025-01-10 17:03:49.576227,16,N/A
899,2025-01-10 17:03:49.808212,16,N/A
900,2025-01-10 17:03:50.102865,24,N/A
901,2025-01-10 17:03:50.456895,28,N/A
902,2025-01-10 17:03:50.654184,9,N/A
903,2025-01-10 17:03:50.943633,20,N/A
904,2025-01-10 17:03:51.178883,14,N/A
905,2025-01-10 17:03:51.481442,21,N/A
906,2025-01-10 17:03:51.706392,13,N/A
907,2025-01-10 17:03:51.905436,8,N/A
908,2025-01-10 17:03:52.245100,32,N/A
909,2025-01-10 17:03:52.568694,27,N/A
910,2025-01-10 17:03:52.817825,16,N/A
911,2025-01-10 17:03:53.108762,26,N/A
912,2025-01-10 17:03:53.378177,19,N/A
913,2025-01-10 17:03:53.709776,30,N/A
914,2025-01-10 17:03:54.039317,27,N/A
915,2025-01-10 17:03:54.317963,19,N/A
916,2025-01-10 17:03:54.545355,12,N/A
917,2025-01-10 17:03:54.972427,38,N/A
918,2025-01-10 17:03:55.143984,6,N/A
919,2025-01-10 17:03:55.511585,33,N/A
920,2025-01-10 17:03:55.844455,24,N/A
921,2025-01-10 17:03:56.160103,28,N/A
922,2025-01-10 17:03:56.471807,27,N/A
923,2025-01-10 17:03:56.688342,16,N/A
924,2025-01-10 17:03:57.003420,30,N/A
925,2025-01-10 17:03:57.298728,25,N/A
926,2025-01-10 17:03:57.639943,30,N/A
927,2025-01-10 17:03:57.920864,23,N/A
928,2025-01-10 17:03:58.193771,18,N/A
929,2025-01-10 17:03:58.456208,19,N/A
930,2025-01-10 17:03:58.721279,20,N/A
931,2025-01-10 17:03:59.073869,36,N/A
932,2025-01-10 17:03:59.457012,34,N/A
933,2025-01-10 17:03:59.815854,33,N/A
934,2025-01-10 17:04:00.155860,34,N/A
935,2025-01-10 17:04:00.399685,17,N/A
936,2025-01-10 17:04:00.686337,22,N/A
937,2025-01-10 17:04:00.938850,20,N/A
938,2025-01-10 17:04:01.182555,20,N/A
939,2025-01-10 17:04:01.371302,9,N/A
940,2025-01-10 17:04:01.660064,21,N/A
941,2025-01-10 17:04:01.957056,20,N/A
942,2025-01-10 17:04:02.217310,14,N/A
943,2025-01-10 17:04:02.494070,22,N/A
944,2025-01-10 17:04:02.717716,14,N/A
945,2025-01-10 17:04:03.084601,32,N/A
946,2025-01-10 17:04:03.600688,46,N/A
947,2025-01-10 17:04:03.949329,29,N/A
948,2025-01-10 17:04:04.372052,41,N/A
949,2025-01-10 17:04:04.717501,28,N/A
950,2025-01-10 17:04:05.078858,31,N/A
951,2025-01-10 17:04:05.336110,17,N/A
952,2025-01-10 17:04:05.763815,36,N/A
953,2025-01-10 17:04:05.969301,8,N/A
954,2025-01-10 17:04:06.216108,14,N/A
955,2025-01-10 17:04:06.551852,29,N/A
956,2025-01-10 17:04:06.850336,22,N/A
957,2025-01-10 17:04:07.135189,19,N/A
958,2025-01-10 17:04:07.428457,24,N/A
959,2025-01-10 17:04:07.667870,12,N/A
960,2025-01-10 17:04:07.957669,25,N/A
961,2025-01-10 17:04:08.224925,21,N/A
962,2025-01-10 17:04:08.410296,10,N/A
963,2025-01-10 17:04:08.736807,27,N/A
964,2025-01-10 17:04:09.062692,31,N/A
965,2025-01-10 17:04:09.526557,41,N/A
966,2025-01-10 17:04:09.707125,12,N/A
967,2025-01-10 17:04:10.067987,26,N/A
968,2025-01-10 17:04:10.628939,37,N/A
969,2025-01-10 17:04:10.898153,23,N/A
970,2025-01-10 17:04:11.173181,18,N/A
971,2025-01-10 17:04:11.430257,20,N/A
972,2025-01-10 17:04:11.663262,16,N/A
973,2025-01-10 17:04:11.990896,27,N/A
974,2025-01-10 17:04:12.238238,20,N/A
975,2025-01-10 17:04:12.556709,28,N/A
976,2025-01-10 17:04:12.840927,25,N/A
977,2025-01-10 17:04:13.083892,15,N/A
978,2025-01-10 17:04:13.383455,26,N/A
979,2025-01-10 17:04:13.796426,34,N/A
980,2025-01-10 17:04:14.108564,26,N/A
981,2025-01-10 17:04:14.397178,17,N/A
982,2025-01-10 17:04:14.620366,15,N/A
983,2025-01-10 17:04:14.887186,17,N/A
984,2025-01-10 17:04:15.236705,33,N/A
985,2025-01-10 17:04:15.500428,19,N/A
986,2025-01-10 17:04:15.857660,29,N/A
987,2025-01-10 17:04:16.330908,35,N/A
988,2025-01-10 17:04:16.597107,18,N/A
989,2025-01-10 17:04:16.877251,16,N/A
990,2025-01-10 17:04:17.204366,23,N/A
991,2025-01-10 17:04:17.455987,17,N/A
992,2025-01-10 17:04:17.848289,28,N/A
993,2025-01-10 17:04:18.193543,29,N/A
994,2025-01-10 17:04:18.486073,19,N/A
995,2025-01-10 17:04:18.856409,30,N/A
996,2025-01-10 17:04:19.160536,25,N/A
997,2025-01-10 17:04:19.411798,18,N/A
998,2025-01-10 17:04:19.818173,34,N/A
999,2025-01-10 17:04:20.109281,27,N/A
1000,2025-01-10 17:04:20.556579,40,N/A
1001,2025-01-10 17:04:20.784143,17,N/A
1002,2025-01-10 17:04:21.179108,28,N/A
1003,2025-01-10 17:04:21.425531,18,N/A
1004,2025-01-10 17:04:21.706159,25,N/A
1005,2025-01-10 17:04:22.082808,35,N/A
1006,2025-01-10 17:04:22.355510,23,N/A
1007,2025-01-10 17:04:22.585820,17,N/A
1008,2025-01-10 17:04:22.798518,13,N/A
1009,2025-01-10 17:04:23.202899,37,N/A
1010,2025-01-10 17:04:23.454102,16,N/A
1011,2025-01-10 17:04:23.702885,17,N/A
1012,2025-01-10 17:04:23.905637,9,N/A
1013,2025-01-10 17:04:24.173600,19,N/A
1014,2025-01-10 17:04:24.487438,27,N/A
1015,2025-01-10 17:04:24.749198,21,N/A
1016,2025-01-10 17:04:25.151073,36,N/A
1017,2025-01-10 17:04:25.455836,26,N/A
1018,2025-01-10 17:04:25.682777,13,N/A
1019,2025-01-10 17:04:25.966090,20,N/A
1020,2025-01-10 17:04:26.191111,14,N/A
1021,2025-01-10 17:04:26.466131,21,N/A
1022,2025-01-10 17:04:26.695805,14,N/A
1023,2025-01-10 17:04:26.946947,19,N/A
1024,2025-01-10 17:04:27.199431,17,N/A
1025,2025-01-10 17:04:27.487457,26,N/A
1026,2025-01-10 17:04:27.771868,22,N/A
1027,2025-01-10 17:04:28.104116,23,N/A
1028,2025-01-10 17:04:28.470776,31,N/A
1029,2025-01-10 17:04:28.708902,18,N/A
1030,2025-01-10 17:04:28.944003,18,N/A
1031,2025-01-10 17:04:29.161940,14,N/A
1032,2025-01-10 17:04:29.443312,18,N/A
1033,2025-01-10 17:04:29.657091,15,N/A
1034,2025-01-10 17:04:29.845259,8,N/A
1035,2025-01-10 17:04:30.102867,22,N/A
1036,2025-01-10 17:04:30.346849,17,N/A
1037,2025-01-10 17:04:30.634337,25,N/A
1038,2025-01-10 17:04:30.975807,30,N/A
1039,2025-01-10 17:04:31.181770,15,N/A
1040,2025-01-10 17:04:31.610173,37,N/A
1041,2025-01-10 17:04:32.002568,37,N/A
1042,2025-01-10 17:04:32.500153,41,N/A
1043,2025-01-10 17:04:32.784883,25,N/A
1044,2025-01-10 17:04:33.005638,15,N/A
1045,2025-01-10 17:04:33.234871,11,N/A
1046,2025-01-10 17:04:33.497519,19,N/A
1047,2025-01-10 17:04:33.792847,27,N/A
1048,2025-01-10 17:04:34.030681,16,N/A
1049,2025-01-10 17:04:34.308301,20,N/A
1050,2025-01-10 17:04:34.635011,30,N/A
1051,2025-01-10 17:04:34.935094,21,N/A
1052,2025-01-10 17:04:35.343249,40,N/A
1053,2025-01-10 17:04:35.618908,16,N/A
1054,2025-01-10 17:04:35.909904,24,N/A
1055,2025-01-10 17:04:36.201074,26,N/A
1056,2025-01-10 17:04:36.437651,16,N/A
1057,2025-01-10 17:04:36.702561,19,N/A
1058,2025-01-10 17:04:36.973536,20,N/A
1059,2025-01-10 17:04:37.380599,32,N/A
1060,2025-01-10 17:04:37.762175,21,N/A
1061,2025-01-10 17:04:38.016890,21,N/A
1062,2025-01-10 17:04:38.322784,23,N/A
1063,2025-01-10 17:04:38.567951,15,N/A
1064,2025-01-10 17:04:38.994777,37,N/A
1065,2025-01-10 17:04:39.260640,18,N/A
1066,2025-01-10 17:04:39.486224,13,N/A
1067,2025-01-10 17:04:39.698959,13,N/A
1068,2025-01-10 17:04:40.020948,30,N/A
1069,2025-01-10 17:04:40.333796,27,N/A
1070,2025-01-10 17:04:40.568252,18,N/A
1071,2025-01-10 17:04:40.818118,18,N/A
1072,2025-01-10 17:04:41.187972,34,N/A
1073,2025-01-10 17:04:41.447265,23,N/A
1074,2025-01-10 17:04:41.665606,11,N/A
1075,2025-01-10 17:04:41.966000,20,N/A
1076,2025-01-10 17:04:42.255155,20,N/A
1077,2025-01-10 17:04:42.661703,41,N/A
1078,2025-01-10 17:04:42.905494,19,N/A
1079,2025-01-10 17:04:43.221127,28,N/A
1080,2025-01-10 17:04:43.509003,25,N/A
1081,2025-01-10 17:04:43.850988,28,N/A
1082,2025-01-10 17:04:44.121207,25,N/A
1083,2025-01-10 17:04:44.357694,14,N/A
1084,2025-01-10 17:04:44.625774,20,N/A
1085,2025-01-10 17:04:44.940503,24,N/A
1086,2025-01-10 17:04:45.174440,14,N/A
1087,2025-01-10 17:04:45.614918,44,N/A
1088,2025-01-10 17:04:45.902578,24,N/A
1089,2025-01-10 17:04:46.255200,26,N/A
1090,2025-01-10 17:04:46.539737,20,N/A
1091,2025-01-10 17:04:46.904278,27,N/A
1092,2025-01-10 17:04:47.282895,35,N/A
1093,2025-01-10 17:04:47.548226,21,N/A
1094,2025-01-10 17:04:47.876820,29,N/A
1095,2025-01-10 17:04:48.259414,35,N/A
1096,2025-01-10 17:04:48.590827,29,N/A
1097,2025-01-10 17:04:48.945435,29,N/A
1098,2025-01-10 17:04:49.301966,33,N/A
1099,2025-01-10 17:04:49.709080,36,N/A
1100,2025-01-10 17:04:49.945285,22,N/A
1101,2025-01-10 17:04:50.209045,19,N/A
1102,2025-01-10 17:04:50.543462,29,N/A
1103,2025-01-10 17:04:50.793692,19,N/A
1104,2025-01-10 17:04:51.163411,29,N/A
1105,2025-01-10 17:04:51.432301,23,N/A
1106,2025-01-10 17:04:51.666532,17,N/A
1107,2025-01-10 17:04:51.943294,21,N/A
1108,2025-01-10 17:04:52.205705,16,N/A
1109,2025-01-10 17:04:52.428988,14,N/A
1110,2025-01-10 17:04:52.810595,33,N/A
1111,2025-01-10 17:04:53.042195,18,N/A
1112,2025-01-10 17:04:53.435267,38,N/A
1113,2025-01-10 17:04:53.721160,22,N/A
1114,2025-01-10 17:04:53.974440,20,N/A
1115,2025-01-10 17:04:54.234471,15,N/A
1116,2025-01-10 17:04:54.642459,36,N/A
1117,2025-01-10 17:04:54.944876,23,N/A
1118,2025-01-10 17:04:55.250456,26,N/A
1119,2025-01-10 17:04:55.558029,23,N/A
1120,2025-01-10 17:04:55.842928,24,N/A
1121,2025-01-10 17:04:56.159936,25,N/A
1122,2025-01-10 17:04:56.524388,31,N/A
1123,2025-01-10 17:04:56.789019,15,N/A
1124,2025-01-10 17:04:57.140713,30,N/A
1125,2025-01-10 17:04:57.370690,15,N/A
1126,2025-01-10 17:04:57.631526,18,N/A
1127,2025-01-10 17:04:58.063724,36,N/A
1128,2025-01-10 17:04:58.365778,24,N/A
1129,2025-01-10 17:04:58.583923,15,N/A
1130,2025-01-10 17:04:58.825803,12,N/A
1131,2025-01-10 17:04:59.124479,23,N/A
1132,2025-01-10 17:04:59.340622,13,N/A
1133,2025-01-10 17:04:59.539811,9,N/A
1134,2025-01-10 17:04:59.806545,20,N/A
1135,2025-01-10 17:05:00.055944,15,N/A
1136,2025-01-10 17:05:00.372842,32,N/A
1137,2025-01-10 17:05:00.664507,20,N/A
1138,2025-01-10 17:05:00.874456,10,N/A
1139,2025-01-10 17:05:01.087987,14,N/A
1140,2025-01-10 17:05:01.263832,7,N/A
1141,2025-01-10 17:05:01.640770,36,N/A
1142,2025-01-10 17:05:01.919541,20,N/A
1143,2025-01-10 17:05:02.200389,25,N/A
1144,2025-01-10 17:05:02.521809,23,N/A
1145,2025-01-10 17:05:02.854021,27,N/A
1146,2025-01-10 17:05:03.150755,24,N/A
1147,2025-01-10 17:05:03.531473,39,N/A
1148,2025-01-10 17:05:03.780141,15,N/A
1149,2025-01-10 17:05:04.059338,22,N/A
1150,2025-01-10 17:05:04.266045,10,N/A
1151,2025-01-10 17:05:04.641032,33,N/A
1152,2025-01-10 17:05:04.962645,23,N/A
1153,2025-01-10 17:05:05.249347,23,N/A
1154,2025-01-10 17:05:05.678837,20,N/A
1155,2025-01-10 17:05:05.970606,21,N/A
1156,2025-01-10 17:05:06.244348,19,N/A
1157,2025-01-10 17:05:06.568662,24,N/A
1158,2025-01-10 17:05:06.797110,18,N/A
1159,2025-01-10 17:05:07.103277,24,N/A
1160,2025-01-10 17:05:07.317499,12,N/A
1161,2025-01-10 17:05:07.593765,23,N/A
1162,2025-01-10 17:05:07.828837,19,N/A
1163,2025-01-10 17:05:08.153349,29,N/A
1164,2025-01-10 17:05:08.412234,22,N/A
1165,2025-01-10 17:05:08.631979,13,N/A
1166,2025-01-10 17:05:08.900147,21,N/A
1167,2025-01-10 17:05:09.112276,12,N/A
1168,2025-01-10 17:05:09.313366,9,N/A
1169,2025-01-10 17:05:09.522753,16,N/A
1170,2025-01-10 17:05:09.834124,25,N/A
1171,2025-01-10 17:05:10.173737,33,N/A
1172,2025-01-10 17:05:10.419639,15,N/A
1173,2025-01-10 17:05:10.634732,9,N/A
1174,2025-01-10 17:05:10.839183,11,N/A
1175,2025-01-10 17:05:11.086505,21,N/A
1176,2025-01-10 17:05:11.313767,14,N/A
1177,2025-01-10 17:05:11.572828,16,N/A
1178,2025-01-10 17:05:11.841748,16,N/A
1179,2025-01-10 17:05:12.126664,24,N/A
1180,2025-01-10 17:05:12.485695,32,N/A
1181,2025-01-10 17:05:12.764209,26,N/A
1182,2025-01-10 17:05:13.013188,19,N/A
1183,2025-01-10 17:05:13.272945,17,N/A
1184,2025-01-10 17:05:13.545769,21,N/A
1185,2025-01-10 17:05:13.802793,15,N/A
1186,2025-01-10 17:05:14.074110,20,N/A
1187,2025-01-10 17:05:14.449947,31,N/A
1188,2025-01-10 17:05:14.775788,32,N/A
1189,2025-01-10 17:05:15.093596,25,N/A
1190,2025-01-10 17:05:15.336501,20,N/A
1191,2025-01-10 17:05:15.609362,22,N/A
1192,2025-01-10 17:05:15.967617,34,N/A
1193,2025-01-10 17:05:16.240879,19,N/A
1194,2025-01-10 17:05:16.587596,33,N/A
1195,2025-01-10 17:05:16.831554,14,N/A
1196,2025-01-10 17:05:17.085880,18,N/A
1197,2025-01-10 17:05:17.379493,24,N/A
1198,2025-01-10 17:05:17.632564,18,N/A
1199,2025-01-10 17:05:17.780983,6,N/A
1200,2025-01-10 17:05:18.022865,17,N/A
1201,2025-01-10 17:05:18.205261,11,N/A
1202,2025-01-10 17:05:18.568828,38,N/A
1203,2025-01-10 17:05:18.758909,12,N/A
1204,2025-01-10 17:05:19.050384,22,N/A
1205,2025-01-10 17:05:19.353309,25,N/A
1206,2025-01-10 17:05:19.686316,26,N/A
1207,2025-01-10 17:05:19.972996,23,N/A
1208,2025-01-10 17:05:20.290017,28,N/A
1209,2025-01-10 17:05:20.553672,28,N/A
1210,2025-01-10 17:05:20.823170,20,N/A
1211,2025-01-10 17:05:21.091063,20,N/A
1212,2025-01-10 17:05:21.379617,26,N/A
1213,2025-01-10 17:05:21.592798,13,N/A
1214,2025-01-10 17:05:21.920308,27,N/A
1215,2025-01-10 17:05:22.220868,23,N/A
1216,2025-01-10 17:05:22.537017,24,N/A
1217,2025-01-10 17:05:22.760746,13,N/A
1218,2025-01-10 17:05:23.135304,33,N/A
1219,2025-01-10 17:05:23.524372,33,N/A
1220,2025-01-10 17:05:23.798228,21,N/A
1221,2025-01-10 17:05:24.027757,15,N/A
1222,2025-01-10 17:05:24.316184,26,N/A
1223,2025-01-10 17:05:24.526649,12,N/A
1224,2025-01-10 17:05:24.761794,21,N/A
1225,2025-01-10 17:05:25.040321,25,N/A
1226,2025-01-10 17:05:25.324513,20,N/A
1227,2025-01-10 17:05:25.564429,18,N/A
1228,2025-01-10 17:05:25.827717,17,N/A
1229,2025-01-10 17:05:26.157518,25,N/A
1230,2025-01-10 17:05:26.486092,24,N/A
1231,2025-01-10 17:05:26.757032,24,N/A
1232,2025-01-10 17:05:27.154768,45,N/A
1233,2025-01-10 17:05:27.366208,15,N/A
1234,2025-01-10 17:05:27.629774,21,N/A
1235,2025-01-10 17:05:27.906682,25,N/A
1236,2025-01-10 17:05:28.251772,30,N/A
1237,2025-01-10 17:05:28.634980,37,N/A
1238,2025-01-10 17:05:28.969065,32,N/A
1239,2025-01-10 17:05:29.201284,18,N/A
1240,2025-01-10 17:05:29.527512,29,N/A
1241,2025-01-10 17:05:29.840589,29,N/A
1242,2025-01-10 17:05:30.272399,34,N/A
1243,2025-01-10 17:05:30.537444,20,N/A
1244,2025-01-10 17:05:30.851701,24,N/A
1245,2025-01-10 17:05:31.165696,25,N/A
1246,2025-01-10 17:05:31.550567,34,N/A
1247,2025-01-10 17:05:31.927430,35,N/A
1248,2025-01-10 17:05:32.199679,23,N/A
1249,2025-01-10 17:05:32.424473,17,N/A
1250,2025-01-10 17:05:32.706866,25,N/A
1251,2025-01-10 17:05:32.951667,15,N/A
1252,2025-01-10 17:05:33.228490,26,N/A
1253,2025-01-10 17:05:33.496920,20,N/A
1254,2025-01-10 17:05:33.885681,36,N/A
1255,2025-01-10 17:05:34.313177,22,N/A
1256,2025-01-10 17:05:34.565638,15,N/A
1257,2025-01-10 17:05:34.920751,33,N/A
1258,2025-01-10 17:05:35.196585,22,N/A
1259,2025-01-10 17:05:35.573062,35,N/A
1260,2025-01-10 17:05:35.818855,17,N/A
1261,2025-01-10 17:05:36.097043,20,N/A
1262,2025-01-10 17:05:36.410176,22,N/A
1263,2025-01-10 17:05:36.739937,29,N/A
1264,2025-01-10 17:05:37.034100,25,N/A
1265,2025-01-10 17:05:37.267726,16,N/A
1266,2025-01-10 17:05:37.529932,18,N/A
1267,2025-01-10 17:05:37.827897,26,N/A
1268,2025-01-10 17:05:38.222024,39,N/A
1269,2025-01-10 17:05:38.480947,25,N/A
1270,2025-01-10 17:05:38.787527,24,N/A
1271,2025-01-10 17:05:39.176133,38,N/A
1272,2025-01-10 17:05:39.409403,13,N/A
1273,2025-01-10 17:05:39.610536,14,N/A
1274,2025-01-10 17:05:39.893773,21,N/A
1275,2025-01-10 17:05:40.166670,20,N/A
1276,2025-01-10 17:05:40.359787,9,N/A
1277,2025-01-10 17:05:40.557136,12,N/A
1278,2025-01-10 17:05:40.809893,22,N/A
1279,2025-01-10 17:05:41.036442,12,N/A
1280,2025-01-10 17:05:41.376855,33,N/A
1281,2025-01-10 17:05:41.650092,20,N/A
1282,2025-01-10 17:05:41.932349,24,N/A
1283,2025-01-10 17:05:42.212923,26,N/A
1284,2025-01-10 17:05:42.462900,19,N/A
1285,2025-01-10 17:05:42.737203,23,N/A
1286,2025-01-10 17:05:42.931317,8,N/A
1287,2025-01-10 17:05:43.170292,13,N/A
1288,2025-01-10 17:05:43.428174,17,N/A
1289,2025-01-10 17:05:43.787040,28,N/A
1290,2025-01-10 17:05:44.032811,22,N/A
1291,2025-01-10 17:05:44.408733,37,N/A
1292,2025-01-10 17:05:44.611019,17,N/A
1293,2025-01-10 17:05:44.822702,12,N/A
1294,2025-01-10 17:05:45.051194,13,N/A
1295,2025-01-10 17:05:45.297096,15,N/A
1296,2025-01-10 17:05:45.618630,23,N/A
1297,2025-01-10 17:05:45.859811,19,N/A
1298,2025-01-10 17:05:46.095139,16,N/A
1299,2025-01-10 17:05:46.290633,9,N/A
1300,2025-01-10 17:05:46.620652,31,N/A
1301,2025-01-10 17:05:46.866335,20,N/A
1302,2025-01-10 17:05:47.201230,27,N/A
1303,2025-01-10 17:05:47.526072,25,N/A
1304,2025-01-10 17:05:47.780613,22,N/A
1305,2025-01-10 17:05:48.077350,23,N/A
1306,2025-01-10 17:05:48.352660,23,N/A
1307,2025-01-10 17:05:48.556682,10,N/A
1308,2025-01-10 17:05:48.740971,8,N/A
1309,2025-01-10 17:05:48.999292,18,N/A
1310,2025-01-10 17:05:49.321040,25,N/A
1311,2025-01-10 17:05:49.648205,29,N/A
1312,2025-01-10 17:05:49.824709,5,N/A
1313,2025-01-10 17:05:50.037293,12,N/A
1314,2025-01-10 17:05:50.273161,18,N/A
1315,2025-01-10 17:05:50.474517,10,N/A
1316,2025-01-10 17:05:50.771434,21,N/A
1317,2025-01-10 17:05:50.959297,6,N/A
1318,2025-01-10 17:05:51.296882,25,N/A
1319,2025-01-10 17:05:51.546922,19,N/A
1320,2025-01-10 17:05:51.865976,29,N/A
1321,2025-01-10 17:05:52.079390,12,N/A
1322,2025-01-10 17:05:52.353611,21,N/A
1323,2025-01-10 17:05:52.578758,15,N/A
1324,2025-01-10 17:05:52.902103,30,N/A
1325,2025-01-10 17:05:53.224145,24,N/A
1326,2025-01-10 17:05:53.429553,10,N/A
1327,2025-01-10 17:05:53.633304,13,N/A
1328,2025-01-10 17:05:53.954340,18,N/A
1329,2025-01-10 17:05:54.196872,17,N/A
1330,2025-01-10 17:05:54.463699,24,N/A
1331,2025-01-10 17:05:54.774037,27,N/A
1332,2025-01-10 17:05:54.996513,13,N/A
1333,2025-01-10 17:05:55.277889,18,N/A
1334,2025-01-10 17:05:55.613494,30,N/A
1335,2025-01-10 17:05:55.904257,20,N/A
1336,2025-01-10 17:05:56.140760,15,N/A
1337,2025-01-10 17:05:56.522122,37,N/A
1338,2025-01-10 17:05:56.709103,9,N/A
1339,2025-01-10 17:05:56.924111,12,N/A
1340,2025-01-10 17:05:57.212081,22,N/A
1341,2025-01-10 17:05:57.480224,20,N/A
1342,2025-01-10 17:05:57.776477,27,N/A
1343,2025-01-10 17:05:57.998725,16,N/A
1344,2025-01-10 17:05:58.203752,8,N/A
1345,2025-01-10 17:05:58.443654,16,N/A
1346,2025-01-10 17:05:58.661038,14,N/A
1347,2025-01-10 17:05:58.812090,6,N/A
1348,2025-01-10 17:05:58.976154,7,N/A
1349,2025-01-10 17:05:59.376829,41,N/A
1350,2025-01-10 17:05:59.603153,13,N/A
1351,2025-01-10 17:05:59.878228,24,N/A
1352,2025-01-10 17:06:00.342621,40,N/A
1353,2025-01-10 17:06:00.706755,30,N/A
1354,2025-01-10 17:06:01.004782,26,N/A
1355,2025-01-10 17:06:01.229255,13,N/A
1356,2025-01-10 17:06:01.528754,25,N/A
1357,2025-01-10 17:06:01.781867,16,N/A
1358,2025-01-10 17:06:02.038125,19,N/A
1359,2025-01-10 17:06:02.323337,21,N/A
1360,2025-01-10 17:06:02.653702,28,N/A
1361,2025-01-10 17:06:02.998886,26,N/A
1362,2025-01-10 17:06:03.368715,31,N/A
1363,2025-01-10 17:06:03.756383,40,N/A
1364,2025-01-10 17:06:04.145928,32,N/A
1365,2025-01-10 17:06:04.350735,14,N/A
1366,2025-01-10 17:06:04.795497,17,N/A
1367,2025-01-10 17:06:05.141252,24,N/A
1368,2025-01-10 17:06:05.380965,15,N/A
1369,2025-01-10 17:06:05.759019,28,N/A
1370,2025-01-10 17:06:06.106115,27,N/A
1,2025-01-10 19:17:27.625168,1,N/A
2,2025-01-10 19:17:27.794882,1,N/A
3,2025-01-10 19:17:28.100146,1,N/A
4,2025-01-10 19:17:28.354865,1,N/A
5,2025-01-10 19:17:28.562241,1,N/A
6,2025-01-10 19:17:28.820774,1,N/A
7,2025-01-10 19:17:29.148082,1,N/A
8,2025-01-10 19:17:29.362432,1,N/A
9,2025-01-10 19:17:29.634208,3,N/A
10,2025-01-10 19:17:29.960982,0,N/A
11,2025-01-10 19:17:30.185016,1,N/A
12,2025-01-10 19:17:30.336334,1,N/A
13,2025-01-10 19:17:30.527274,1,N/A
14,2025-01-10 19:17:30.745803,2,N/A
15,2025-01-10 19:17:31.018221,1,N/A
16,2025-01-10 19:17:31.353658,0,N/A
17,2025-01-10 19:17:31.553155,1,N/A
18,2025-01-10 19:17:31.706258,1,N/A
19,2025-01-10 19:17:31.934623,5,N/A
20,2025-01-10 19:17:32.305739,1,N/A
21,2025-01-10 19:17:32.668371,2,N/A
22,2025-01-10 19:17:32.823751,2,N/A
23,2025-01-10 19:17:32.997643,1,N/A
24,2025-01-10 19:17:33.370694,1,N/A
25,2025-01-10 19:17:33.602175,1,N/A
26,2025-01-10 19:17:33.766592,1,N/A
27,2025-01-10 19:17:33.934674,1,N/A
28,2025-01-10 19:17:34.134820,1,N/A
29,2025-01-10 19:17:34.444042,2,N/A
30,2025-01-10 19:17:34.597374,2,N/A
31,2025-01-10 19:17:34.828398,1,N/A
32,2025-01-10 19:17:35.127964,1,N/A
33,2025-01-10 19:17:35.294134,2,N/A
34,2025-01-10 19:17:35.579081,2,N/A
35,2025-01-10 19:17:35.774233,1,N/A
36,2025-01-10 19:17:35.991214,2,N/A
37,2025-01-10 19:17:36.176138,3,N/A
38,2025-01-10 19:17:36.374231,4,N/A
39,2025-01-10 19:17:36.729077,2,N/A
40,2025-01-10 19:17:37.044914,1,N/A
41,2025-01-10 19:17:37.252298,1,N/A
42,2025-01-10 19:17:40.709670,2,N/A
43,2025-01-10 19:17:41.023053,2,N/A
44,2025-01-10 19:17:41.459493,3,N/A
45,2025-01-10 19:17:41.652255,1,N/A
46,2025-01-10 19:17:41.919229,3,N/A
47,2025-01-10 19:17:42.202658,2,N/A
48,2025-01-10 19:17:42.433225,1,N/A
49,2025-01-10 19:17:42.703467,3,N/A
50,2025-01-10 19:17:42.978208,1,N/A
51,2025-01-10 19:17:43.360604,2,N/A
52,2025-01-10 19:17:43.679377,1,N/A
53,2025-01-10 19:17:43.939478,1,N/A
54,2025-01-10 19:17:44.345548,3,N/A
55,2025-01-10 19:17:44.487082,3,N/A
56,2025-01-10 19:17:44.828168,0,N/A
57,2025-01-10 19:17:45.083110,4,N/A
58,2025-01-10 19:17:45.397963,1,N/A
59,2025-01-10 19:17:45.614605,2,N/A
60,2025-01-10 19:17:45.805420,2,N/A
61,2025-01-10 19:17:46.081199,2,N/A
62,2025-01-10 19:17:46.341077,1,N/A
63,2025-01-10 19:17:46.685111,1,N/A
64,2025-01-10 19:17:46.945698,5,N/A
65,2025-01-10 19:17:47.238642,1,N/A
66,2025-01-10 19:17:47.536501,4,N/A
67,2025-01-10 19:17:47.957422,11,N/A
68,2025-01-10 19:17:48.299902,7,N/A
69,2025-01-10 19:17:48.484748,2,N/A
70,2025-01-10 19:17:48.702753,6,N/A
71,2025-01-10 19:17:49.002660,8,N/A
72,2025-01-10 19:17:49.326664,13,N/A
73,2025-01-10 19:17:49.516243,4,N/A
74,2025-01-10 19:17:49.917194,13,N/A
75,2025-01-10 19:17:50.181660,12,N/A
76,2025-01-10 19:17:50.393967,7,N/A
77,2025-01-10 19:17:50.542247,1,N/A
78,2025-01-10 19:17:51.111608,13,N/A
79,2025-01-10 19:17:51.448273,16,N/A
80,2025-01-10 19:17:51.617912,2,N/A
81,2025-01-10 19:17:51.908230,13,N/A
82,2025-01-10 19:17:52.164789,13,N/A
83,2025-01-10 19:17:52.463088,8,N/A
84,2025-01-10 19:17:52.751253,8,N/A
85,2025-01-10 19:17:52.974316,4,N/A
86,2025-01-10 19:17:53.239812,18,N/A
87,2025-01-10 19:17:53.466542,5,N/A
88,2025-01-10 19:17:53.780285,14,N/A
89,2025-01-10 19:17:54.182435,7,N/A
90,2025-01-10 19:17:54.454264,5,N/A
91,2025-01-10 19:17:54.640017,3,N/A
92,2025-01-10 19:17:54.797916,5,N/A
93,2025-01-10 19:17:55.078094,7,N/A
94,2025-01-10 19:17:55.326051,4,N/A
95,2025-01-10 19:17:55.572025,13,N/A
96,2025-01-10 19:17:55.864790,10,N/A
97,2025-01-10 19:17:56.170422,15,N/A
98,2025-01-10 19:17:56.744676,29,N/A
99,2025-01-10 19:17:57.044328,20,N/A
100,2025-01-10 19:17:57.342064,14,N/A
101,2025-01-10 19:17:57.701937,17,N/A
102,2025-01-10 19:17:57.865751,2,N/A
103,2025-01-10 19:17:58.055750,9,N/A
104,2025-01-10 19:17:58.454129,14,N/A
105,2025-01-10 19:17:58.637482,5,N/A
106,2025-01-10 19:17:58.927565,6,N/A
107,2025-01-10 19:17:59.319448,24,N/A
108,2025-01-10 19:17:59.552946,10,N/A
109,2025-01-10 19:17:59.849982,17,N/A
110,2025-01-10 19:18:00.248151,24,N/A
111,2025-01-10 19:18:00.599826,17,N/A
112,2025-01-10 19:18:01.022327,30,N/A
113,2025-01-10 19:18:01.469302,30,N/A
114,2025-01-10 19:18:01.814719,0,N/A
115,2025-01-10 19:18:02.222856,15,N/A
116,2025-01-10 19:18:02.639860,26,N/A
117,2025-01-10 19:18:03.024653,29,N/A
118,2025-01-10 19:18:03.266733,14,N/A
119,2025-01-10 19:18:03.685313,33,N/A
120,2025-01-10 19:18:04.096187,30,N/A
121,2025-01-10 19:18:04.497994,29,N/A
122,2025-01-10 19:18:04.901404,32,N/A
123,2025-01-10 19:18:05.217433,17,N/A
124,2025-01-10 19:18:05.570406,27,N/A
125,2025-01-10 19:18:05.944269,30,N/A
126,2025-01-10 19:18:06.100482,4,N/A
127,2025-01-10 19:18:06.429783,22,N/A
128,2025-01-10 19:18:06.702013,21,N/A
129,2025-01-10 19:18:07.100854,27,N/A
130,2025-01-10 19:18:07.472360,30,N/A
131,2025-01-10 19:18:07.874608,30,N/A
132,2025-01-10 19:18:08.204707,24,N/A
133,2025-01-10 19:18:08.662772,36,N/A
134,2025-01-10 19:18:09.078851,26,N/A
135,2025-01-10 19:18:09.248416,4,N/A
136,2025-01-10 19:18:09.684593,38,N/A
137,2025-01-10 19:18:10.080234,32,N/A
138,2025-01-10 19:18:10.500348,39,N/A
139,2025-01-10 19:18:10.803171,23,N/A
140,2025-01-10 19:18:11.016095,12,N/A
141,2025-01-10 19:18:11.267112,18,N/A
142,2025-01-10 19:18:11.504415,12,N/A
143,2025-01-10 19:18:11.768328,14,N/A
144,2025-01-10 19:18:12.034282,19,N/A
145,2025-01-10 19:18:12.259586,12,N/A
146,2025-01-10 19:18:12.547326,18,N/A
147,2025-01-10 19:18:12.875778,21,N/A
148,2025-01-10 19:18:13.168894,18,N/A
149,2025-01-10 19:18:13.402567,14,N/A
150,2025-01-10 19:18:14.016487,58,N/A
151,2025-01-10 19:18:14.284765,19,N/A
152,2025-01-10 19:18:14.711701,30,N/A
153,2025-01-10 19:18:15.067188,31,N/A
154,2025-01-10 19:18:15.742712,48,N/A
155,2025-01-10 19:18:16.317208,43,N/A
156,2025-01-10 19:18:16.611723,17,N/A
157,2025-01-10 19:18:16.846781,16,N/A
158,2025-01-10 19:18:17.301365,31,N/A
159,2025-01-10 19:18:17.656560,30,N/A
160,2025-01-10 19:18:18.137190,42,N/A
161,2025-01-10 19:18:18.488613,24,N/A
162,2025-01-10 19:18:18.645697,5,N/A
163,2025-01-10 19:18:18.993402,22,N/A
164,2025-01-10 19:18:19.377552,34,N/A
165,2025-01-10 19:18:19.840334,35,N/A
166,2025-01-10 19:18:20.106350,9,N/A
167,2025-01-10 19:18:20.496527,29,N/A
168,2025-01-10 19:18:20.919588,31,N/A
169,2025-01-10 19:18:21.256466,24,N/A
170,2025-01-10 19:18:21.681917,32,N/A
171,2025-01-10 19:18:21.990488,20,N/A
172,2025-01-10 19:18:22.225016,14,N/A
173,2025-01-10 19:18:22.476292,14,N/A
174,2025-01-10 19:18:22.812264,24,N/A
175,2025-01-10 19:18:23.085885,14,N/A
176,2025-01-10 19:18:23.332636,14,N/A
177,2025-01-10 19:18:23.669888,25,N/A
178,2025-01-10 19:18:23.927733,14,N/A
179,2025-01-10 19:18:24.217989,18,N/A
180,2025-01-10 19:18:24.435487,11,N/A
181,2025-01-10 19:18:24.737286,18,N/A
182,2025-01-10 19:18:25.018668,17,N/A
183,2025-01-10 19:18:25.500029,40,N/A
184,2025-01-10 19:18:25.847222,26,N/A
185,2025-01-10 19:18:26.342159,40,N/A
186,2025-01-10 19:18:26.790172,33,N/A
187,2025-01-10 19:18:27.058588,16,N/A
188,2025-01-10 19:18:27.271819,10,N/A
189,2025-01-10 19:18:27.737601,39,N/A
190,2025-01-10 19:18:27.999079,14,N/A
191,2025-01-10 19:18:28.289982,13,N/A
192,2025-01-10 19:18:28.573979,17,N/A
193,2025-01-10 19:18:28.841397,15,N/A
194,2025-01-10 19:18:29.105154,12,N/A
195,2025-01-10 19:18:29.469692,23,N/A
196,2025-01-10 19:18:29.707034,14,N/A
197,2025-01-10 19:18:30.116735,28,N/A
198,2025-01-10 19:18:30.331855,10,N/A
199,2025-01-10 19:18:30.657218,20,N/A
200,2025-01-10 19:18:31.052787,25,N/A
201,2025-01-10 19:18:31.237605,5,N/A
202,2025-01-10 19:18:31.606788,28,N/A
203,2025-01-10 19:18:31.895724,18,N/A
204,2025-01-10 19:18:32.122011,10,N/A
205,2025-01-10 19:18:32.365903,14,N/A
206,2025-01-10 19:18:32.687617,24,N/A
207,2025-01-10 19:18:33.115387,29,N/A
208,2025-01-10 19:18:33.302805,6,N/A
209,2025-01-10 19:18:33.688975,29,N/A
210,2025-01-10 19:18:34.017372,19,N/A
211,2025-01-10 19:18:34.383461,30,N/A
212,2025-01-10 19:18:34.792971,32,N/A
213,2025-01-10 19:18:35.192239,30,N/A
214,2025-01-10 19:18:35.662198,40,N/A
215,2025-01-10 19:18:36.086687,32,N/A
216,2025-01-10 19:18:36.648528,43,N/A
217,2025-01-10 19:18:37.011504,28,N/A
218,2025-01-10 19:18:37.221222,11,N/A
219,2025-01-10 19:18:37.649606,34,N/A
220,2025-01-10 19:18:37.838812,7,N/A
221,2025-01-10 19:18:38.166724,27,N/A
222,2025-01-10 19:18:38.378273,11,N/A
223,2025-01-10 19:18:38.566748,7,N/A
224,2025-01-10 19:18:38.887738,29,N/A
225,2025-01-10 19:18:39.165457,20,N/A
226,2025-01-10 19:18:39.480196,24,N/A
227,2025-01-10 19:18:39.850885,36,N/A
228,2025-01-10 19:18:40.349242,39,N/A
229,2025-01-10 19:18:40.837076,38,N/A
230,2025-01-10 19:18:41.228064,31,N/A
231,2025-01-10 19:18:41.581476,29,N/A
232,2025-01-10 19:18:41.978931,31,N/A
233,2025-01-10 19:18:42.477820,38,N/A
234,2025-01-10 19:18:42.816555,28,N/A
235,2025-01-10 19:18:43.118191,17,N/A
236,2025-01-10 19:18:43.273817,4,N/A
237,2025-01-10 19:18:43.503216,12,N/A
238,2025-01-10 19:18:44.023565,41,N/A
239,2025-01-10 19:18:44.552996,38,N/A
240,2025-01-10 19:18:44.875161,23,N/A
241,2025-01-10 19:18:45.202957,27,N/A
242,2025-01-10 19:18:45.580053,23,N/A
243,2025-01-10 19:18:45.898215,20,N/A
244,2025-01-10 19:18:46.171100,19,N/A
245,2025-01-10 19:18:46.579303,31,N/A
246,2025-01-10 19:18:46.977473,28,N/A
247,2025-01-10 19:18:47.345448,26,N/A
248,2025-01-10 19:18:47.756950,32,N/A
249,2025-01-10 19:18:48.185769,32,N/A
250,2025-01-10 19:18:48.537649,29,N/A
251,2025-01-10 19:18:48.878616,24,N/A
252,2025-01-10 19:18:49.231069,30,N/A
253,2025-01-10 19:18:49.699176,37,N/A
254,2025-01-10 19:18:50.015836,21,N/A
255,2025-01-10 19:18:50.470238,30,N/A
256,2025-01-10 19:18:50.902175,35,N/A
257,2025-01-10 19:18:51.337965,31,N/A
258,2025-01-10 19:18:51.787636,37,N/A
259,2025-01-10 19:18:52.068726,20,N/A
260,2025-01-10 19:18:52.541341,34,N/A
261,2025-01-10 19:18:52.996022,27,N/A
262,2025-01-10 19:18:53.353542,22,N/A
263,2025-01-10 19:18:53.591502,15,N/A
264,2025-01-10 19:18:53.878390,19,N/A
265,2025-01-10 19:18:54.227743,26,N/A
266,2025-01-10 19:18:54.535512,19,N/A
267,2025-01-10 19:18:54.883190,28,N/A
268,2025-01-10 19:18:55.267085,25,N/A
269,2025-01-10 19:18:55.552003,23,N/A
270,2025-01-10 19:18:55.860450,21,N/A
271,2025-01-10 19:18:56.215063,27,N/A
272,2025-01-10 19:18:56.392208,6,N/A
273,2025-01-10 19:18:56.768677,28,N/A
274,2025-01-10 19:18:56.970987,8,N/A
275,2025-01-10 19:18:57.406526,30,N/A
276,2025-01-10 19:18:57.662632,14,N/A
277,2025-01-10 19:18:57.939546,16,N/A
278,2025-01-10 19:18:58.266821,20,N/A
279,2025-01-10 19:18:58.488293,13,N/A
280,2025-01-10 19:18:58.781256,19,N/A
281,2025-01-10 19:18:59.083505,20,N/A
282,2025-01-10 19:18:59.447685,21,N/A
283,2025-01-10 19:18:59.790437,26,N/A
284,2025-01-10 19:19:00.193361,33,N/A
285,2025-01-10 19:19:00.494222,19,N/A
286,2025-01-10 19:19:00.777350,15,N/A
287,2025-01-10 19:19:01.078769,17,N/A
288,2025-01-10 19:19:01.373156,21,N/A
289,2025-01-10 19:19:01.675185,21,N/A
290,2025-01-10 19:19:02.077020,27,N/A
291,2025-01-10 19:19:02.444840,27,N/A
292,2025-01-10 19:19:02.736148,19,N/A
293,2025-01-10 19:19:03.096042,25,N/A
294,2025-01-10 19:19:03.372355,19,N/A
295,2025-01-10 19:19:03.556656,6,N/A
296,2025-01-10 19:19:03.799212,13,N/A
297,2025-01-10 19:19:04.020897,12,N/A
298,2025-01-10 19:19:04.286976,20,N/A
299,2025-01-10 19:19:04.552318,18,N/A
300,2025-01-10 19:19:04.923006,27,N/A
301,2025-01-10 19:19:05.276769,32,N/A
302,2025-01-10 19:19:05.693570,35,N/A
303,2025-01-10 19:19:06.219508,34,N/A
304,2025-01-10 19:19:06.496021,15,N/A
305,2025-01-10 19:19:06.908548,36,N/A
306,2025-01-10 19:19:07.326048,31,N/A
307,2025-01-10 19:19:07.712714,29,N/A
308,2025-01-10 19:19:08.144194,34,N/A
309,2025-01-10 19:19:08.426182,15,N/A
310,2025-01-10 19:19:08.875181,31,N/A
311,2025-01-10 19:19:09.115370,10,N/A
312,2025-01-10 19:19:09.590317,37,N/A
313,2025-01-10 19:19:09.877936,23,N/A
314,2025-01-10 19:19:10.120075,16,N/A
315,2025-01-10 19:19:10.449815,25,N/A
316,2025-01-10 19:19:10.940165,42,N/A
317,2025-01-10 19:19:11.371963,29,N/A
318,2025-01-10 19:19:11.599629,10,N/A
319,2025-01-10 19:19:11.886112,15,N/A
320,2025-01-10 19:19:12.225197,23,N/A
321,2025-01-10 19:19:12.542956,20,N/A
322,2025-01-10 19:19:12.867240,24,N/A
323,2025-01-10 19:19:13.240133,29,N/A
324,2025-01-10 19:19:13.468465,5,N/A
325,2025-01-10 19:19:13.679372,12,N/A
326,2025-01-10 19:19:13.875212,8,N/A
327,2025-01-10 19:19:14.212706,22,N/A
328,2025-01-10 19:19:14.520150,25,N/A
329,2025-01-10 19:19:14.807667,18,N/A
330,2025-01-10 19:19:15.094228,20,N/A
331,2025-01-10 19:19:15.495982,35,N/A
332,2025-01-10 19:19:15.987702,34,N/A
333,2025-01-10 19:19:16.187725,9,N/A
334,2025-01-10 19:19:16.609692,39,N/A
335,2025-01-10 19:19:16.978183,25,N/A
336,2025-01-10 19:19:17.234724,16,N/A
337,2025-01-10 19:19:17.582804,26,N/A
338,2025-01-10 19:19:18.022813,34,N/A
339,2025-01-10 19:19:18.527577,35,N/A
340,2025-01-10 19:19:19.043902,37,N/A
341,2025-01-10 19:19:20.625831,26,N/A
342,2025-01-10 19:19:21.534384,23,N/A
343,2025-01-10 19:19:21.852660,27,N/A
344,2025-01-10 19:19:22.165001,31,N/A
345,2025-01-10 19:19:22.390228,15,N/A
346,2025-01-10 19:19:22.893531,36,N/A
347,2025-01-10 19:19:23.122659,11,N/A
348,2025-01-10 19:19:23.399244,19,N/A
349,2025-01-10 19:19:23.671081,17,N/A
350,2025-01-10 19:19:23.907377,16,N/A
351,2025-01-10 19:19:24.121598,10,N/A
352,2025-01-10 19:19:24.417044,23,N/A
353,2025-01-10 19:19:24.695398,15,N/A
354,2025-01-10 19:19:25.031549,30,N/A
355,2025-01-10 19:19:25.406522,32,N/A
356,2025-01-10 19:19:25.754402,27,N/A
357,2025-01-10 19:19:26.216919,37,N/A
358,2025-01-10 19:19:26.618738,34,N/A
359,2025-01-10 19:19:26.823933,9,N/A
360,2025-01-10 19:19:27.128509,26,N/A
361,2025-01-10 19:19:27.421806,23,N/A
362,2025-01-10 19:19:27.771095,30,N/A
363,2025-01-10 19:19:28.127687,30,N/A
364,2025-01-10 19:19:28.336228,11,N/A
365,2025-01-10 19:19:28.800265,27,N/A
366,2025-01-10 19:19:29.072551,19,N/A
367,2025-01-10 19:19:29.338752,19,N/A
368,2025-01-10 19:19:29.740097,31,N/A
369,2025-01-10 19:19:30.033609,22,N/A
370,2025-01-10 19:19:30.366636,27,N/A
371,2025-01-10 19:19:30.860794,40,N/A
372,2025-01-10 19:19:31.182992,22,N/A
373,2025-01-10 19:19:31.560364,25,N/A
374,2025-01-10 19:19:31.912757,30,N/A
375,2025-01-10 19:19:32.123619,11,N/A
376,2025-01-10 19:19:32.332519,10,N/A
377,2025-01-10 19:19:32.772686,39,N/A
378,2025-01-10 19:19:33.083571,27,N/A
379,2025-01-10 19:19:33.403885,28,N/A
380,2025-01-10 19:19:33.840373,38,N/A
381,2025-01-10 19:19:34.328427,37,N/A
382,2025-01-10 19:19:34.576907,18,N/A
383,2025-01-10 19:19:34.928763,24,N/A
384,2025-01-10 19:19:35.181447,13,N/A
385,2025-01-10 19:19:35.412669,18,N/A
386,2025-01-10 19:19:35.662933,18,N/A
387,2025-01-10 19:19:36.130083,37,N/A
388,2025-01-10 19:19:36.364684,16,N/A
389,2025-01-10 19:19:36.634196,18,N/A
390,2025-01-10 19:19:36.969076,23,N/A
391,2025-01-10 19:19:37.141228,7,N/A
392,2025-01-10 19:19:37.364777,13,N/A
393,2025-01-10 19:19:37.605198,15,N/A
394,2025-01-10 19:19:37.954925,26,N/A
395,2025-01-10 19:19:38.290472,30,N/A
396,2025-01-10 19:19:38.504046,10,N/A
397,2025-01-10 19:19:38.764585,19,N/A
398,2025-01-10 19:19:39.128061,30,N/A
399,2025-01-10 19:19:39.514366,36,N/A
400,2025-01-10 19:19:39.848861,26,N/A
401,2025-01-10 19:19:40.059796,12,N/A
402,2025-01-10 19:19:40.345145,25,N/A
403,2025-01-10 19:19:40.709238,30,N/A
404,2025-01-10 19:19:41.091844,30,N/A
405,2025-01-10 19:19:41.519798,39,N/A
406,2025-01-10 19:19:41.896798,35,N/A
407,2025-01-10 19:19:42.143338,19,N/A
408,2025-01-10 19:19:42.481017,31,N/A
409,2025-01-10 19:19:42.729936,17,N/A
410,2025-01-10 19:19:42.985303,18,N/A
411,2025-01-10 19:19:43.291245,19,N/A
412,2025-01-10 19:19:43.494208,10,N/A
413,2025-01-10 19:19:43.834492,26,N/A
414,2025-01-10 19:19:44.198434,27,N/A
415,2025-01-10 19:19:44.439398,19,N/A
416,2025-01-10 19:19:44.703578,17,N/A
417,2025-01-10 19:19:44.959913,22,N/A
418,2025-01-10 19:19:45.303901,29,N/A
419,2025-01-10 19:19:45.544792,17,N/A
420,2025-01-10 19:19:45.880230,23,N/A
421,2025-01-10 19:19:46.381978,42,N/A
422,2025-01-10 19:19:46.810917,27,N/A
423,2025-01-10 19:19:46.990003,7,N/A
424,2025-01-10 19:19:47.256035,15,N/A
425,2025-01-10 19:19:47.631679,24,N/A
426,2025-01-10 19:19:47.906535,20,N/A
427,2025-01-10 19:19:48.347860,31,N/A
428,2025-01-10 19:19:48.694218,21,N/A
429,2025-01-10 19:19:49.086827,33,N/A
430,2025-01-10 19:19:49.680448,49,N/A
431,2025-01-10 19:19:50.138483,36,N/A
432,2025-01-10 19:19:50.442075,24,N/A
433,2025-01-10 19:19:50.775509,25,N/A
434,2025-01-10 19:19:51.006659,14,N/A
435,2025-01-10 19:19:51.174296,4,N/A
436,2025-01-10 19:19:51.368075,10,N/A
437,2025-01-10 19:19:51.558953,8,N/A
438,2025-01-10 19:19:51.796736,13,N/A
439,2025-01-10 19:19:52.130172,25,N/A
440,2025-01-10 19:19:52.549800,40,N/A
441,2025-01-10 19:19:52.918171,29,N/A
442,2025-01-10 19:19:53.087300,8,N/A
443,2025-01-10 19:19:53.450128,33,N/A
444,2025-01-10 19:19:53.658045,13,N/A
445,2025-01-10 19:19:53.952425,23,N/A
446,2025-01-10 19:19:54.265797,25,N/A
447,2025-01-10 19:19:54.455808,9,N/A
448,2025-01-10 19:19:54.860785,33,N/A
449,2025-01-10 19:19:55.166679,23,N/A
450,2025-01-10 19:19:55.387838,14,N/A
451,2025-01-10 19:19:55.618325,12,N/A
452,2025-01-10 19:19:55.877615,22,N/A
453,2025-01-10 19:19:56.309057,42,N/A
454,2025-01-10 19:19:56.596987,21,N/A
455,2025-01-10 19:19:56.903180,24,N/A
456,2025-01-10 19:19:57.173583,22,N/A
457,2025-01-10 19:19:57.478158,27,N/A
458,2025-01-10 19:19:57.748264,17,N/A
459,2025-01-10 19:19:58.055104,25,N/A
460,2025-01-10 19:19:58.338727,23,N/A
461,2025-01-10 19:19:58.744250,35,N/A
462,2025-01-10 19:19:59.112313,32,N/A
463,2025-01-10 19:19:59.401548,23,N/A
464,2025-01-10 19:19:59.705029,21,N/A
465,2025-01-10 19:20:00.031503,25,N/A
466,2025-01-10 19:20:00.361640,30,N/A
467,2025-01-10 19:20:00.696430,28,N/A
468,2025-01-10 19:20:01.055955,28,N/A
469,2025-01-10 19:20:01.454954,29,N/A
470,2025-01-10 19:20:01.825708,26,N/A
471,2025-01-10 19:20:02.218642,32,N/A
472,2025-01-10 19:20:02.463804,16,N/A
473,2025-01-10 19:20:02.672243,11,N/A
474,2025-01-10 19:20:02.983723,26,N/A
475,2025-01-10 19:20:03.304460,33,N/A
476,2025-01-10 19:20:03.561102,16,N/A
477,2025-01-10 19:20:03.838315,21,N/A
478,2025-01-10 19:20:04.216766,21,N/A
479,2025-01-10 19:20:04.526686,26,N/A
480,2025-01-10 19:20:04.879967,30,N/A
481,2025-01-10 19:20:05.225506,34,N/A
482,2025-01-10 19:20:05.555358,27,N/A
483,2025-01-10 19:20:05.863104,29,N/A
484,2025-01-10 19:20:06.078277,17,N/A
485,2025-01-10 19:20:06.443596,30,N/A
486,2025-01-10 19:20:06.822574,34,N/A
487,2025-01-10 19:20:07.237412,35,N/A
488,2025-01-10 19:20:07.464788,15,N/A
489,2025-01-10 19:20:07.632833,6,N/A
490,2025-01-10 19:20:07.956265,29,N/A
491,2025-01-10 19:20:08.225843,22,N/A
492,2025-01-10 19:20:08.467520,14,N/A
493,2025-01-10 19:20:08.689892,12,N/A
494,2025-01-10 19:20:08.988420,25,N/A
495,2025-01-10 19:20:09.352272,25,N/A
496,2025-01-10 19:20:09.665218,30,N/A
497,2025-01-10 19:20:09.952704,21,N/A
498,2025-01-10 19:20:10.233680,24,N/A
499,2025-01-10 19:20:10.477604,18,N/A
500,2025-01-10 19:20:10.792010,27,N/A
501,2025-01-10 19:20:11.108678,26,N/A
502,2025-01-10 19:20:11.316473,11,N/A
503,2025-01-10 19:20:11.608261,24,N/A
504,2025-01-10 19:20:11.794291,8,N/A
505,2025-01-10 19:20:12.182886,30,N/A
506,2025-01-10 19:20:12.400340,16,N/A
507,2025-01-10 19:20:12.827597,40,N/A
508,2025-01-10 19:20:13.104509,27,N/A
509,2025-01-10 19:20:13.350859,15,N/A
510,2025-01-10 19:20:13.741998,33,N/A
511,2025-01-10 19:20:13.966151,15,N/A
512,2025-01-10 19:20:14.275289,22,N/A
513,2025-01-10 19:20:14.508597,17,N/A
514,2025-01-10 19:20:14.758822,16,N/A
515,2025-01-10 19:20:15.006814,18,N/A
516,2025-01-10 19:20:15.384667,33,N/A
517,2025-01-10 19:20:15.629216,16,N/A
518,2025-01-10 19:20:15.867046,17,N/A
519,2025-01-10 19:20:16.152818,28,N/A
520,2025-01-10 19:20:16.414754,15,N/A
521,2025-01-10 19:20:16.672783,17,N/A
522,2025-01-10 19:20:17.022311,26,N/A
523,2025-01-10 19:20:17.278994,19,N/A
524,2025-01-10 19:20:17.640494,31,N/A
525,2025-01-10 19:20:17.874878,21,N/A
526,2025-01-10 19:20:18.119728,17,N/A
527,2025-01-10 19:20:18.350905,15,N/A
528,2025-01-10 19:20:18.714568,32,N/A
529,2025-01-10 19:20:18.981088,24,N/A
530,2025-01-10 19:20:19.276785,23,N/A
531,2025-01-10 19:20:19.581128,29,N/A
532,2025-01-10 19:20:19.788930,11,N/A
533,2025-01-10 19:20:20.109442,28,N/A
534,2025-01-10 19:20:20.439351,31,N/A
535,2025-01-10 19:20:20.754428,28,N/A
536,2025-01-10 19:20:20.967563,13,N/A
537,2025-01-10 19:20:21.215891,18,N/A
538,2025-01-10 19:20:21.675949,30,N/A
539,2025-01-10 19:20:21.993906,23,N/A
540,2025-01-10 19:20:22.326414,31,N/A
541,2025-01-10 19:20:22.662413,25,N/A
542,2025-01-10 19:20:22.969322,29,N/A
543,2025-01-10 19:20:23.199059,15,N/A
544,2025-01-10 19:20:23.514144,23,N/A
545,2025-01-10 19:20:23.746593,17,N/A
546,2025-01-10 19:20:24.059176,26,N/A
547,2025-01-10 19:20:24.310463,19,N/A
548,2025-01-10 19:20:24.584568,22,N/A
549,2025-01-10 19:20:24.888630,29,N/A
550,2025-01-10 19:20:25.138917,21,N/A
551,2025-01-10 19:20:25.446968,19,N/A
552,2025-01-10 19:20:25.697885,20,N/A
553,2025-01-10 19:20:25.910997,13,N/A
554,2025-01-10 19:20:26.211571,23,N/A
555,2025-01-10 19:20:26.514687,25,N/A
556,2025-01-10 19:20:26.831357,21,N/A
557,2025-01-10 19:20:27.148347,25,N/A
558,2025-01-10 19:20:27.370905,18,N/A
559,2025-01-10 19:20:27.679621,28,N/A
560,2025-01-10 19:20:28.049901,30,N/A
561,2025-01-10 19:20:28.299200,17,N/A
562,2025-01-10 19:20:28.609062,26,N/A
563,2025-01-10 19:20:28.943505,26,N/A
564,2025-01-10 19:20:29.282275,24,N/A
565,2025-01-10 19:20:29.782666,42,N/A
566,2025-01-10 19:20:30.098094,21,N/A
567,2025-01-10 19:20:30.402406,24,N/A
568,2025-01-10 19:20:30.682373,19,N/A
569,2025-01-10 19:20:30.896762,12,N/A
570,2025-01-10 19:20:31.195374,18,N/A
571,2025-01-10 19:20:31.558626,35,N/A
572,2025-01-10 19:20:31.833377,18,N/A
573,2025-01-10 19:20:32.105798,22,N/A
574,2025-01-10 19:20:32.439236,29,N/A
575,2025-01-10 19:20:32.735237,23,N/A
576,2025-01-10 19:20:33.024201,20,N/A
577,2025-01-10 19:20:33.219253,9,N/A
578,2025-01-10 19:20:33.428565,11,N/A
579,2025-01-10 19:20:33.691331,18,N/A
580,2025-01-10 19:20:34.044100,27,N/A
581,2025-01-10 19:20:34.344504,23,N/A
582,2025-01-10 19:20:34.625488,20,N/A
583,2025-01-10 19:20:34.978127,32,N/A
584,2025-01-10 19:20:35.152075,8,N/A
585,2025-01-10 19:20:35.540528,31,N/A
586,2025-01-10 19:20:35.866424,28,N/A
587,2025-01-10 19:20:36.178914,27,N/A
588,2025-01-10 19:20:36.537809,33,N/A
589,2025-01-10 19:20:36.763989,16,N/A
590,2025-01-10 19:20:37.025645,18,N/A
591,2025-01-10 19:20:37.357629,29,N/A
592,2025-01-10 19:20:37.620360,21,N/A
593,2025-01-10 19:20:37.800113,11,N/A
594,2025-01-10 19:20:38.012356,11,N/A
595,2025-01-10 19:20:38.311961,21,N/A
596,2025-01-10 19:20:38.694044,33,N/A
597,2025-01-10 19:20:38.986864,22,N/A
598,2025-01-10 19:20:39.259667,24,N/A
599,2025-01-10 19:20:39.595620,30,N/A
600,2025-01-10 19:20:39.843130,19,N/A
601,2025-01-10 19:20:40.066273,14,N/A
602,2025-01-10 19:20:40.273694,9,N/A
603,2025-01-10 19:20:40.657004,32,N/A
604,2025-01-10 19:20:40.945661,14,N/A
605,2025-01-10 19:20:41.123650,7,N/A
606,2025-01-10 19:20:41.336677,12,N/A
607,2025-01-10 19:20:41.649437,29,N/A
608,2025-01-10 19:20:41.984731,28,N/A
609,2025-01-10 19:20:42.230813,19,N/A
610,2025-01-10 19:20:42.602069,32,N/A
611,2025-01-10 19:20:42.909129,25,N/A
612,2025-01-10 19:20:43.176869,19,N/A
613,2025-01-10 19:20:43.406032,16,N/A
614,2025-01-10 19:20:43.625552,13,N/A
615,2025-01-10 19:20:43.890007,20,N/A
616,2025-01-10 19:20:44.118083,14,N/A
617,2025-01-10 19:20:44.457959,24,N/A
618,2025-01-10 19:20:44.829920,24,N/A
619,2025-01-10 19:20:45.103909,19,N/A
620,2025-01-10 19:20:45.375086,21,N/A
621,2025-01-10 19:20:45.738527,32,N/A
622,2025-01-10 19:20:46.021372,24,N/A
623,2025-01-10 19:20:46.364743,26,N/A
624,2025-01-10 19:20:46.747642,37,N/A
625,2025-01-10 19:20:47.056986,28,N/A
626,2025-01-10 19:20:47.393392,27,N/A
627,2025-01-10 19:20:47.661482,23,N/A
628,2025-01-10 19:20:48.148716,41,N/A
629,2025-01-10 19:20:48.390050,20,N/A
630,2025-01-10 19:20:48.763037,32,N/A
631,2025-01-10 19:20:49.105514,28,N/A
632,2025-01-10 19:20:49.372449,19,N/A
633,2025-01-10 19:20:49.707556,26,N/A
634,2025-01-10 19:20:49.974434,22,N/A
635,2025-01-10 19:20:50.304490,25,N/A
636,2025-01-10 19:20:50.515283,9,N/A
637,2025-01-10 19:20:50.834264,26,N/A
638,2025-01-10 19:20:51.212806,32,N/A
639,2025-01-10 19:20:51.539433,30,N/A
640,2025-01-10 19:20:51.795017,21,N/A
641,2025-01-10 19:20:52.130106,32,N/A
642,2025-01-10 19:20:52.335624,12,N/A
643,2025-01-10 19:20:52.633630,27,N/A
644,2025-01-10 19:20:52.954988,25,N/A
645,2025-01-10 19:20:53.207630,20,N/A
646,2025-01-10 19:20:53.598889,38,N/A
647,2025-01-10 19:20:53.993067,37,N/A
648,2025-01-10 19:20:54.369204,39,N/A
649,2025-01-10 19:20:54.649511,23,N/A
650,2025-01-10 19:20:55.031931,34,N/A
651,2025-01-10 19:20:55.376422,31,N/A
652,2025-01-10 19:20:55.597240,17,N/A
653,2025-01-10 19:20:55.853234,17,N/A
654,2025-01-10 19:20:56.141331,20,N/A
655,2025-01-10 19:20:56.427757,22,N/A
656,2025-01-10 19:20:56.685468,21,N/A
657,2025-01-10 19:20:56.897693,13,N/A
658,2025-01-10 19:20:57.355881,46,N/A
659,2025-01-10 19:20:57.578962,15,N/A
660,2025-01-10 19:20:57.897425,28,N/A
661,2025-01-10 19:20:58.114535,13,N/A
662,2025-01-10 19:20:58.436390,22,N/A
663,2025-01-10 19:20:58.740436,23,N/A
664,2025-01-10 19:20:59.067996,30,N/A
665,2025-01-10 19:20:59.283711,11,N/A
666,2025-01-10 19:20:59.441325,3,N/A
667,2025-01-10 19:20:59.727783,25,N/A
668,2025-01-10 19:21:00.040729,26,N/A
669,2025-01-10 19:21:00.244323,12,N/A
670,2025-01-10 19:21:00.581527,17,N/A
671,2025-01-10 19:21:00.797603,18,N/A
672,2025-01-10 19:21:01.038855,16,N/A
673,2025-01-10 19:21:01.354895,28,N/A
674,2025-01-10 19:21:01.619460,20,N/A
675,2025-01-10 19:21:01.847868,14,N/A
676,2025-01-10 19:21:02.112987,17,N/A
677,2025-01-10 19:21:02.362200,16,N/A
678,2025-01-10 19:21:02.700501,29,N/A
679,2025-01-10 19:21:02.946315,21,N/A
680,2025-01-10 19:21:03.273082,27,N/A
681,2025-01-10 19:21:03.490618,15,N/A
682,2025-01-10 19:21:03.841199,27,N/A
683,2025-01-10 19:21:04.213523,36,N/A
684,2025-01-10 19:21:04.569276,27,N/A
685,2025-01-10 19:21:04.821282,23,N/A
686,2025-01-10 19:21:05.242001,33,N/A
687,2025-01-10 19:21:05.556732,23,N/A
688,2025-01-10 19:21:05.833078,19,N/A
689,2025-01-10 19:21:06.133809,26,N/A
690,2025-01-10 19:21:06.571308,39,N/A
691,2025-01-10 19:21:06.942657,26,N/A
692,2025-01-10 19:21:07.277500,32,N/A
693,2025-01-10 19:21:07.478329,8,N/A
694,2025-01-10 19:21:07.828337,30,N/A
695,2025-01-10 19:21:08.114415,20,N/A
696,2025-01-10 19:21:08.333818,15,N/A
697,2025-01-10 19:21:08.694633,33,N/A
698,2025-01-10 19:21:08.868045,7,N/A
699,2025-01-10 19:21:09.059626,10,N/A
700,2025-01-10 19:21:09.369979,28,N/A
701,2025-01-10 19:21:09.558842,8,N/A
702,2025-01-10 19:21:09.901037,29,N/A
703,2025-01-10 19:21:10.181596,23,N/A
704,2025-01-10 19:21:10.578746,37,N/A
705,2025-01-10 19:21:11.046373,43,N/A
706,2025-01-10 19:21:11.247602,9,N/A
707,2025-01-10 19:21:11.653860,32,N/A
708,2025-01-10 19:21:11.883760,15,N/A
709,2025-01-10 19:21:12.076794,8,N/A
710,2025-01-10 19:21:12.367385,24,N/A
711,2025-01-10 19:21:12.604574,16,N/A
712,2025-01-10 19:21:12.881252,19,N/A
713,2025-01-10 19:21:13.206615,34,N/A
714,2025-01-10 19:21:13.425505,13,N/A
715,2025-01-10 19:21:13.715580,20,N/A
716,2025-01-10 19:21:14.058831,29,N/A
717,2025-01-10 19:21:14.249779,9,N/A
718,2025-01-10 19:21:14.642658,36,N/A
719,2025-01-10 19:21:15.071071,35,N/A
720,2025-01-10 19:21:15.304633,17,N/A
721,2025-01-10 19:21:15.645316,30,N/A
722,2025-01-10 19:21:15.952757,25,N/A
723,2025-01-10 19:21:16.305525,30,N/A
724,2025-01-10 19:21:16.613936,21,N/A
725,2025-01-10 19:21:16.882843,21,N/A
726,2025-01-10 19:21:17.113046,15,N/A
727,2025-01-10 19:21:17.416660,26,N/A
728,2025-01-10 19:21:17.865443,37,N/A
729,2025-01-10 19:21:18.125508,13,N/A
730,2025-01-10 19:21:18.432934,23,N/A
731,2025-01-10 19:21:18.768244,25,N/A
732,2025-01-10 19:21:18.966724,11,N/A
733,2025-01-10 19:21:19.334391,33,N/A
734,2025-01-10 19:21:19.550538,15,N/A
735,2025-01-10 19:21:19.877505,25,N/A
736,2025-01-10 19:21:20.233879,40,N/A
737,2025-01-10 19:21:20.535071,9,N/A
738,2025-01-10 19:21:20.918225,38,N/A
739,2025-01-10 19:21:21.141432,12,N/A
740,2025-01-10 19:21:21.446402,22,N/A
741,2025-01-10 19:21:21.755703,26,N/A
742,2025-01-10 19:21:21.962968,12,N/A
743,2025-01-10 19:21:22.271386,22,N/A
744,2025-01-10 19:21:22.455359,11,N/A
745,2025-01-10 19:21:22.687990,11,N/A
746,2025-01-10 19:21:22.939604,14,N/A
747,2025-01-10 19:21:23.428844,37,N/A
748,2025-01-10 19:21:23.692213,18,N/A
749,2025-01-10 19:21:24.137029,30,N/A
750,2025-01-10 19:21:24.345293,7,N/A
751,2025-01-10 19:21:24.699687,24,N/A
752,2025-01-10 19:21:24.974924,17,N/A
753,2025-01-10 19:21:25.288056,27,N/A
754,2025-01-10 19:21:25.657245,32,N/A
755,2025-01-10 19:21:26.056083,27,N/A
756,2025-01-10 19:21:26.298533,15,N/A
757,2025-01-10 19:21:26.631852,27,N/A
758,2025-01-10 19:21:26.953696,26,N/A
759,2025-01-10 19:21:27.364067,32,N/A
760,2025-01-10 19:21:27.758855,32,N/A
761,2025-01-10 19:21:27.971178,12,N/A
762,2025-01-10 19:21:28.317147,30,N/A
763,2025-01-10 19:21:28.576968,18,N/A
764,2025-01-10 19:21:28.791657,12,N/A
765,2025-01-10 19:21:29.073827,25,N/A
766,2025-01-10 19:21:29.388020,24,N/A
767,2025-01-10 19:21:29.764128,32,N/A
768,2025-01-10 19:21:30.156900,33,N/A
769,2025-01-10 19:21:30.407270,20,N/A
770,2025-01-10 19:21:30.715335,24,N/A
771,2025-01-10 19:21:30.980472,20,N/A
772,2025-01-10 19:21:31.278130,21,N/A
773,2025-01-10 19:21:31.682983,42,N/A
774,2025-01-10 19:21:31.985216,18,N/A
775,2025-01-10 19:21:32.254571,18,N/A
776,2025-01-10 19:21:32.533996,22,N/A
777,2025-01-10 19:21:32.822837,23,N/A
778,2025-01-10 19:21:33.067691,19,N/A
779,2025-01-10 19:21:33.293940,14,N/A
780,2025-01-10 19:21:33.563489,20,N/A
781,2025-01-10 19:21:33.827886,18,N/A
782,2025-01-10 19:21:34.198310,32,N/A
783,2025-01-10 19:21:34.503317,25,N/A
784,2025-01-10 19:21:34.695642,7,N/A
785,2025-01-10 19:21:34.936031,13,N/A
786,2025-01-10 19:21:35.216490,22,N/A
787,2025-01-10 19:21:35.459022,16,N/A
788,2025-01-10 19:21:35.824965,30,N/A
789,2025-01-10 19:21:36.016436,8,N/A
790,2025-01-10 19:21:36.383887,39,N/A
791,2025-01-10 19:21:36.819783,39,N/A
792,2025-01-10 19:21:37.273735,37,N/A
793,2025-01-10 19:21:37.504024,14,N/A
794,2025-01-10 19:21:37.748844,20,N/A
795,2025-01-10 19:21:37.937285,7,N/A
796,2025-01-10 19:21:38.105100,4,N/A
797,2025-01-10 19:21:38.306417,12,N/A
798,2025-01-10 19:21:38.604983,23,N/A
799,2025-01-10 19:21:38.840059,17,N/A
800,2025-01-10 19:21:39.175563,25,N/A
801,2025-01-10 19:21:39.535776,34,N/A
802,2025-01-10 19:21:39.842399,29,N/A
803,2025-01-10 19:21:40.118594,24,N/A
804,2025-01-10 19:21:40.366226,18,N/A
805,2025-01-10 19:21:40.621406,18,N/A
806,2025-01-10 19:21:40.928273,26,N/A
807,2025-01-10 19:21:41.343312,23,N/A
808,2025-01-10 19:21:41.781554,37,N/A
809,2025-01-10 19:21:42.082702,21,N/A
810,2025-01-10 19:21:42.325728,14,N/A
811,2025-01-10 19:21:42.637931,27,N/A
812,2025-01-10 19:21:42.989070,31,N/A
813,2025-01-10 19:21:43.191057,10,N/A
814,2025-01-10 19:21:43.454759,17,N/A
815,2025-01-10 19:21:43.714230,18,N/A
816,2025-01-10 19:21:44.031296,20,N/A
817,2025-01-10 19:21:44.244140,12,N/A
818,2025-01-10 19:21:44.586360,31,N/A
819,2025-01-10 19:21:44.946031,25,N/A
820,2025-01-10 19:21:45.313065,32,N/A
821,2025-01-10 19:21:45.634922,21,N/A
822,2025-01-10 19:21:45.955929,26,N/A
823,2025-01-10 19:21:46.187854,11,N/A
824,2025-01-10 19:21:46.461276,18,N/A
825,2025-01-10 19:21:46.789101,24,N/A
826,2025-01-10 19:21:46.993784,9,N/A
827,2025-01-10 19:21:47.339860,29,N/A
828,2025-01-10 19:21:47.551964,14,N/A
829,2025-01-10 19:21:47.862190,22,N/A
830,2025-01-10 19:21:48.821897,45,N/A
831,2025-01-10 19:21:50.151612,20,N/A
832,2025-01-10 19:21:51.314796,22,N/A
833,2025-01-10 19:21:52.375078,21,N/A
834,2025-01-10 19:21:52.853423,9,N/A
835,2025-01-10 19:21:53.581167,14,N/A
836,2025-01-10 19:21:54.780140,32,N/A
837,2025-01-10 19:21:56.030620,22,N/A
838,2025-01-10 19:21:57.477933,24,N/A
839,2025-01-10 19:21:58.140929,15,N/A
840,2025-01-10 19:21:59.322052,18,N/A
841,2025-01-10 19:22:00.501023,25,N/A
842,2025-01-10 19:22:01.904439,35,N/A
1,2025-01-10 19:25:59.746865,1,N/A
2,2025-01-10 19:25:59.992294,1,N/A
3,2025-01-10 19:26:00.381454,0,N/A
4,2025-01-10 19:26:00.596515,1,N/A
5,2025-01-10 19:26:00.826224,2,N/A
6,2025-01-10 19:26:01.154527,1,N/A
7,2025-01-10 19:26:01.451346,1,N/A
8,2025-01-10 19:26:01.789175,1,N/A
9,2025-01-10 19:26:02.150506,1,N/A
10,2025-01-10 19:26:02.533600,0,N/A
11,2025-01-10 19:26:02.883601,1,N/A
12,2025-01-10 19:26:03.122678,1,N/A
13,2025-01-10 19:26:03.340236,1,N/A
14,2025-01-10 19:26:03.542616,1,N/A
15,2025-01-10 19:26:03.793352,2,N/A
16,2025-01-10 19:26:03.935770,1,N/A
17,2025-01-10 19:26:04.158046,1,N/A
18,2025-01-10 19:26:04.338678,1,N/A
19,2025-01-10 19:26:04.698485,1,N/A
20,2025-01-10 19:26:04.882452,1,N/A
21,2025-01-10 19:26:05.290054,0,N/A
22,2025-01-10 19:26:05.622365,1,N/A
23,2025-01-10 19:26:05.856633,1,N/A
24,2025-01-10 19:26:06.168185,2,N/A
25,2025-01-10 19:26:06.420602,1,N/A
26,2025-01-10 19:26:06.561250,2,N/A
27,2025-01-10 19:26:06.793155,2,N/A
28,2025-01-10 19:26:06.951304,1,N/A
29,2025-01-10 19:26:07.129928,1,N/A
30,2025-01-10 19:26:07.435194,1,N/A
31,2025-01-10 19:26:07.613304,1,N/A
32,2025-01-10 19:26:07.972607,4,N/A
33,2025-01-10 19:26:08.179905,2,N/A
34,2025-01-10 19:26:08.372286,1,N/A
35,2025-01-10 19:26:08.787305,3,N/A
36,2025-01-10 19:26:09.012629,2,N/A
37,2025-01-10 19:26:09.214436,2,N/A
38,2025-01-10 19:26:09.440544,1,N/A
39,2025-01-10 19:26:09.674441,4,N/A
40,2025-01-10 19:26:10.061206,2,N/A
41,2025-01-10 19:26:10.559975,7,N/A
42,2025-01-10 19:26:10.698588,1,N/A
43,2025-01-10 19:26:11.098625,4,N/A
44,2025-01-10 19:26:11.579220,9,N/A
45,2025-01-10 19:26:11.748544,2,N/A
46,2025-01-10 19:26:11.940521,2,N/A
1,2025-01-10 19:26:17.996427,1,N/A
2,2025-01-10 19:26:18.144717,1,N/A
3,2025-01-10 19:26:18.477976,0,N/A
4,2025-01-10 19:26:18.688012,1,N/A
5,2025-01-10 19:26:19.018141,0,N/A
6,2025-01-10 19:26:19.291296,1,N/A
7,2025-01-10 19:26:19.617342,1,N/A
8,2025-01-10 19:26:19.781578,1,N/A
9,2025-01-10 19:26:20.108651,2,N/A
10,2025-01-10 19:26:20.422911,1,N/A
11,2025-01-10 19:26:20.633667,2,N/A
12,2025-01-10 19:26:20.941796,1,N/A
13,2025-01-10 19:26:21.210045,1,N/A
14,2025-01-10 19:26:21.523560,1,N/A
15,2025-01-10 19:26:21.889417,1,N/A
16,2025-01-10 19:26:22.107578,4,N/A
17,2025-01-10 19:26:22.265792,1,N/A
18,2025-01-10 19:26:22.517343,2,N/A
19,2025-01-10 19:26:24.276169,1,N/A
20,2025-01-10 19:26:24.467674,1,N/A
21,2025-01-10 19:26:24.679185,1,N/A
22,2025-01-10 19:26:24.896002,1,N/A
23,2025-01-10 19:26:25.182830,3,N/A
24,2025-01-10 19:26:25.496246,3,N/A
25,2025-01-10 19:26:25.695545,1,N/A
26,2025-01-10 19:26:25.912685,4,N/A
27,2025-01-10 19:26:26.094321,1,N/A
28,2025-01-10 19:26:26.428603,1,N/A
29,2025-01-10 19:26:26.640392,2,N/A
30,2025-01-10 19:26:26.862230,1,N/A
31,2025-01-10 19:26:27.119456,3,N/A
32,2025-01-10 19:26:27.313365,1,N/A
33,2025-01-10 19:26:27.636691,4,N/A
34,2025-01-10 19:26:27.833864,1,N/A
35,2025-01-10 19:26:28.081666,1,N/A
36,2025-01-10 19:26:28.294547,1,N/A
37,2025-01-10 19:26:28.545565,1,N/A
38,2025-01-10 19:26:28.835805,2,N/A
39,2025-01-10 19:26:29.032332,1,N/A
40,2025-01-10 19:26:29.182407,1,N/A
41,2025-01-10 19:26:29.571306,3,N/A
42,2025-01-10 19:26:29.794757,2,N/A
43,2025-01-10 19:26:30.029484,5,N/A
44,2025-01-10 19:26:30.209912,1,N/A
45,2025-01-10 19:26:30.390438,3,N/A
46,2025-01-10 19:26:30.557256,1,N/A
47,2025-01-10 19:26:30.871069,3,N/A
48,2025-01-10 19:26:31.197228,0,N/A
49,2025-01-10 19:26:31.545374,6,N/A
50,2025-01-10 19:26:31.910116,4,N/A
51,2025-01-10 19:26:32.147297,3,N/A
52,2025-01-10 19:26:32.408968,2,N/A
53,2025-01-10 19:26:32.633795,4,N/A
54,2025-01-10 19:26:32.922853,3,N/A
55,2025-01-10 19:26:33.086642,1,N/A
56,2025-01-10 19:26:33.301082,1,N/A
57,2025-01-10 19:26:33.463430,4,N/A
58,2025-01-10 19:26:33.616738,1,N/A
59,2025-01-10 19:26:33.826787,3,N/A
60,2025-01-10 19:26:34.147389,4,N/A
61,2025-01-10 19:26:34.456010,8,N/A
62,2025-01-10 19:26:34.835160,8,N/A
63,2025-01-10 19:26:35.020958,2,N/A
64,2025-01-10 19:26:35.244355,3,N/A
65,2025-01-10 19:26:35.433237,3,N/A
66,2025-01-10 19:26:35.765141,7,N/A
67,2025-01-10 19:26:35.943816,2,N/A
68,2025-01-10 19:26:36.135341,1,N/A
69,2025-01-10 19:26:36.305687,3,N/A
70,2025-01-10 19:26:36.475737,3,N/A
71,2025-01-10 19:26:36.750966,13,N/A
72,2025-01-10 19:26:37.066502,14,N/A
73,2025-01-10 19:26:37.478421,13,N/A
74,2025-01-10 19:26:37.709622,10,N/A
75,2025-01-10 19:26:38.004180,14,N/A
76,2025-01-10 19:26:38.319407,5,N/A
77,2025-01-10 19:26:38.532340,10,N/A
78,2025-01-10 19:26:38.844985,16,N/A
79,2025-01-10 19:26:39.086141,13,N/A
80,2025-01-10 19:26:39.371420,7,N/A
81,2025-01-10 19:26:39.571105,9,N/A
82,2025-01-10 19:26:39.785190,9,N/A
83,2025-01-10 19:26:40.114671,0,N/A
84,2025-01-10 19:26:40.322719,6,N/A
85,2025-01-10 19:26:40.595971,13,N/A
86,2025-01-10 19:26:41.057493,29,N/A
87,2025-01-10 19:26:41.308435,4,N/A
88,2025-01-10 19:26:41.504152,6,N/A
89,2025-01-10 19:26:41.899752,8,N/A
90,2025-01-10 19:26:42.253900,17,N/A
91,2025-01-10 19:26:42.398580,1,N/A
92,2025-01-10 19:26:42.576818,3,N/A
93,2025-01-10 19:26:43.212024,19,N/A
94,2025-01-10 19:26:43.404772,9,N/A
95,2025-01-10 19:26:43.914337,11,N/A
96,2025-01-10 19:26:44.273105,18,N/A
97,2025-01-10 19:26:44.552585,14,N/A
98,2025-01-10 19:26:44.769541,9,N/A
99,2025-01-10 19:26:45.090259,18,N/A
100,2025-01-10 19:26:45.418425,0,N/A
101,2025-01-10 19:26:45.579544,4,N/A
102,2025-01-10 19:26:45.751082,5,N/A
103,2025-01-10 19:26:46.019309,11,N/A
104,2025-01-10 19:26:46.276272,13,N/A
105,2025-01-10 19:26:46.465872,7,N/A
106,2025-01-10 19:26:46.695248,14,N/A
107,2025-01-10 19:26:47.059063,19,N/A
108,2025-01-10 19:26:47.363615,21,N/A
109,2025-01-10 19:26:47.793176,31,N/A
110,2025-01-10 19:26:48.033707,15,N/A
111,2025-01-10 19:26:48.308396,18,N/A
112,2025-01-10 19:26:48.735865,27,N/A
113,2025-01-10 19:26:49.073407,29,N/A
114,2025-01-10 19:26:49.262782,8,N/A
115,2025-01-10 19:26:49.513137,15,N/A
116,2025-01-10 19:26:49.717679,9,N/A
117,2025-01-10 19:26:49.991853,15,N/A
118,2025-01-10 19:26:50.277568,21,N/A
119,2025-01-10 19:26:50.545804,17,N/A
120,2025-01-10 19:26:50.823672,19,N/A
121,2025-01-10 19:26:51.269768,31,N/A
122,2025-01-10 19:26:51.584688,19,N/A
123,2025-01-10 19:26:51.796980,13,N/A
124,2025-01-10 19:26:52.046792,17,N/A
125,2025-01-10 19:26:52.340494,19,N/A
126,2025-01-10 19:26:52.838502,38,N/A
127,2025-01-10 19:26:53.081192,16,N/A
128,2025-01-10 19:26:53.319000,10,N/A
129,2025-01-10 19:26:53.723985,34,N/A
130,2025-01-10 19:26:54.009473,17,N/A
131,2025-01-10 19:26:54.264395,15,N/A
132,2025-01-10 19:26:54.592913,26,N/A
133,2025-01-10 19:26:54.983378,28,N/A
134,2025-01-10 19:26:55.383863,35,N/A
135,2025-01-10 19:26:55.815857,31,N/A
136,2025-01-10 19:26:56.191929,29,N/A
137,2025-01-10 19:26:56.398041,7,N/A
138,2025-01-10 19:26:56.805297,27,N/A
139,2025-01-10 19:26:57.060292,15,N/A
140,2025-01-10 19:26:57.339821,16,N/A
141,2025-01-10 19:26:57.537543,11,N/A
142,2025-01-10 19:26:57.880293,26,N/A
143,2025-01-10 19:26:58.251579,33,N/A
144,2025-01-10 19:26:58.496800,13,N/A
145,2025-01-10 19:26:58.896952,30,N/A
146,2025-01-10 19:26:59.278714,31,N/A
147,2025-01-10 19:26:59.626287,32,N/A
148,2025-01-10 19:27:00.067563,40,N/A
149,2025-01-10 19:27:00.286048,12,N/A
150,2025-01-10 19:27:00.681863,33,N/A
151,2025-01-10 19:27:01.053617,30,N/A
152,2025-01-10 19:27:01.340948,21,N/A
153,2025-01-10 19:27:01.527921,5,N/A
154,2025-01-10 19:27:01.730903,10,N/A
155,2025-01-10 19:27:01.939059,11,N/A
156,2025-01-10 19:27:02.174794,12,N/A
157,2025-01-10 19:27:02.348777,5,N/A
158,2025-01-10 19:27:02.587642,17,N/A
159,2025-01-10 19:27:02.783887,7,N/A
160,2025-01-10 19:27:03.168339,32,N/A
161,2025-01-10 19:27:03.614254,36,N/A
162,2025-01-10 19:27:03.870657,14,N/A
163,2025-01-10 19:27:04.262810,29,N/A
164,2025-01-10 19:27:04.502466,13,N/A
165,2025-01-10 19:27:04.849166,28,N/A
166,2025-01-10 19:27:05.072055,11,N/A
167,2025-01-10 19:27:05.380533,15,N/A
168,2025-01-10 19:27:05.761104,28,N/A
169,2025-01-10 19:27:06.174275,34,N/A
170,2025-01-10 19:27:06.530417,28,N/A
171,2025-01-10 19:27:06.809414,21,N/A
172,2025-01-10 19:27:07.268784,34,N/A
173,2025-01-10 19:27:07.696251,35,N/A
174,2025-01-10 19:27:08.031046,27,N/A
175,2025-01-10 19:27:08.291913,14,N/A
176,2025-01-10 19:27:08.556305,16,N/A
177,2025-01-10 19:27:08.746161,7,N/A
178,2025-01-10 19:27:08.954717,9,N/A
179,2025-01-10 19:27:09.083850,1,N/A
180,2025-01-10 19:27:09.314991,12,N/A
181,2025-01-10 19:27:09.593015,15,N/A
182,2025-01-10 19:27:09.876046,16,N/A
183,2025-01-10 19:27:10.270646,32,N/A
184,2025-01-10 19:27:10.503662,11,N/A
185,2025-01-10 19:27:10.935937,34,N/A
186,2025-01-10 19:27:11.330825,31,N/A
187,2025-01-10 19:27:11.724269,35,N/A
188,2025-01-10 19:27:11.943393,16,N/A
189,2025-01-10 19:27:12.179604,14,N/A
190,2025-01-10 19:27:12.478628,20,N/A
191,2025-01-10 19:27:12.735005,20,N/A
192,2025-01-10 19:27:12.942085,12,N/A
193,2025-01-10 19:27:13.321795,28,N/A
194,2025-01-10 19:27:13.707330,31,N/A
195,2025-01-10 19:27:13.876194,9,N/A
196,2025-01-10 19:27:14.116909,16,N/A
197,2025-01-10 19:27:14.415462,24,N/A
198,2025-01-10 19:27:14.781731,33,N/A
199,2025-01-10 19:27:15.171026,26,N/A
200,2025-01-10 19:27:15.518232,27,N/A
201,2025-01-10 19:27:15.909799,33,N/A
202,2025-01-10 19:27:16.220092,23,N/A
203,2025-01-10 19:27:16.462601,19,N/A
204,2025-01-10 19:27:16.693031,12,N/A
205,2025-01-10 19:27:16.969462,21,N/A
206,2025-01-10 19:27:17.251787,20,N/A
207,2025-01-10 19:27:17.689269,38,N/A
208,2025-01-10 19:27:18.016669,23,N/A
209,2025-01-10 19:27:18.323141,24,N/A
210,2025-01-10 19:27:18.694596,25,N/A
211,2025-01-10 19:27:19.057796,35,N/A
212,2025-01-10 19:27:19.337032,17,N/A
213,2025-01-10 19:27:19.604848,21,N/A
214,2025-01-10 19:27:19.926463,25,N/A
215,2025-01-10 19:27:20.281734,30,N/A
216,2025-01-10 19:27:20.610302,29,N/A
217,2025-01-10 19:27:20.778973,5,N/A
218,2025-01-10 19:27:21.107378,31,N/A
219,2025-01-10 19:27:21.405566,21,N/A
220,2025-01-10 19:27:21.732299,26,N/A
221,2025-01-10 19:27:22.081778,33,N/A
222,2025-01-10 19:27:22.446958,29,N/A
223,2025-01-10 19:27:22.811063,31,N/A
224,2025-01-10 19:27:23.249448,36,N/A
225,2025-01-10 19:27:23.637491,29,N/A
226,2025-01-10 19:27:23.847768,12,N/A
227,2025-01-10 19:27:24.079530,16,N/A
228,2025-01-10 19:27:24.297516,11,N/A
229,2025-01-10 19:27:24.490400,9,N/A
230,2025-01-10 19:27:24.795356,26,N/A
231,2025-01-10 19:27:25.153112,26,N/A
232,2025-01-10 19:27:25.627064,37,N/A
233,2025-01-10 19:27:25.988876,29,N/A
234,2025-01-10 19:27:26.263670,20,N/A
235,2025-01-10 19:27:26.544393,21,N/A
236,2025-01-10 19:27:26.790254,16,N/A
237,2025-01-10 19:27:26.972658,5,N/A
238,2025-01-10 19:27:27.216798,15,N/A
239,2025-01-10 19:27:27.551219,24,N/A
240,2025-01-10 19:27:27.816523,17,N/A
241,2025-01-10 19:27:28.060507,16,N/A
242,2025-01-10 19:27:28.273590,12,N/A
243,2025-01-10 19:27:28.441621,8,N/A
244,2025-01-10 19:27:28.681137,17,N/A
245,2025-01-10 19:27:28.908918,19,N/A
246,2025-01-10 19:27:29.191094,22,N/A
247,2025-01-10 19:27:29.431305,17,N/A
248,2025-01-10 19:27:29.758613,27,N/A
249,2025-01-10 19:27:30.126362,33,N/A
250,2025-01-10 19:27:30.424301,24,N/A
251,2025-01-10 19:27:30.694769,23,N/A
252,2025-01-10 19:27:31.024387,26,N/A
253,2025-01-10 19:27:31.260817,14,N/A
254,2025-01-10 19:27:31.597088,32,N/A
255,2025-01-10 19:27:31.924309,31,N/A
256,2025-01-10 19:27:32.217997,19,N/A
257,2025-01-10 19:27:32.551638,28,N/A
258,2025-01-10 19:27:32.840056,20,N/A
259,2025-01-10 19:27:33.053122,11,N/A
260,2025-01-10 19:27:33.373507,26,N/A
261,2025-01-10 19:27:33.658221,22,N/A
262,2025-01-10 19:27:33.914411,20,N/A
263,2025-01-10 19:27:34.305255,33,N/A
264,2025-01-10 19:27:34.633057,23,N/A
265,2025-01-10 19:27:34.962231,33,N/A
266,2025-01-10 19:27:35.391187,35,N/A
267,2025-01-10 19:27:35.772532,31,N/A
268,2025-01-10 19:27:36.075071,25,N/A
269,2025-01-10 19:27:36.324092,16,N/A
270,2025-01-10 19:27:36.731346,36,N/A
271,2025-01-10 19:27:37.018004,22,N/A
272,2025-01-10 19:27:37.238966,14,N/A
273,2025-01-10 19:27:37.509887,23,N/A
274,2025-01-10 19:27:37.764364,17,N/A
275,2025-01-10 19:27:38.043304,19,N/A
276,2025-01-10 19:27:38.307002,18,N/A
277,2025-01-10 19:27:38.651225,25,N/A
278,2025-01-10 19:27:38.829324,7,N/A
279,2025-01-10 19:27:39.020006,9,N/A
280,2025-01-10 19:27:39.285679,17,N/A
281,2025-01-10 19:27:39.565407,20,N/A
282,2025-01-10 19:27:39.832519,14,N/A
283,2025-01-10 19:27:40.144570,24,N/A
284,2025-01-10 19:27:40.436924,21,N/A
285,2025-01-10 19:27:40.712279,25,N/A
286,2025-01-10 19:27:40.954575,15,N/A
287,2025-01-10 19:27:41.222503,15,N/A
288,2025-01-10 19:27:41.580874,27,N/A
289,2025-01-10 19:27:41.820791,19,N/A
290,2025-01-10 19:27:42.189336,35,N/A
291,2025-01-10 19:27:42.464086,19,N/A
292,2025-01-10 19:27:42.715050,21,N/A
293,2025-01-10 19:27:42.970995,17,N/A
294,2025-01-10 19:27:43.181857,11,N/A
295,2025-01-10 19:27:43.482521,23,N/A
296,2025-01-10 19:27:43.688021,17,N/A
297,2025-01-10 19:27:43.871794,8,N/A
298,2025-01-10 19:27:44.142359,22,N/A
299,2025-01-10 19:27:44.309378,6,N/A
300,2025-01-10 19:27:44.607957,21,N/A
301,2025-01-10 19:27:44.923675,22,N/A
302,2025-01-10 19:27:45.209282,23,N/A
303,2025-01-10 19:27:45.558094,24,N/A
304,2025-01-10 19:27:45.823519,19,N/A
305,2025-01-10 19:27:46.157062,28,N/A
306,2025-01-10 19:27:46.375442,13,N/A
307,2025-01-10 19:27:46.664083,23,N/A
308,2025-01-10 19:27:46.889772,11,N/A
309,2025-01-10 19:27:47.071107,5,N/A
310,2025-01-10 19:27:47.374809,22,N/A
311,2025-01-10 19:27:47.703057,25,N/A
312,2025-01-10 19:27:48.081316,33,N/A
313,2025-01-10 19:27:48.604564,46,N/A
314,2025-01-10 19:27:48.852727,14,N/A
315,2025-01-10 19:27:49.102548,17,N/A
316,2025-01-10 19:27:49.587259,44,N/A
317,2025-01-10 19:27:50.088868,33,N/A
318,2025-01-10 19:27:50.478800,30,N/A
319,2025-01-10 19:27:50.811837,27,N/A
320,2025-01-10 19:27:51.073253,23,N/A
321,2025-01-10 19:27:51.343171,19,N/A
322,2025-01-10 19:27:51.692126,28,N/A
323,2025-01-10 19:27:51.970778,19,N/A
324,2025-01-10 19:27:52.256269,23,N/A
325,2025-01-10 19:27:52.573844,25,N/A
326,2025-01-10 19:27:52.843950,18,N/A
327,2025-01-10 19:27:53.235272,32,N/A
328,2025-01-10 19:27:53.580445,30,N/A
329,2025-01-10 19:27:54.217382,60,N/A
330,2025-01-10 19:27:54.462803,15,N/A
331,2025-01-10 19:27:54.765253,23,N/A
332,2025-01-10 19:27:55.230403,33,N/A
333,2025-01-10 19:27:55.584632,30,N/A
334,2025-01-10 19:27:55.973303,30,N/A
335,2025-01-10 19:27:56.484729,46,N/A
336,2025-01-10 19:27:56.780077,23,N/A
337,2025-01-10 19:27:57.041348,20,N/A
338,2025-01-10 19:27:57.266635,15,N/A
339,2025-01-10 19:27:57.538000,22,N/A
340,2025-01-10 19:27:57.772437,18,N/A
341,2025-01-10 19:27:58.064053,26,N/A
342,2025-01-10 19:27:58.345161,17,N/A
343,2025-01-10 19:27:58.672049,27,N/A
344,2025-01-10 19:27:59.010149,25,N/A
345,2025-01-10 19:27:59.452604,40,N/A
346,2025-01-10 19:27:59.767945,24,N/A
347,2025-01-10 19:28:00.061707,26,N/A
348,2025-01-10 19:28:00.303615,15,N/A
349,2025-01-10 19:28:00.603593,23,N/A
350,2025-01-10 19:28:00.859205,15,N/A
351,2025-01-10 19:28:01.128979,19,N/A
352,2025-01-10 19:28:01.337479,11,N/A
353,2025-01-10 19:28:01.755894,37,N/A
354,2025-01-10 19:28:02.095685,29,N/A
355,2025-01-10 19:28:02.447247,28,N/A
356,2025-01-10 19:28:02.676915,17,N/A
357,2025-01-10 19:28:02.962540,25,N/A
358,2025-01-10 19:28:03.218110,16,N/A
359,2025-01-10 19:28:03.448131,14,N/A
360,2025-01-10 19:28:03.813798,25,N/A
361,2025-01-10 19:28:04.090440,20,N/A
362,2025-01-10 19:28:04.389801,24,N/A
363,2025-01-10 19:28:04.710217,22,N/A
364,2025-01-10 19:28:04.971850,16,N/A
365,2025-01-10 19:28:05.282422,29,N/A
366,2025-01-10 19:28:05.535530,17,N/A
367,2025-01-10 19:28:05.849492,25,N/A
368,2025-01-10 19:28:06.362441,36,N/A
369,2025-01-10 19:28:06.630995,17,N/A
370,2025-01-10 19:28:06.852251,12,N/A
371,2025-01-10 19:28:07.137658,20,N/A
372,2025-01-10 19:28:07.493970,31,N/A
373,2025-01-10 19:28:07.776025,24,N/A
374,2025-01-10 19:28:08.066800,27,N/A
375,2025-01-10 19:28:08.351142,24,N/A
376,2025-01-10 19:28:08.797821,41,N/A
377,2025-01-10 19:28:09.143302,31,N/A
378,2025-01-10 19:28:09.425895,25,N/A
379,2025-01-10 19:28:09.873916,42,N/A
380,2025-01-10 19:28:10.236812,35,N/A
381,2025-01-10 19:28:10.454007,16,N/A
382,2025-01-10 19:28:10.750086,24,N/A
383,2025-01-10 19:28:11.071258,29,N/A
384,2025-01-10 19:28:11.324072,18,N/A
385,2025-01-10 19:28:11.558756,12,N/A
386,2025-01-10 19:28:11.830101,21,N/A
387,2025-01-10 19:28:12.088313,18,N/A
388,2025-01-10 19:28:12.355134,19,N/A
389,2025-01-10 19:28:12.609602,20,N/A
390,2025-01-10 19:28:12.899708,23,N/A
391,2025-01-10 19:28:13.122984,13,N/A
392,2025-01-10 19:28:13.427573,23,N/A
393,2025-01-10 19:28:13.676731,18,N/A
394,2025-01-10 19:28:14.058877,25,N/A
395,2025-01-10 19:28:14.279173,11,N/A
396,2025-01-10 19:28:14.614434,23,N/A
397,2025-01-10 19:28:14.995087,36,N/A
398,2025-01-10 19:28:15.375239,37,N/A
399,2025-01-10 19:28:15.702113,27,N/A
400,2025-01-10 19:28:16.063129,29,N/A
401,2025-01-10 19:28:16.389402,26,N/A
402,2025-01-10 19:28:16.655887,20,N/A
403,2025-01-10 19:28:16.887990,15,N/A
404,2025-01-10 19:28:17.084561,10,N/A
405,2025-01-10 19:28:17.417979,32,N/A
406,2025-01-10 19:28:17.701303,11,N/A
407,2025-01-10 19:28:17.923944,15,N/A
408,2025-01-10 19:28:18.300625,31,N/A
409,2025-01-10 19:28:18.597138,28,N/A
410,2025-01-10 19:28:18.963106,29,N/A
411,2025-01-10 19:28:19.201310,15,N/A
412,2025-01-10 19:28:19.507037,24,N/A
413,2025-01-10 19:28:19.782946,21,N/A
414,2025-01-10 19:28:20.121571,31,N/A
415,2025-01-10 19:28:20.475014,31,N/A
416,2025-01-10 19:28:20.733147,21,N/A
417,2025-01-10 19:28:20.981917,13,N/A
418,2025-01-10 19:28:21.257341,19,N/A
419,2025-01-10 19:28:21.527821,24,N/A
420,2025-01-10 19:28:21.823806,25,N/A
421,2025-01-10 19:28:22.174937,33,N/A
422,2025-01-10 19:28:22.461610,20,N/A
423,2025-01-10 19:28:22.732002,21,N/A
424,2025-01-10 19:28:23.016061,25,N/A
425,2025-01-10 19:28:23.430680,35,N/A
426,2025-01-10 19:28:23.700390,20,N/A
427,2025-01-10 19:28:24.014397,28,N/A
428,2025-01-10 19:28:24.354573,25,N/A
429,2025-01-10 19:28:24.613877,27,N/A
430,2025-01-10 19:28:24.919038,23,N/A
431,2025-01-10 19:28:25.133545,11,N/A
432,2025-01-10 19:28:25.469054,30,N/A
433,2025-01-10 19:28:25.685797,16,N/A
434,2025-01-10 19:28:25.877254,7,N/A
435,2025-01-10 19:28:26.142889,19,N/A
436,2025-01-10 19:28:26.510460,31,N/A
437,2025-01-10 19:28:26.850447,30,N/A
438,2025-01-10 19:28:27.278717,38,N/A
439,2025-01-10 19:28:27.584362,27,N/A
440,2025-01-10 19:28:27.947190,29,N/A
441,2025-01-10 19:28:28.286649,29,N/A
442,2025-01-10 19:28:28.579420,26,N/A
443,2025-01-10 19:28:28.867112,22,N/A
444,2025-01-10 19:28:29.109321,15,N/A
445,2025-01-10 19:28:29.393422,22,N/A
446,2025-01-10 19:28:29.690089,21,N/A
447,2025-01-10 19:28:29.907728,13,N/A
448,2025-01-10 19:28:30.314810,41,N/A
449,2025-01-10 19:28:30.692588,29,N/A
450,2025-01-10 19:28:30.868715,8,N/A
451,2025-01-10 19:28:31.134833,22,N/A
452,2025-01-10 19:28:31.439074,25,N/A
453,2025-01-10 19:28:31.753268,24,N/A
454,2025-01-10 19:28:31.917274,5,N/A
455,2025-01-10 19:28:32.230154,27,N/A
456,2025-01-10 19:28:32.492319,24,N/A
457,2025-01-10 19:28:32.780755,21,N/A
458,2025-01-10 19:28:32.997311,15,N/A
459,2025-01-10 19:28:33.227137,12,N/A
460,2025-01-10 19:28:33.519933,21,N/A
461,2025-01-10 19:28:33.964616,36,N/A
462,2025-01-10 19:28:34.293753,14,N/A
463,2025-01-10 19:28:34.584123,21,N/A
464,2025-01-10 19:28:34.922168,32,N/A
465,2025-01-10 19:28:35.105332,10,N/A
466,2025-01-10 19:28:35.368509,17,N/A
467,2025-01-10 19:28:35.826696,40,N/A
468,2025-01-10 19:28:36.046807,12,N/A
469,2025-01-10 19:28:36.398072,31,N/A
470,2025-01-10 19:28:36.639500,16,N/A
471,2025-01-10 19:28:36.868168,11,N/A
472,2025-01-10 19:28:37.100508,12,N/A
473,2025-01-10 19:28:37.373646,21,N/A
474,2025-01-10 19:28:37.789170,37,N/A
475,2025-01-10 19:28:38.106871,25,N/A
476,2025-01-10 19:28:38.382356,18,N/A
477,2025-01-10 19:28:38.652674,25,N/A
478,2025-01-10 19:28:39.027240,29,N/A
479,2025-01-10 19:28:39.267841,17,N/A
480,2025-01-10 19:28:39.617453,27,N/A
481,2025-01-10 19:28:39.945797,23,N/A
482,2025-01-10 19:28:40.216174,17,N/A
483,2025-01-10 19:28:40.545691,26,N/A
484,2025-01-10 19:28:40.795531,17,N/A
485,2025-01-10 19:28:41.131490,30,N/A
486,2025-01-10 19:28:41.416131,23,N/A
487,2025-01-10 19:28:41.761117,33,N/A
488,2025-01-10 19:28:42.083627,28,N/A
489,2025-01-10 19:28:42.443430,31,N/A
490,2025-01-10 19:28:42.683527,16,N/A
491,2025-01-10 19:28:43.015786,30,N/A
492,2025-01-10 19:28:43.282778,25,N/A
493,2025-01-10 19:28:43.542838,16,N/A
494,2025-01-10 19:28:44.049636,45,N/A
495,2025-01-10 19:28:44.571649,41,N/A
496,2025-01-10 19:28:44.774700,12,N/A
497,2025-01-10 19:28:45.059080,23,N/A
498,2025-01-10 19:28:45.261945,12,N/A
499,2025-01-10 19:28:45.658294,29,N/A
500,2025-01-10 19:28:45.988146,28,N/A
501,2025-01-10 19:28:46.256820,21,N/A
502,2025-01-10 19:28:46.511915,16,N/A
503,2025-01-10 19:28:46.853622,29,N/A
504,2025-01-10 19:28:47.427471,47,N/A
505,2025-01-10 19:28:47.664573,13,N/A
506,2025-01-10 19:28:47.977352,28,N/A
507,2025-01-10 19:28:48.369700,33,N/A
508,2025-01-10 19:28:48.752498,34,N/A
509,2025-01-10 19:28:48.955202,10,N/A
510,2025-01-10 19:28:49.279087,25,N/A
511,2025-01-10 19:28:49.556233,21,N/A
512,2025-01-10 19:28:49.940126,34,N/A
513,2025-01-10 19:28:50.161940,14,N/A
514,2025-01-10 19:28:50.460204,25,N/A
515,2025-01-10 19:28:50.724428,18,N/A
516,2025-01-10 19:28:50.973370,22,N/A
517,2025-01-10 19:28:51.381688,33,N/A
518,2025-01-10 19:28:51.674758,24,N/A
519,2025-01-10 19:28:52.144682,31,N/A
520,2025-01-10 19:28:52.434516,19,N/A
521,2025-01-10 19:28:52.762217,28,N/A
522,2025-01-10 19:28:53.025585,20,N/A
523,2025-01-10 19:28:53.302785,22,N/A
524,2025-01-10 19:28:53.667549,38,N/A
525,2025-01-10 19:28:54.030079,30,N/A
526,2025-01-10 19:28:54.424337,35,N/A
527,2025-01-10 19:28:54.722599,22,N/A
528,2025-01-10 19:28:55.057092,25,N/A
529,2025-01-10 19:28:55.499262,38,N/A
530,2025-01-10 19:28:55.789547,20,N/A
531,2025-01-10 19:28:56.061962,20,N/A
532,2025-01-10 19:28:56.359929,22,N/A
533,2025-01-10 19:28:56.695693,26,N/A
534,2025-01-10 19:28:57.017147,25,N/A
535,2025-01-10 19:28:57.273868,19,N/A
536,2025-01-10 19:28:57.686602,32,N/A
537,2025-01-10 19:28:57.888986,11,N/A
538,2025-01-10 19:28:58.137384,18,N/A
539,2025-01-10 19:28:58.519507,38,N/A
540,2025-01-10 19:28:58.786667,21,N/A
541,2025-01-10 19:28:59.089594,23,N/A
542,2025-01-10 19:28:59.413131,24,N/A
543,2025-01-10 19:28:59.619100,12,N/A
544,2025-01-10 19:28:59.901181,18,N/A
545,2025-01-10 19:29:00.142018,16,N/A
546,2025-01-10 19:29:00.540593,36,N/A
547,2025-01-10 19:29:00.759621,17,N/A
548,2025-01-10 19:29:01.023327,25,N/A
549,2025-01-10 19:29:01.366958,31,N/A
550,2025-01-10 19:29:01.834635,43,N/A
551,2025-01-10 19:29:02.104886,24,N/A
552,2025-01-10 19:29:02.313176,10,N/A
553,2025-01-10 19:29:02.620151,26,N/A
554,2025-01-10 19:29:03.106231,43,N/A
555,2025-01-10 19:29:03.471706,29,N/A
556,2025-01-10 19:29:03.873246,33,N/A
557,2025-01-10 19:29:04.235080,30,N/A
558,2025-01-10 19:29:04.535712,26,N/A
559,2025-01-10 19:29:04.905512,29,N/A
560,2025-01-10 19:29:05.187952,22,N/A
561,2025-01-10 19:29:05.452236,20,N/A
562,2025-01-10 19:29:05.742244,24,N/A
563,2025-01-10 19:29:05.949046,9,N/A
564,2025-01-10 19:29:06.327805,32,N/A
565,2025-01-10 19:29:06.588248,19,N/A
566,2025-01-10 19:29:06.915153,27,N/A
567,2025-01-10 19:29:07.258476,27,N/A
568,2025-01-10 19:29:07.519002,23,N/A
569,2025-01-10 19:29:07.844033,28,N/A
570,2025-01-10 19:29:08.102030,20,N/A
571,2025-01-10 19:29:08.472799,28,N/A
572,2025-01-10 19:29:08.810839,30,N/A
573,2025-01-10 19:29:09.162891,28,N/A
574,2025-01-10 19:29:09.402442,18,N/A
575,2025-01-10 19:29:09.681859,19,N/A
576,2025-01-10 19:29:10.097760,35,N/A
577,2025-01-10 19:29:10.472295,21,N/A
578,2025-01-10 19:29:10.670531,14,N/A
579,2025-01-10 19:29:10.943341,21,N/A
580,2025-01-10 19:29:11.281554,31,N/A
581,2025-01-10 19:29:11.503283,14,N/A
582,2025-01-10 19:29:11.834618,35,N/A
583,2025-01-10 19:29:12.117631,23,N/A
584,2025-01-10 19:29:12.376037,17,N/A
585,2025-01-10 19:29:12.691469,26,N/A
586,2025-01-10 19:29:12.990636,28,N/A
587,2025-01-10 19:29:13.252578,17,N/A
588,2025-01-10 19:29:13.551644,28,N/A
589,2025-01-10 19:29:13.839490,26,N/A
590,2025-01-10 19:29:14.153163,24,N/A
591,2025-01-10 19:29:14.436557,22,N/A
592,2025-01-10 19:29:14.678895,18,N/A
593,2025-01-10 19:29:14.969493,26,N/A
594,2025-01-10 19:29:15.338504,32,N/A
595,2025-01-10 19:29:15.555735,13,N/A
596,2025-01-10 19:29:15.903421,25,N/A
597,2025-01-10 19:29:16.297275,31,N/A
598,2025-01-10 19:29:16.529738,16,N/A
599,2025-01-10 19:29:16.932835,29,N/A
600,2025-01-10 19:29:17.298687,31,N/A
601,2025-01-10 19:29:17.484572,9,N/A
602,2025-01-10 19:29:17.753247,17,N/A
603,2025-01-10 19:29:18.023164,20,N/A
604,2025-01-10 19:29:18.395234,34,N/A
605,2025-01-10 19:29:18.599472,12,N/A
606,2025-01-10 19:29:18.882127,20,N/A
607,2025-01-10 19:29:19.114459,13,N/A
608,2025-01-10 19:29:19.450603,31,N/A
609,2025-01-10 19:29:19.760753,29,N/A
610,2025-01-10 19:29:20.040821,19,N/A
611,2025-01-10 19:29:20.333230,24,N/A
612,2025-01-10 19:29:20.695723,33,N/A
613,2025-01-10 19:29:21.103800,42,N/A
614,2025-01-10 19:29:21.349246,16,N/A
615,2025-01-10 19:29:21.663417,29,N/A
616,2025-01-10 19:29:22.004288,34,N/A
617,2025-01-10 19:29:22.225098,14,N/A
618,2025-01-10 19:29:22.538941,27,N/A
619,2025-01-10 19:29:22.856124,29,N/A
620,2025-01-10 19:29:23.222257,34,N/A
621,2025-01-10 19:29:23.535402,25,N/A
622,2025-01-10 19:29:23.883545,29,N/A
623,2025-01-10 19:29:24.227831,22,N/A
624,2025-01-10 19:29:24.441013,14,N/A
625,2025-01-10 19:29:24.690101,15,N/A
626,2025-01-10 19:29:24.988820,23,N/A
627,2025-01-10 19:29:25.306780,25,N/A
628,2025-01-10 19:29:25.675855,29,N/A
629,2025-01-10 19:29:25.968640,23,N/A
630,2025-01-10 19:29:26.193581,14,N/A
631,2025-01-10 19:29:26.551321,31,N/A
632,2025-01-10 19:29:26.890579,26,N/A
633,2025-01-10 19:29:27.145099,20,N/A
634,2025-01-10 19:29:27.419534,21,N/A
635,2025-01-10 19:29:27.752546,24,N/A
636,2025-01-10 19:29:27.970323,10,N/A
637,2025-01-10 19:29:28.142214,6,N/A
638,2025-01-10 19:29:28.470089,21,N/A
639,2025-01-10 19:29:28.965398,34,N/A
640,2025-01-10 19:29:29.226444,19,N/A
641,2025-01-10 19:29:29.691522,37,N/A
642,2025-01-10 19:29:29.999657,24,N/A
643,2025-01-10 19:29:30.231973,16,N/A
644,2025-01-10 19:29:30.586192,32,N/A
645,2025-01-10 19:29:30.887952,23,N/A
646,2025-01-10 19:29:31.428594,48,N/A
647,2025-01-10 19:29:31.808442,36,N/A
648,2025-01-10 19:29:32.107570,26,N/A
649,2025-01-10 19:29:32.393865,22,N/A
650,2025-01-10 19:29:32.613970,17,N/A
651,2025-01-10 19:29:32.900802,19,N/A
652,2025-01-10 19:29:33.121457,11,N/A
653,2025-01-10 19:29:33.397969,17,N/A
654,2025-01-10 19:29:33.700989,26,N/A
655,2025-01-10 19:29:33.994578,20,N/A
656,2025-01-10 19:29:34.280502,18,N/A
657,2025-01-10 19:29:34.597409,26,N/A
658,2025-01-10 19:29:35.082016,37,N/A
659,2025-01-10 19:29:35.328609,21,N/A
660,2025-01-10 19:29:35.670137,31,N/A
661,2025-01-10 19:29:36.042052,32,N/A
662,2025-01-10 19:29:36.446809,37,N/A
663,2025-01-10 19:29:36.916441,40,N/A
664,2025-01-10 19:29:37.130148,14,N/A
665,2025-01-10 19:29:37.462727,29,N/A
666,2025-01-10 19:29:37.773104,24,N/A
667,2025-01-10 19:29:37.995776,15,N/A
668,2025-01-10 19:29:38.389540,31,N/A
669,2025-01-10 19:29:38.652974,22,N/A
670,2025-01-10 19:29:38.897644,13,N/A
671,2025-01-10 19:29:39.237508,25,N/A
672,2025-01-10 19:29:39.613892,29,N/A
673,2025-01-10 19:29:39.847083,20,N/A
674,2025-01-10 19:29:40.144203,19,N/A
675,2025-01-10 19:29:40.372838,14,N/A
676,2025-01-10 19:29:40.598423,14,N/A
677,2025-01-10 19:29:40.897860,19,N/A
678,2025-01-10 19:29:41.202484,20,N/A
679,2025-01-10 19:29:41.434759,17,N/A
680,2025-01-10 19:29:41.726472,21,N/A
681,2025-01-10 19:29:42.002025,21,N/A
682,2025-01-10 19:29:42.365528,31,N/A
683,2025-01-10 19:29:42.614998,13,N/A
684,2025-01-10 19:29:42.872258,13,N/A
685,2025-01-10 19:29:43.091756,17,N/A
686,2025-01-10 19:29:43.429122,22,N/A
687,2025-01-10 19:29:43.663461,16,N/A
688,2025-01-10 19:29:43.966235,18,N/A
689,2025-01-10 19:29:44.283352,24,N/A
690,2025-01-10 19:29:44.496606,10,N/A
691,2025-01-10 19:29:44.776490,15,N/A
692,2025-01-10 19:29:45.055609,19,N/A
693,2025-01-10 19:29:45.309785,16,N/A
694,2025-01-10 19:29:45.629566,22,N/A
695,2025-01-10 19:29:45.825318,11,N/A
696,2025-01-10 19:29:46.052792,12,N/A
697,2025-01-10 19:29:46.279296,13,N/A
698,2025-01-10 19:29:46.526484,16,N/A
699,2025-01-10 19:29:46.919196,32,N/A
700,2025-01-10 19:29:47.299099,30,N/A
701,2025-01-10 19:29:47.670547,30,N/A
702,2025-01-10 19:29:48.062861,31,N/A
703,2025-01-10 19:29:48.420964,27,N/A
704,2025-01-10 19:29:48.865338,25,N/A
705,2025-01-10 19:29:49.109611,18,N/A
706,2025-01-10 19:29:49.434798,21,N/A
707,2025-01-10 19:29:49.926650,44,N/A
708,2025-01-10 19:29:50.275658,32,N/A
709,2025-01-10 19:29:50.647530,29,N/A
710,2025-01-10 19:29:51.010520,29,N/A
711,2025-01-10 19:29:51.293148,23,N/A
712,2025-01-10 19:29:51.609246,24,N/A
713,2025-01-10 19:29:51.958750,28,N/A
714,2025-01-10 19:29:52.199218,12,N/A
715,2025-01-10 19:29:52.544061,33,N/A
716,2025-01-10 19:29:52.888388,23,N/A
717,2025-01-10 19:29:53.207103,23,N/A
718,2025-01-10 19:29:53.652213,38,N/A
719,2025-01-10 19:29:54.015916,29,N/A
720,2025-01-10 19:29:54.294887,21,N/A
721,2025-01-10 19:29:54.603113,23,N/A
722,2025-01-10 19:29:54.842843,17,N/A
723,2025-01-10 19:29:55.121537,19,N/A
724,2025-01-10 19:29:55.363831,15,N/A
725,2025-01-10 19:29:55.582391,12,N/A
726,2025-01-10 19:29:55.909317,31,N/A
727,2025-01-10 19:29:56.268165,29,N/A
728,2025-01-10 19:29:56.635970,29,N/A
729,2025-01-10 19:29:56.936084,22,N/A
730,2025-01-10 19:29:57.212123,22,N/A
731,2025-01-10 19:29:57.598203,29,N/A
732,2025-01-10 19:29:57.830669,15,N/A
733,2025-01-10 19:29:58.038967,10,N/A
734,2025-01-10 19:29:58.463141,36,N/A
735,2025-01-10 19:29:58.842728,36,N/A
736,2025-01-10 19:29:59.137093,25,N/A
737,2025-01-10 19:29:59.305156,7,N/A
738,2025-01-10 19:29:59.688505,30,N/A
739,2025-01-10 19:30:00.044912,29,N/A
740,2025-01-10 19:30:00.242556,13,N/A
741,2025-01-10 19:30:00.523485,19,N/A
742,2025-01-10 19:30:00.814149,23,N/A
743,2025-01-10 19:30:00.974374,3,N/A
744,2025-01-10 19:30:01.210432,14,N/A
745,2025-01-10 19:30:01.467718,19,N/A
746,2025-01-10 19:30:01.710424,20,N/A
747,2025-01-10 19:30:02.078828,30,N/A
748,2025-01-10 19:30:02.440211,31,N/A
749,2025-01-10 19:30:02.689007,19,N/A
750,2025-01-10 19:30:02.943637,19,N/A
751,2025-01-10 19:30:03.161540,10,N/A
752,2025-01-10 19:30:03.509889,26,N/A
753,2025-01-10 19:30:03.879985,34,N/A
754,2025-01-10 19:30:04.106654,16,N/A
755,2025-01-10 19:30:04.414061,23,N/A
756,2025-01-10 19:30:04.797814,34,N/A
757,2025-01-10 19:30:05.022043,15,N/A
758,2025-01-10 19:30:05.375830,29,N/A
759,2025-01-10 19:30:05.693078,23,N/A
760,2025-01-10 19:30:06.074347,30,N/A
761,2025-01-10 19:30:06.293188,17,N/A
762,2025-01-10 19:30:06.627568,24,N/A
763,2025-01-10 19:30:06.876541,17,N/A
764,2025-01-10 19:30:07.213369,28,N/A
765,2025-01-10 19:30:07.649343,38,N/A
766,2025-01-10 19:30:07.945936,22,N/A
767,2025-01-10 19:30:08.284849,30,N/A
768,2025-01-10 19:30:08.663327,24,N/A
769,2025-01-10 19:30:08.878211,12,N/A
770,2025-01-10 19:30:09.134122,16,N/A
771,2025-01-10 19:30:09.622143,34,N/A
772,2025-01-10 19:30:09.876433,17,N/A
773,2025-01-10 19:30:10.297338,37,N/A
774,2025-01-10 19:30:10.613125,22,N/A
775,2025-01-10 19:30:10.934595,28,N/A
776,2025-01-10 19:30:11.308109,30,N/A
777,2025-01-10 19:30:11.578228,22,N/A
778,2025-01-10 19:30:12.001444,33,N/A
779,2025-01-10 19:30:12.274602,19,N/A
780,2025-01-10 19:30:12.544628,17,N/A
781,2025-01-10 19:30:12.808894,15,N/A
782,2025-01-10 19:30:13.055776,17,N/A
783,2025-01-10 19:30:13.398793,28,N/A
784,2025-01-10 19:30:13.666743,23,N/A
785,2025-01-10 19:30:13.975490,21,N/A
786,2025-01-10 19:30:14.386117,34,N/A
787,2025-01-10 19:30:14.782792,35,N/A
788,2025-01-10 19:30:15.015177,17,N/A
789,2025-01-10 19:30:15.431021,32,N/A
790,2025-01-10 19:30:15.742090,23,N/A
791,2025-01-10 19:30:16.214671,44,N/A
792,2025-01-10 19:30:16.432441,10,N/A
793,2025-01-10 19:30:16.669196,15,N/A
794,2025-01-10 19:30:16.934627,16,N/A
795,2025-01-10 19:30:17.368163,39,N/A
796,2025-01-10 19:30:17.924288,45,N/A
797,2025-01-10 19:30:18.180893,18,N/A
798,2025-01-10 19:30:18.553087,32,N/A
799,2025-01-10 19:30:19.610496,23,N/A
800,2025-01-10 19:30:21.831558,37,N/A
801,2025-01-10 19:30:23.274801,29,N/A
802,2025-01-10 19:30:24.409002,24,N/A
803,2025-01-10 19:30:25.979661,26,N/A
804,2025-01-10 19:30:27.619791,35,N/A
805,2025-01-10 19:30:28.280844,9,N/A
806,2025-01-10 19:30:28.888262,9,N/A
807,2025-01-10 19:30:29.628864,15,N/A
808,2025-01-10 19:30:30.668698,21,N/A
809,2025-01-10 19:30:31.639340,17,N/A
810,2025-01-10 19:30:32.936744,21,N/A
811,2025-01-10 19:30:34.636017,33,N/A
812,2025-01-10 19:30:36.157808,25,N/A
813,2025-01-10 19:30:37.637296,32,N/A
814,2025-01-10 19:30:38.906151,20,N/A
815,2025-01-10 19:30:40.603694,28,N/A
816,2025-01-10 19:30:42.229321,32,N/A
817,2025-01-10 19:30:44.634940,35,N/A
818,2025-01-10 19:30:45.378587,9,N/A
819,2025-01-10 19:30:46.783096,30,N/A
820,2025-01-10 19:30:47.604124,12,N/A
821,2025-01-10 19:30:48.378509,17,N/A
822,2025-01-10 19:30:50.021084,28,N/A
823,2025-01-10 19:30:50.897080,16,N/A
824,2025-01-10 19:30:52.528268,33,N/A
825,2025-01-10 19:30:53.479857,17,N/A
826,2025-01-10 19:30:55.573981,34,N/A
827,2025-01-10 19:30:56.492869,15,N/A
828,2025-01-10 19:30:57.609383,19,N/A
829,2025-01-10 19:30:58.803667,27,N/A
830,2025-01-10 19:30:59.991272,18,N/A
831,2025-01-10 19:31:00.646639,10,N/A
832,2025-01-10 19:31:02.055734,23,N/A
833,2025-01-10 19:31:03.080783,17,N/A
834,2025-01-10 19:31:05.189661,33,N/A
835,2025-01-10 19:31:06.801718,32,N/A
836,2025-01-10 19:31:07.906280,18,N/A
837,2025-01-10 19:31:08.862083,13,N/A
838,2025-01-10 19:31:10.328632,28,N/A
839,2025-01-10 19:31:11.197408,20,N/A
840,2025-01-10 19:31:12.736941,27,N/A
841,2025-01-10 19:31:13.717878,16,N/A
842,2025-01-10 19:31:14.337260,7,N/A
843,2025-01-10 19:31:16.571979,29,N/A
844,2025-01-10 19:31:17.722799,24,N/A
845,2025-01-10 19:31:19.339234,30,N/A
846,2025-01-10 19:31:21.322678,36,N/A
847,2025-01-10 19:31:22.146544,15,N/A
848,2025-01-10 19:31:24.088204,29,N/A
849,2025-01-10 19:31:25.936676,32,N/A
850,2025-01-10 19:31:27.152074,21,N/A
851,2025-01-10 19:31:29.053714,33,N/A
852,2025-01-10 19:31:30.628604,30,N/A
853,2025-01-10 19:31:31.666664,18,N/A
854,2025-01-10 19:31:33.117052,24,N/A
855,2025-01-10 19:31:33.968199,12,N/A
856,2025-01-10 19:31:36.037397,26,N/A
857,2025-01-10 19:31:37.988673,31,N/A
858,2025-01-10 19:31:38.754764,14,N/A
859,2025-01-10 19:31:40.649729,34,N/A
860,2025-01-10 19:31:42.006280,29,N/A
861,2025-01-10 19:31:43.522945,32,N/A
862,2025-01-10 19:31:45.885136,38,N/A
863,2025-01-10 19:31:47.889916,36,N/A
864,2025-01-10 19:31:48.972620,20,N/A
865,2025-01-10 19:31:50.008524,13,N/A
866,2025-01-10 19:31:51.795845,32,N/A
867,2025-01-10 19:31:52.533725,12,N/A
868,2025-01-10 19:31:54.095216,29,N/A
869,2025-01-10 19:31:54.879630,9,N/A
870,2025-01-10 19:31:56.435481,25,N/A
871,2025-01-10 19:31:57.723723,25,N/A
872,2025-01-10 19:31:59.560074,33,N/A
873,2025-01-10 19:32:00.309045,13,N/A
874,2025-01-10 19:32:01.627528,17,N/A
875,2025-01-10 19:32:03.897933,35,N/A
876,2025-01-10 19:32:05.661616,32,N/A
877,2025-01-10 19:32:07.792538,36,N/A
878,2025-01-10 19:32:09.135715,30,N/A
879,2025-01-10 19:32:10.183365,17,N/A
880,2025-01-10 19:32:12.134234,34,N/A
881,2025-01-10 19:32:13.347089,27,N/A
882,2025-01-10 19:32:15.390122,31,N/A
883,2025-01-10 19:32:17.065234,28,N/A
884,2025-01-10 19:32:19.046795,32,N/A
885,2025-01-10 19:32:20.115259,18,N/A
886,2025-01-10 19:32:22.577997,41,N/A
887,2025-01-10 19:32:23.560561,14,N/A
888,2025-01-10 19:32:25.043630,23,N/A
889,2025-01-10 19:32:25.739623,12,N/A
890,2025-01-10 19:32:26.987024,25,N/A
891,2025-01-10 19:32:27.955073,12,N/A
892,2025-01-10 19:32:28.832432,13,N/A
893,2025-01-10 19:32:30.395719,22,N/A
894,2025-01-10 19:32:31.539725,16,N/A
895,2025-01-10 19:32:33.269400,26,N/A
896,2025-01-10 19:32:35.544498,37,N/A
897,2025-01-10 19:32:37.234688,28,N/A
898,2025-01-10 19:32:38.767576,28,N/A
899,2025-01-10 19:32:39.820565,26,N/A
900,2025-01-10 19:32:41.359742,25,N/A
901,2025-01-10 19:32:42.618493,27,N/A
902,2025-01-10 19:32:43.500440,16,N/A
903,2025-01-10 19:32:46.029033,48,N/A
904,2025-01-10 19:32:47.816879,34,N/A
905,2025-01-10 19:32:49.704873,35,N/A
906,2025-01-10 19:32:50.639915,19,N/A
907,2025-01-10 19:32:51.849436,24,N/A
908,2025-01-10 19:32:52.623844,11,N/A
909,2025-01-10 19:32:53.428932,16,N/A
910,2025-01-10 19:32:54.499188,23,N/A
911,2025-01-10 19:32:55.721503,19,N/A
912,2025-01-10 19:32:57.137287,22,N/A
913,2025-01-10 19:32:58.092159,15,N/A
914,2025-01-10 19:32:59.169669,16,N/A
915,2025-01-10 19:33:00.904932,34,N/A
916,2025-01-10 19:33:02.195806,23,N/A
917,2025-01-10 19:33:03.759554,30,N/A
918,2025-01-10 19:33:04.482715,14,N/A
919,2025-01-10 19:33:05.750269,25,N/A
920,2025-01-10 19:33:06.866972,24,N/A
921,2025-01-10 19:33:08.072308,28,N/A
922,2025-01-10 19:33:08.946301,17,N/A
923,2025-01-10 19:33:10.926908,30,N/A
924,2025-01-10 19:33:12.801570,27,N/A
925,2025-01-10 19:33:15.174997,47,N/A
926,2025-01-10 19:33:16.420619,24,N/A
927,2025-01-10 19:33:17.223257,17,N/A
928,2025-01-10 19:33:18.684335,30,N/A
929,2025-01-10 19:33:19.760949,19,N/A
930,2025-01-10 19:33:20.547590,16,N/A
931,2025-01-10 19:33:21.631082,27,N/A
932,2025-01-10 19:33:22.804053,28,N/A
933,2025-01-10 19:33:24.148568,25,N/A
934,2025-01-10 19:33:25.052046,16,N/A
935,2025-01-10 19:33:26.499140,19,N/A
936,2025-01-10 19:33:27.645889,21,N/A
937,2025-01-10 19:33:28.442661,20,N/A
938,2025-01-10 19:33:29.957710,31,N/A
939,2025-01-10 19:33:31.296533,31,N/A
940,2025-01-10 19:33:32.628060,30,N/A
941,2025-01-10 19:33:34.334856,26,N/A
942,2025-01-10 19:33:35.597026,19,N/A
943,2025-01-10 19:33:36.515438,14,N/A
944,2025-01-10 19:33:37.717665,23,N/A
945,2025-01-10 19:33:39.027274,31,N/A
946,2025-01-10 19:33:39.839383,10,N/A
947,2025-01-10 19:33:40.677134,22,N/A
948,2025-01-10 19:33:41.609036,18,N/A
949,2025-01-10 19:33:43.112077,24,N/A
950,2025-01-10 19:33:44.100581,15,N/A
951,2025-01-10 19:33:45.100792,20,N/A
952,2025-01-10 19:33:46.731230,29,N/A
953,2025-01-10 19:33:47.848329,20,N/A
954,2025-01-10 19:33:48.958346,23,N/A
955,2025-01-10 19:33:49.803431,22,N/A
956,2025-01-10 19:33:50.983639,31,N/A
957,2025-01-10 19:33:52.390823,23,N/A
958,2025-01-10 19:33:54.143693,33,N/A
959,2025-01-10 19:33:56.133774,31,N/A
960,2025-01-10 19:33:57.085329,16,N/A
961,2025-01-10 19:33:58.340270,30,N/A
962,2025-01-10 19:33:58.982781,11,N/A
963,2025-01-10 19:34:00.280531,25,N/A
964,2025-01-10 19:34:01.380800,21,N/A
965,2025-01-10 19:34:03.081215,37,N/A
966,2025-01-10 19:34:04.162318,22,N/A
967,2025-01-10 19:34:05.137007,25,N/A
968,2025-01-10 19:34:05.901968,17,N/A
969,2025-01-10 19:34:07.136913,28,N/A
970,2025-01-10 19:34:08.748308,34,N/A
971,2025-01-10 19:34:09.823741,16,N/A
972,2025-01-10 19:34:11.757850,27,N/A
973,2025-01-10 19:34:12.577208,18,N/A
974,2025-01-10 19:34:13.992587,38,N/A
1,2025-01-10 19:36:13.337047,1,N/A
2,2025-01-10 19:36:13.546219,1,N/A
3,2025-01-10 19:36:13.697828,1,N/A
4,2025-01-10 19:36:13.982202,1,N/A
5,2025-01-10 19:36:14.308141,1,N/A
6,2025-01-10 19:36:14.487597,1,N/A
7,2025-01-10 19:36:14.684436,1,N/A
8,2025-01-10 19:36:14.929112,1,N/A
9,2025-01-10 19:36:15.224962,1,N/A
10,2025-01-10 19:36:15.393795,1,N/A
11,2025-01-10 19:36:15.713090,0,N/A
12,2025-01-10 19:36:15.871206,1,N/A
13,2025-01-10 19:36:16.094321,1,N/A
14,2025-01-10 19:36:16.299835,1,N/A
15,2025-01-10 19:36:16.618497,0,N/A
16,2025-01-10 19:36:16.937576,0,N/A
17,2025-01-10 19:36:17.098310,1,N/A
18,2025-01-10 19:36:17.426795,2,N/A
19,2025-01-10 19:36:17.809224,4,N/A
20,2025-01-10 19:36:18.543008,0,N/A
21,2025-01-10 19:36:18.760532,1,N/A
22,2025-01-10 19:36:18.930016,1,N/A
23,2025-01-10 19:36:19.183880,1,N/A
24,2025-01-10 19:36:19.399114,1,N/A
25,2025-01-10 19:36:19.758066,2,N/A
26,2025-01-10 19:36:19.912888,1,N/A
27,2025-01-10 19:36:20.147810,1,N/A
28,2025-01-10 19:36:21.106801,1,N/A
29,2025-01-10 19:36:21.428225,1,N/A
30,2025-01-10 19:36:21.629068,1,N/A
31,2025-01-10 19:36:21.826083,3,N/A
32,2025-01-10 19:36:22.063999,2,N/A
33,2025-01-10 19:36:22.334207,3,N/A
34,2025-01-10 19:36:22.647670,2,N/A
35,2025-01-10 19:36:22.800150,1,N/A
36,2025-01-10 19:36:22.996617,1,N/A
37,2025-01-10 19:36:23.244777,3,N/A
38,2025-01-10 19:36:23.471823,1,N/A
39,2025-01-10 19:36:23.646850,1,N/A
40,2025-01-10 19:36:23.941021,2,N/A
41,2025-01-10 19:36:24.207916,3,N/A
42,2025-01-10 19:36:24.472478,4,N/A
43,2025-01-10 19:36:24.709430,1,N/A
44,2025-01-10 19:36:24.871594,1,N/A
45,2025-01-10 19:36:25.201833,5,N/A
46,2025-01-10 19:36:25.453635,3,N/A
47,2025-01-10 19:36:25.618207,1,N/A
48,2025-01-10 19:36:25.787988,1,N/A
49,2025-01-10 19:36:26.044845,5,N/A
50,2025-01-10 19:36:26.232349,3,N/A
51,2025-01-10 19:36:26.443506,3,N/A
52,2025-01-10 19:36:26.609324,1,N/A
53,2025-01-10 19:36:26.809105,3,N/A
54,2025-01-10 19:36:27.078801,7,N/A
55,2025-01-10 19:36:27.382639,4,N/A
56,2025-01-10 19:36:27.608078,2,N/A
57,2025-01-10 19:36:27.774204,1,N/A
58,2025-01-10 19:36:27.952490,3,N/A
59,2025-01-10 19:36:28.121087,3,N/A
60,2025-01-10 19:36:28.355674,7,N/A
61,2025-01-10 19:36:28.633221,10,N/A
62,2025-01-10 19:36:28.882535,3,N/A
63,2025-01-10 19:36:29.077844,8,N/A
64,2025-01-10 19:36:29.222098,1,N/A
65,2025-01-10 19:36:29.406647,2,N/A
66,2025-01-10 19:36:29.576965,3,N/A
67,2025-01-10 19:36:29.740450,2,N/A
68,2025-01-10 19:36:29.947622,8,N/A
69,2025-01-10 19:36:30.101727,1,N/A
70,2025-01-10 19:36:30.451328,13,N/A
71,2025-01-10 19:36:30.833310,17,N/A
72,2025-01-10 19:36:31.009614,4,N/A
73,2025-01-10 19:36:31.239938,7,N/A
74,2025-01-10 19:36:31.443795,5,N/A
75,2025-01-10 19:36:31.628035,2,N/A
76,2025-01-10 19:36:31.893998,14,N/A
77,2025-01-10 19:36:32.095956,9,N/A
78,2025-01-10 19:36:32.372918,15,N/A
79,2025-01-10 19:36:32.644744,16,N/A
80,2025-01-10 19:36:32.904144,12,N/A
81,2025-01-10 19:36:33.185644,16,N/A
82,2025-01-10 19:36:33.559958,30,N/A
83,2025-01-10 19:36:33.901310,29,N/A
84,2025-01-10 19:36:34.182040,19,N/A
85,2025-01-10 19:36:34.567161,28,N/A
86,2025-01-10 19:36:34.733427,5,N/A
87,2025-01-10 19:36:34.944943,10,N/A
88,2025-01-10 19:36:35.332110,31,N/A
89,2025-01-10 19:36:35.585990,10,N/A
90,2025-01-10 19:36:35.966077,33,N/A
91,2025-01-10 19:36:36.419490,41,N/A
92,2025-01-10 19:36:36.820306,33,N/A
93,2025-01-10 19:36:37.277070,39,N/A
94,2025-01-10 19:36:37.475077,9,N/A
95,2025-01-10 19:36:37.624682,1,N/A
96,2025-01-10 19:36:38.125662,28,N/A
97,2025-01-10 19:36:38.539489,35,N/A
98,2025-01-10 19:36:38.750953,13,N/A
99,2025-01-10 19:36:38.944984,9,N/A
100,2025-01-10 19:36:39.254857,13,N/A
101,2025-01-10 19:36:39.533788,20,N/A
102,2025-01-10 19:36:39.798782,18,N/A
103,2025-01-10 19:36:39.970169,3,N/A
104,2025-01-10 19:36:40.257205,17,N/A
105,2025-01-10 19:36:40.434826,5,N/A
106,2025-01-10 19:36:40.807870,33,N/A
107,2025-01-10 19:36:41.036256,12,N/A
108,2025-01-10 19:36:41.198758,3,N/A
109,2025-01-10 19:36:41.437653,13,N/A
110,2025-01-10 19:36:41.657709,9,N/A
111,2025-01-10 19:36:41.886765,12,N/A
112,2025-01-10 19:36:42.206195,21,N/A
113,2025-01-10 19:36:42.531651,21,N/A
114,2025-01-10 19:36:42.777209,18,N/A
115,2025-01-10 19:36:43.304066,47,N/A
116,2025-01-10 19:36:43.683139,29,N/A
117,2025-01-10 19:36:43.849959,8,N/A
118,2025-01-10 19:36:44.109520,19,N/A
119,2025-01-10 19:36:44.351019,13,N/A
120,2025-01-10 19:36:44.710808,26,N/A
121,2025-01-10 19:36:45.182013,39,N/A
122,2025-01-10 19:36:45.420085,12,N/A
123,2025-01-10 19:36:45.955649,46,N/A
124,2025-01-10 19:36:46.303705,27,N/A
125,2025-01-10 19:36:46.593739,20,N/A
126,2025-01-10 19:36:47.081528,40,N/A
127,2025-01-10 19:36:47.433949,26,N/A
128,2025-01-10 19:36:47.707252,17,N/A
129,2025-01-10 19:36:48.025970,25,N/A
130,2025-01-10 19:36:48.331107,23,N/A
131,2025-01-10 19:36:48.565057,13,N/A
132,2025-01-10 19:36:48.832270,14,N/A
133,2025-01-10 19:36:49.096373,16,N/A
134,2025-01-10 19:36:49.350386,16,N/A
135,2025-01-10 19:36:49.537798,7,N/A
136,2025-01-10 19:36:49.738125,6,N/A
137,2025-01-10 19:36:50.112421,31,N/A
138,2025-01-10 19:36:50.375655,14,N/A
139,2025-01-10 19:36:50.769026,29,N/A
140,2025-01-10 19:36:51.196365,34,N/A
141,2025-01-10 19:36:51.613466,33,N/A
142,2025-01-10 19:36:52.042046,34,N/A
143,2025-01-10 19:36:52.481372,34,N/A
144,2025-01-10 19:36:52.871891,31,N/A
145,2025-01-10 19:36:53.206237,24,N/A
146,2025-01-10 19:36:53.678092,40,N/A
147,2025-01-10 19:36:54.107206,34,N/A
148,2025-01-10 19:36:54.399067,20,N/A
149,2025-01-10 19:36:54.637781,15,N/A
150,2025-01-10 19:36:54.880013,13,N/A
151,2025-01-10 19:36:55.367922,38,N/A
152,2025-01-10 19:36:55.929132,49,N/A
153,2025-01-10 19:36:56.212087,20,N/A
154,2025-01-10 19:36:56.630062,31,N/A
155,2025-01-10 19:36:57.022649,34,N/A
156,2025-01-10 19:36:57.260978,14,N/A
157,2025-01-10 19:36:57.530085,17,N/A
158,2025-01-10 19:36:57.778877,16,N/A
159,2025-01-10 19:36:58.091794,23,N/A
160,2025-01-10 19:36:58.304112,12,N/A
161,2025-01-10 19:36:58.668758,24,N/A
162,2025-01-10 19:36:58.886225,10,N/A
163,2025-01-10 19:36:59.380340,42,N/A
164,2025-01-10 19:36:59.615545,11,N/A
165,2025-01-10 19:37:00.180963,42,N/A
166,2025-01-10 19:37:00.419332,13,N/A
167,2025-01-10 19:37:00.687073,16,N/A
168,2025-01-10 19:37:00.934999,11,N/A
169,2025-01-10 19:37:01.376081,30,N/A
170,2025-01-10 19:37:01.654791,19,N/A
171,2025-01-10 19:37:02.035415,35,N/A
172,2025-01-10 19:37:02.375175,22,N/A
173,2025-01-10 19:37:02.666785,21,N/A
174,2025-01-10 19:37:03.022937,28,N/A
175,2025-01-10 19:37:03.280663,17,N/A
176,2025-01-10 19:37:03.706449,32,N/A
177,2025-01-10 19:37:04.088755,29,N/A
178,2025-01-10 19:37:04.383948,21,N/A
179,2025-01-10 19:37:04.631266,15,N/A
180,2025-01-10 19:37:05.012939,27,N/A
181,2025-01-10 19:37:05.506645,32,N/A
1,2025-01-10 19:37:15.447556,1,N/A
2,2025-01-10 19:37:15.719504,1,N/A
3,2025-01-10 19:37:16.008398,2,N/A
4,2025-01-10 19:37:16.161989,1,N/A
5,2025-01-10 19:37:16.324031,1,N/A
6,2025-01-10 19:37:16.663625,0,N/A
7,2025-01-10 19:37:16.860847,2,N/A
8,2025-01-10 19:37:17.029802,1,N/A
9,2025-01-10 19:37:17.393171,0,N/A
10,2025-01-10 19:37:17.711530,0,N/A
11,2025-01-10 19:37:17.955224,1,N/A
12,2025-01-10 19:37:18.272899,0,N/A
13,2025-01-10 19:37:18.452080,1,N/A
14,2025-01-10 19:37:18.687633,2,N/A
15,2025-01-10 19:37:18.851671,1,N/A
16,2025-01-10 19:37:19.012440,1,N/A
17,2025-01-10 19:37:19.256260,1,N/A
18,2025-01-10 19:37:20.241608,3,N/A
19,2025-01-10 19:37:20.469534,1,N/A
20,2025-01-10 19:37:20.670317,1,N/A
21,2025-01-10 19:37:20.902090,1,N/A
22,2025-01-10 19:37:21.185038,3,N/A
23,2025-01-10 19:37:21.407002,3,N/A
24,2025-01-10 19:37:21.575906,1,N/A
25,2025-01-10 19:37:22.385537,2,N/A
26,2025-01-10 19:37:22.669768,3,N/A
27,2025-01-10 19:37:22.874804,1,N/A
28,2025-01-10 19:37:23.099078,1,N/A
29,2025-01-10 19:37:23.354039,2,N/A
30,2025-01-10 19:37:23.618396,1,N/A
31,2025-01-10 19:37:23.870534,3,N/A
32,2025-01-10 19:37:24.054946,1,N/A
33,2025-01-10 19:37:24.271142,2,N/A
34,2025-01-10 19:37:24.467909,2,N/A
35,2025-01-10 19:37:24.752187,10,N/A
36,2025-01-10 19:37:25.030089,1,N/A
37,2025-01-10 19:37:25.235502,1,N/A
38,2025-01-10 19:37:25.394701,2,N/A
39,2025-01-10 19:37:25.603976,3,N/A
40,2025-01-10 19:37:25.864739,3,N/A
41,2025-01-10 19:37:26.199031,4,N/A
42,2025-01-10 19:37:26.469762,5,N/A
43,2025-01-10 19:37:26.670833,1,N/A
44,2025-01-10 19:37:26.954796,7,N/A
45,2025-01-10 19:37:27.101159,2,N/A
46,2025-01-10 19:37:27.384335,5,N/A
47,2025-01-10 19:37:27.545185,1,N/A
48,2025-01-10 19:37:27.724474,6,N/A
49,2025-01-10 19:37:27.944900,4,N/A
50,2025-01-10 19:37:28.164023,2,N/A
51,2025-01-10 19:37:28.384188,3,N/A
52,2025-01-10 19:37:28.672520,6,N/A
53,2025-01-10 19:37:28.892992,3,N/A
54,2025-01-10 19:37:29.138174,4,N/A
55,2025-01-10 19:37:29.331084,3,N/A
56,2025-01-10 19:37:29.482936,1,N/A
57,2025-01-10 19:37:29.653823,1,N/A
58,2025-01-10 19:37:29.843186,5,N/A
59,2025-01-10 19:37:30.199220,10,N/A
60,2025-01-10 19:37:30.419875,11,N/A
61,2025-01-10 19:37:30.722364,14,N/A
62,2025-01-10 19:37:31.081126,13,N/A
63,2025-01-10 19:37:31.334576,9,N/A
64,2025-01-10 19:37:31.651475,10,N/A
65,2025-01-10 19:37:31.827115,2,N/A
66,2025-01-10 19:37:32.212273,18,N/A
67,2025-01-10 19:37:32.510040,13,N/A
68,2025-01-10 19:37:32.714135,5,N/A
69,2025-01-10 19:37:33.121449,18,N/A
70,2025-01-10 19:37:33.445792,14,N/A
71,2025-01-10 19:37:33.691410,11,N/A
72,2025-01-10 19:37:34.048007,16,N/A
73,2025-01-10 19:37:34.373589,16,N/A
74,2025-01-10 19:37:34.824852,33,N/A
75,2025-01-10 19:37:35.174102,22,N/A
76,2025-01-10 19:37:35.686323,40,N/A
77,2025-01-10 19:37:36.010028,23,N/A
78,2025-01-10 19:37:36.374587,33,N/A
79,2025-01-10 19:37:36.743849,23,N/A
80,2025-01-10 19:37:36.951798,11,N/A
81,2025-01-10 19:37:37.343642,31,N/A
82,2025-01-10 19:37:37.675228,28,N/A
83,2025-01-10 19:37:38.071143,33,N/A
84,2025-01-10 19:37:38.358164,23,N/A
85,2025-01-10 19:37:38.754161,29,N/A
86,2025-01-10 19:37:39.070230,21,N/A
87,2025-01-10 19:37:39.295644,13,N/A
88,2025-01-10 19:37:39.577425,16,N/A
89,2025-01-10 19:37:39.869548,18,N/A
90,2025-01-10 19:37:40.319883,39,N/A
91,2025-01-10 19:37:40.745344,30,N/A
92,2025-01-10 19:37:41.110131,31,N/A
93,2025-01-10 19:37:41.447312,28,N/A
94,2025-01-10 19:37:41.689114,15,N/A
95,2025-01-10 19:37:42.042647,33,N/A
96,2025-01-10 19:37:42.371471,24,N/A
97,2025-01-10 19:37:42.598805,15,N/A
98,2025-01-10 19:37:42.946489,25,N/A
99,2025-01-10 19:37:43.316033,26,N/A
100,2025-01-10 19:37:43.629619,23,N/A
101,2025-01-10 19:37:44.086533,43,N/A
102,2025-01-10 19:37:44.332452,15,N/A
103,2025-01-10 19:37:44.795597,39,N/A
104,2025-01-10 19:37:45.023453,16,N/A
105,2025-01-10 19:37:45.326419,23,N/A
106,2025-01-10 19:37:45.650013,26,N/A
107,2025-01-10 19:37:45.909278,20,N/A
108,2025-01-10 19:37:46.269295,31,N/A
109,2025-01-10 19:37:46.810394,49,N/A
110,2025-01-10 19:37:47.193595,35,N/A
111,2025-01-10 19:37:47.500458,28,N/A
112,2025-01-10 19:37:47.855342,29,N/A
113,2025-01-10 19:37:48.064312,13,N/A
114,2025-01-10 19:37:48.369409,23,N/A
115,2025-01-10 19:37:48.590335,16,N/A
116,2025-01-10 19:37:49.203134,46,N/A
117,2025-01-10 19:37:49.641017,32,N/A
118,2025-01-10 19:37:49.988328,30,N/A
119,2025-01-10 19:37:50.397704,31,N/A
120,2025-01-10 19:37:50.818377,35,N/A
121,2025-01-10 19:37:51.224973,34,N/A
122,2025-01-10 19:37:51.613852,32,N/A
123,2025-01-10 19:37:52.012734,32,N/A
124,2025-01-10 19:37:52.372890,31,N/A
125,2025-01-10 19:37:52.798573,34,N/A
126,2025-01-10 19:37:53.186026,31,N/A
127,2025-01-10 19:37:53.609834,37,N/A
128,2025-01-10 19:37:53.993121,21,N/A
129,2025-01-10 19:37:54.348026,26,N/A
130,2025-01-10 19:37:54.624259,15,N/A
131,2025-01-10 19:37:54.974090,30,N/A
132,2025-01-10 19:37:55.210627,12,N/A
133,2025-01-10 19:37:55.513532,23,N/A
134,2025-01-10 19:37:55.887295,29,N/A
135,2025-01-10 19:37:56.271621,34,N/A
136,2025-01-10 19:37:56.481657,9,N/A
137,2025-01-10 19:37:56.798848,27,N/A
138,2025-01-10 19:37:57.013203,14,N/A
139,2025-01-10 19:37:57.324801,25,N/A
140,2025-01-10 19:37:57.657069,29,N/A
141,2025-01-10 19:37:57.970666,24,N/A
142,2025-01-10 19:37:58.296830,23,N/A
143,2025-01-10 19:37:58.671219,30,N/A
144,2025-01-10 19:37:59.071205,33,N/A
145,2025-01-10 19:37:59.476372,31,N/A
146,2025-01-10 19:37:59.848746,33,N/A
147,2025-01-10 19:38:00.158934,22,N/A
148,2025-01-10 19:38:00.421684,17,N/A
149,2025-01-10 19:38:00.848613,35,N/A
150,2025-01-10 19:38:01.176849,27,N/A
151,2025-01-10 19:38:01.505155,25,N/A
152,2025-01-10 19:38:01.935031,33,N/A
153,2025-01-10 19:38:02.298628,31,N/A
154,2025-01-10 19:38:02.566475,19,N/A
155,2025-01-10 19:38:02.895516,24,N/A
156,2025-01-10 19:38:03.230697,29,N/A
157,2025-01-10 19:38:03.578393,25,N/A
158,2025-01-10 19:38:04.199666,50,N/A
159,2025-01-10 19:38:04.655082,32,N/A
160,2025-01-10 19:38:05.039699,29,N/A
161,2025-01-10 19:38:05.312540,21,N/A
162,2025-01-10 19:38:05.738027,31,N/A
163,2025-01-10 19:38:06.137639,34,N/A
164,2025-01-10 19:38:06.429258,19,N/A
165,2025-01-10 19:38:06.680674,16,N/A
166,2025-01-10 19:38:07.127201,36,N/A
167,2025-01-10 19:38:07.354635,13,N/A
168,2025-01-10 19:38:07.701919,25,N/A
169,2025-01-10 19:38:07.952137,18,N/A
170,2025-01-10 19:38:08.228601,24,N/A
171,2025-01-10 19:38:08.460427,13,N/A
172,2025-01-10 19:38:08.819016,27,N/A
173,2025-01-10 19:38:09.128157,20,N/A
174,2025-01-10 19:38:09.468157,24,N/A
175,2025-01-10 19:38:10.067787,42,N/A
176,2025-01-10 19:38:10.494517,34,N/A
177,2025-01-10 19:38:10.841911,27,N/A
178,2025-01-10 19:38:11.026493,9,N/A
179,2025-01-10 19:38:11.349946,27,N/A
180,2025-01-10 19:38:11.605041,21,N/A
181,2025-01-10 19:38:11.868539,15,N/A
182,2025-01-10 19:38:12.178509,26,N/A
183,2025-01-10 19:38:12.462504,18,N/A
184,2025-01-10 19:38:12.701194,16,N/A
185,2025-01-10 19:38:13.002988,23,N/A
186,2025-01-10 19:38:13.305567,21,N/A
187,2025-01-10 19:38:13.660722,26,N/A
188,2025-01-10 19:38:13.893086,11,N/A
189,2025-01-10 19:38:14.173239,23,N/A
190,2025-01-10 19:38:14.449227,25,N/A
191,2025-01-10 19:38:14.732658,22,N/A
192,2025-01-10 19:38:15.073245,29,N/A
193,2025-01-10 19:38:15.467644,34,N/A
194,2025-01-10 19:38:15.886416,32,N/A
195,2025-01-10 19:38:16.146405,15,N/A
196,2025-01-10 19:38:16.383981,16,N/A
197,2025-01-10 19:38:16.761911,31,N/A
198,2025-01-10 19:38:17.029181,19,N/A
199,2025-01-10 19:38:17.253933,11,N/A
200,2025-01-10 19:38:17.582793,23,N/A
201,2025-01-10 19:38:17.870626,19,N/A
202,2025-01-10 19:38:18.213154,25,N/A
203,2025-01-10 19:38:18.470604,15,N/A
204,2025-01-10 19:38:18.825909,31,N/A
205,2025-01-10 19:38:19.255013,26,N/A
206,2025-01-10 19:38:19.524465,22,N/A
207,2025-01-10 19:38:19.927248,33,N/A
208,2025-01-10 19:38:20.190893,15,N/A
209,2025-01-10 19:38:20.419311,11,N/A
210,2025-01-10 19:38:20.726997,26,N/A
211,2025-01-10 19:38:21.239842,35,N/A
212,2025-01-10 19:38:21.670581,37,N/A
213,2025-01-10 19:38:21.947272,14,N/A
214,2025-01-10 19:38:22.266792,21,N/A
215,2025-01-10 19:38:22.496790,10,N/A
216,2025-01-10 19:38:22.782601,15,N/A
217,2025-01-10 19:38:23.137110,25,N/A
218,2025-01-10 19:38:23.363388,11,N/A
219,2025-01-10 19:38:23.593929,12,N/A
220,2025-01-10 19:38:23.763170,5,N/A
221,2025-01-10 19:38:24.039300,18,N/A
222,2025-01-10 19:38:24.326381,18,N/A
223,2025-01-10 19:38:24.653715,25,N/A
224,2025-01-10 19:38:24.981452,27,N/A
225,2025-01-10 19:38:25.405195,31,N/A
226,2025-01-10 19:38:25.702289,25,N/A
227,2025-01-10 19:38:26.010414,27,N/A
228,2025-01-10 19:38:26.384256,27,N/A
229,2025-01-10 19:38:26.685560,28,N/A
230,2025-01-10 19:38:26.992488,17,N/A
231,2025-01-10 19:38:27.261642,22,N/A
232,2025-01-10 19:38:27.539736,21,N/A
233,2025-01-10 19:38:27.918924,30,N/A
234,2025-01-10 19:38:28.266440,28,N/A
235,2025-01-10 19:38:28.593497,28,N/A
1,2025-01-10 19:38:57.574157,1,N/A
2,2025-01-10 19:38:57.909480,0,N/A
3,2025-01-10 19:38:58.068956,1,N/A
4,2025-01-10 19:38:58.270922,1,N/A
5,2025-01-10 19:38:58.421842,1,N/A
6,2025-01-10 19:38:58.605237,2,N/A
7,2025-01-10 19:38:58.761940,1,N/A
8,2025-01-10 19:38:59.093317,0,N/A
9,2025-01-10 19:38:59.369345,1,N/A
10,2025-01-10 19:38:59.613497,1,N/A
11,2025-01-10 19:39:00.037088,1,N/A
12,2025-01-10 19:39:00.211935,1,N/A
13,2025-01-10 19:39:00.555047,0,N/A
14,2025-01-10 19:39:00.889791,0,N/A
15,2025-01-10 19:39:01.037606,1,N/A
16,2025-01-10 19:39:01.372936,0,N/A
17,2025-01-10 19:39:01.653424,1,N/A
18,2025-01-10 19:39:01.904978,1,N/A
1,2025-01-10 19:39:14.429967,1,N/A
2,2025-01-10 19:39:14.766815,0,N/A
3,2025-01-10 19:39:14.955096,1,N/A
4,2025-01-10 19:39:15.203853,1,N/A
5,2025-01-10 19:39:15.347614,1,N/A
6,2025-01-10 19:39:15.482991,1,N/A
7,2025-01-10 19:39:15.718424,1,N/A
8,2025-01-10 19:39:16.038256,0,N/A
9,2025-01-10 19:39:16.187357,1,N/A
10,2025-01-10 19:39:16.470981,1,N/A
11,2025-01-10 19:39:16.822271,1,N/A
12,2025-01-10 19:39:17.163127,1,N/A
13,2025-01-10 19:39:17.481016,0,N/A
14,2025-01-10 19:39:17.668865,1,N/A
15,2025-01-10 19:39:17.807165,1,N/A
16,2025-01-10 19:39:17.996958,1,N/A
17,2025-01-10 19:39:18.335902,3,N/A
18,2025-01-10 19:39:18.483945,1,N/A
19,2025-01-10 19:39:18.714288,1,N/A
20,2025-01-10 19:39:19.035312,0,N/A
21,2025-01-10 19:39:19.188290,1,N/A
22,2025-01-10 19:39:19.509487,1,N/A
23,2025-01-10 19:39:19.772131,2,N/A
24,2025-01-10 19:39:19.942868,2,N/A
25,2025-01-10 19:39:20.112766,1,N/A
26,2025-01-10 19:39:20.278241,1,N/A
27,2025-01-10 19:39:20.527787,2,N/A
28,2025-01-10 19:39:20.732548,1,N/A
29,2025-01-10 19:39:20.963453,1,N/A
30,2025-01-10 19:39:21.168152,3,N/A
31,2025-01-10 19:39:21.434721,4,N/A
32,2025-01-10 19:39:21.608002,1,N/A
33,2025-01-10 19:39:21.809204,1,N/A
34,2025-01-10 19:39:22.012335,1,N/A
35,2025-01-10 19:39:22.211451,2,N/A
36,2025-01-10 19:39:22.471452,2,N/A
37,2025-01-10 19:39:22.768039,3,N/A
38,2025-01-10 19:39:23.004576,2,N/A
39,2025-01-10 19:39:23.170206,1,N/A
40,2025-01-10 19:39:23.317436,1,N/A
41,2025-01-10 19:39:23.468997,1,N/A
42,2025-01-10 19:39:23.608217,1,N/A
43,2025-01-10 19:39:23.820677,1,N/A
44,2025-01-10 19:39:24.095016,5,N/A
45,2025-01-10 19:39:24.243879,1,N/A
46,2025-01-10 19:39:24.444349,3,N/A
47,2025-01-10 19:39:24.766011,3,N/A
48,2025-01-10 19:39:25.004755,4,N/A
49,2025-01-10 19:39:25.377668,0,N/A
50,2025-01-10 19:39:25.582460,3,N/A
51,2025-01-10 19:39:26.066368,9,N/A
52,2025-01-10 19:39:26.333433,2,N/A
53,2025-01-10 19:39:26.526837,2,N/A
54,2025-01-10 19:39:26.772009,6,N/A
55,2025-01-10 19:39:26.924265,1,N/A
56,2025-01-10 19:39:27.160823,5,N/A
57,2025-01-10 19:39:27.373646,5,N/A
58,2025-01-10 19:39:27.533814,1,N/A
59,2025-01-10 19:39:27.729898,3,N/A
60,2025-01-10 19:39:27.956445,5,N/A
61,2025-01-10 19:39:28.138837,2,N/A
62,2025-01-10 19:39:28.288526,4,N/A
63,2025-01-10 19:39:28.472369,1,N/A
64,2025-01-10 19:39:28.751857,9,N/A
65,2025-01-10 19:39:28.980369,3,N/A
66,2025-01-10 19:39:29.264522,6,N/A
67,2025-01-10 19:39:29.584614,7,N/A
68,2025-01-10 19:39:29.762313,1,N/A
69,2025-01-10 19:39:30.072037,10,N/A
70,2025-01-10 19:39:30.367538,19,N/A
71,2025-01-10 19:39:30.536368,3,N/A
72,2025-01-10 19:39:30.690652,1,N/A
73,2025-01-10 19:39:31.107493,14,N/A
74,2025-01-10 19:39:31.385239,16,N/A
75,2025-01-10 19:39:31.630335,11,N/A
76,2025-01-10 19:39:31.935491,14,N/A
77,2025-01-10 19:39:32.198143,6,N/A
78,2025-01-10 19:39:32.450078,9,N/A
79,2025-01-10 19:39:32.702077,3,N/A
80,2025-01-10 19:39:33.040905,0,N/A
1,2025-01-10 19:40:36.344263,1,N/A
2,2025-01-10 19:40:36.520968,1,N/A
3,2025-01-10 19:40:36.859558,0,N/A
4,2025-01-10 19:40:37.196245,0,N/A
5,2025-01-10 19:40:37.431615,1,N/A
6,2025-01-10 19:40:37.595687,1,N/A
7,2025-01-10 19:40:37.956589,1,N/A
8,2025-01-10 19:40:38.231145,1,N/A
9,2025-01-10 19:40:38.404596,1,N/A
10,2025-01-10 19:40:38.638212,1,N/A
11,2025-01-10 19:40:38.823759,1,N/A
12,2025-01-10 19:40:39.077443,2,N/A
13,2025-01-10 19:40:39.251367,1,N/A
14,2025-01-10 19:40:39.463701,2,N/A
15,2025-01-10 19:40:39.622643,1,N/A
16,2025-01-10 19:40:39.797298,1,N/A
1,2025-01-10 19:40:48.833198,1,N/A
2,2025-01-10 19:40:49.169473,0,N/A
3,2025-01-10 19:40:49.356671,1,N/A
4,2025-01-10 19:40:49.691819,0,N/A
5,2025-01-10 19:40:49.898809,1,N/A
6,2025-01-10 19:40:50.116329,1,N/A
7,2025-01-10 19:40:50.487264,4,N/A
8,2025-01-10 19:40:50.677868,2,N/A
9,2025-01-10 19:40:50.860229,1,N/A
10,2025-01-10 19:40:51.046522,1,N/A
11,2025-01-10 19:40:51.247257,2,N/A
12,2025-01-10 19:40:51.585843,1,N/A
13,2025-01-10 19:40:51.917816,0,N/A
14,2025-01-10 19:40:52.213651,2,N/A
15,2025-01-10 19:40:52.545249,0,N/A
16,2025-01-10 19:40:52.713963,1,N/A
17,2025-01-10 19:40:52.881073,1,N/A
18,2025-01-10 19:40:53.116847,2,N/A
19,2025-01-10 19:40:53.305230,1,N/A
20,2025-01-10 19:40:53.489928,1,N/A
21,2025-01-10 19:40:53.670057,1,N/A
22,2025-01-10 19:40:55.465124,3,N/A
23,2025-01-10 19:40:55.832945,3,N/A
24,2025-01-10 19:40:56.169407,3,N/A
25,2025-01-10 19:40:56.358651,1,N/A
26,2025-01-10 19:40:56.664086,1,N/A
27,2025-01-10 19:40:56.876545,3,N/A
28,2025-01-10 19:40:57.083039,1,N/A
29,2025-01-10 19:40:57.243808,1,N/A
30,2025-01-10 19:40:57.414438,2,N/A
31,2025-01-10 19:40:57.666142,1,N/A
32,2025-01-10 19:40:57.811764,1,N/A
33,2025-01-10 19:40:58.140911,3,N/A
34,2025-01-10 19:40:58.382533,1,N/A
35,2025-01-10 19:40:58.627470,3,N/A
36,2025-01-10 19:40:58.863364,2,N/A
37,2025-01-10 19:40:59.122939,1,N/A
38,2025-01-10 19:40:59.353539,2,N/A
39,2025-01-10 19:40:59.591212,2,N/A
40,2025-01-10 19:40:59.762399,2,N/A
41,2025-01-10 19:41:00.042366,3,N/A
42,2025-01-10 19:41:00.247539,2,N/A
43,2025-01-10 19:41:00.448793,3,N/A
44,2025-01-10 19:41:00.724391,6,N/A
45,2025-01-10 19:41:00.932622,5,N/A
46,2025-01-10 19:41:01.260573,2,N/A
47,2025-01-10 19:41:01.394122,1,N/A
48,2025-01-10 19:41:01.612471,5,N/A
49,2025-01-10 19:41:01.916471,4,N/A
50,2025-01-10 19:41:02.244002,6,N/A
51,2025-01-10 19:41:02.461619,4,N/A
52,2025-01-10 19:41:02.631951,1,N/A
53,2025-01-10 19:41:02.806505,1,N/A
54,2025-01-10 19:41:03.017739,3,N/A
55,2025-01-10 19:41:03.262180,2,N/A
56,2025-01-10 19:41:03.493828,7,N/A
57,2025-01-10 19:41:03.737801,5,N/A
58,2025-01-10 19:41:03.907513,2,N/A
59,2025-01-10 19:41:04.153682,5,N/A
60,2025-01-10 19:41:04.393676,3,N/A
61,2025-01-10 19:41:04.766420,13,N/A
62,2025-01-10 19:41:05.103505,15,N/A
63,2025-01-10 19:41:05.393420,9,N/A
64,2025-01-10 19:41:05.593744,3,N/A
65,2025-01-10 19:41:05.803820,9,N/A
66,2025-01-10 19:41:05.945721,1,N/A
67,2025-01-10 19:41:06.166050,6,N/A
68,2025-01-10 19:41:06.444960,10,N/A
69,2025-01-10 19:41:06.788178,11,N/A
70,2025-01-10 19:41:07.079108,15,N/A
71,2025-01-10 19:41:07.302437,4,N/A
72,2025-01-10 19:41:07.614996,16,N/A
73,2025-01-10 19:41:07.783530,2,N/A
74,2025-01-10 19:41:08.082453,15,N/A
75,2025-01-10 19:41:08.409119,15,N/A
76,2025-01-10 19:41:08.731650,20,N/A
77,2025-01-10 19:41:09.008272,18,N/A
78,2025-01-10 19:41:09.309066,20,N/A
79,2025-01-10 19:41:09.573329,18,N/A
80,2025-01-10 19:41:09.842836,15,N/A
81,2025-01-10 19:41:10.102229,18,N/A
82,2025-01-10 19:41:10.308409,10,N/A
83,2025-01-10 19:41:10.609482,23,N/A
84,2025-01-10 19:41:10.856699,13,N/A
85,2025-01-10 19:41:11.018777,3,N/A
86,2025-01-10 19:41:11.370303,29,N/A
87,2025-01-10 19:41:11.741369,23,N/A
88,2025-01-10 19:41:12.064997,26,N/A
89,2025-01-10 19:41:12.377519,21,N/A
90,2025-01-10 19:41:12.635832,16,N/A
91,2025-01-10 19:41:12.909270,15,N/A
92,2025-01-10 19:41:13.140100,15,N/A
93,2025-01-10 19:41:13.428201,23,N/A
94,2025-01-10 19:41:13.655223,10,N/A
95,2025-01-10 19:41:13.915294,15,N/A
96,2025-01-10 19:41:14.194205,19,N/A
97,2025-01-10 19:41:14.623347,30,N/A
98,2025-01-10 19:41:14.923345,24,N/A
99,2025-01-10 19:41:15.179294,16,N/A
100,2025-01-10 19:41:15.472692,22,N/A
101,2025-01-10 19:41:15.729968,11,N/A
102,2025-01-10 19:41:16.065082,24,N/A
103,2025-01-10 19:41:16.341574,17,N/A
104,2025-01-10 19:41:16.550412,13,N/A
105,2025-01-10 19:41:16.865002,23,N/A
106,2025-01-10 19:41:17.183266,25,N/A
107,2025-01-10 19:41:17.593153,38,N/A
108,2025-01-10 19:41:17.929010,26,N/A
109,2025-01-10 19:41:18.221036,22,N/A
110,2025-01-10 19:41:18.496450,17,N/A
111,2025-01-10 19:41:18.752702,17,N/A
112,2025-01-10 19:41:19.191977,40,N/A
113,2025-01-10 19:41:19.506640,22,N/A
114,2025-01-10 19:41:19.746962,14,N/A
115,2025-01-10 19:41:19.934569,10,N/A
116,2025-01-10 19:41:20.213741,18,N/A
117,2025-01-10 19:41:20.430259,10,N/A
118,2025-01-10 19:41:20.818881,32,N/A
119,2025-01-10 19:41:21.175272,25,N/A
120,2025-01-10 19:41:21.440243,17,N/A
121,2025-01-10 19:41:21.722939,17,N/A
122,2025-01-10 19:41:21.929451,9,N/A
123,2025-01-10 19:41:22.183106,19,N/A
124,2025-01-10 19:41:22.384239,9,N/A
125,2025-01-10 19:41:22.955352,45,N/A
126,2025-01-10 19:41:23.322060,27,N/A
1,2025-01-10 19:41:26.431751,1,N/A
2,2025-01-10 19:41:26.645608,1,N/A
3,2025-01-10 19:41:26.980953,0,N/A
4,2025-01-10 19:41:27.240023,1,N/A
5,2025-01-10 19:41:27.436377,1,N/A
6,2025-01-10 19:41:27.620391,1,N/A
7,2025-01-10 19:41:27.871426,2,N/A
8,2025-01-10 19:41:28.154348,1,N/A
9,2025-01-10 19:41:28.509082,1,N/A
10,2025-01-10 19:41:28.696567,1,N/A
11,2025-01-10 19:41:28.985803,1,N/A
12,2025-01-10 19:41:29.130698,1,N/A
13,2025-01-10 19:41:29.360144,2,N/A
14,2025-01-10 19:41:29.509183,1,N/A
15,2025-01-10 19:41:29.689660,1,N/A
16,2025-01-10 19:41:29.869183,2,N/A
17,2025-01-10 19:41:30.182506,1,N/A
18,2025-01-10 19:41:30.351087,1,N/A
19,2025-01-10 19:41:30.599381,2,N/A
20,2025-01-10 19:41:30.869135,3,N/A
21,2025-01-10 19:41:31.060504,1,N/A
22,2025-01-10 19:41:32.040629,1,N/A
23,2025-01-10 19:41:32.391732,2,N/A
24,2025-01-10 19:41:32.779808,2,N/A
25,2025-01-10 19:41:33.027407,1,N/A
26,2025-01-10 19:41:33.303695,3,N/A
27,2025-01-10 19:41:33.433370,1,N/A
28,2025-01-10 19:41:33.730849,2,N/A
29,2025-01-10 19:41:33.971380,3,N/A
30,2025-01-10 19:41:34.109735,1,N/A
31,2025-01-10 19:41:34.307673,1,N/A
32,2025-01-10 19:41:34.471556,2,N/A
33,2025-01-10 19:41:34.746900,3,N/A
34,2025-01-10 19:41:34.998884,1,N/A
35,2025-01-10 19:41:35.196566,1,N/A
36,2025-01-10 19:41:36.332524,1,N/A
37,2025-01-10 19:41:36.548780,2,N/A
38,2025-01-10 19:41:36.998147,7,N/A
39,2025-01-10 19:41:37.177707,1,N/A
40,2025-01-10 19:41:37.399866,1,N/A
41,2025-01-10 19:41:37.625230,2,N/A
42,2025-01-10 19:41:37.838450,1,N/A
43,2025-01-10 19:41:38.101793,3,N/A
44,2025-01-10 19:41:38.272765,3,N/A
45,2025-01-10 19:41:38.456398,1,N/A
46,2025-01-10 19:41:38.605493,2,N/A
47,2025-01-10 19:41:38.908628,5,N/A
48,2025-01-10 19:41:39.090982,3,N/A
49,2025-01-10 19:41:39.304605,4,N/A
50,2025-01-10 19:41:39.490209,4,N/A
51,2025-01-10 19:41:39.656397,1,N/A
52,2025-01-10 19:41:39.986472,10,N/A
53,2025-01-10 19:41:40.144962,3,N/A
54,2025-01-10 19:41:40.431315,6,N/A
55,2025-01-10 19:41:40.582246,1,N/A
56,2025-01-10 19:41:40.742356,1,N/A
57,2025-01-10 19:41:40.910158,2,N/A
58,2025-01-10 19:41:41.324735,13,N/A
59,2025-01-10 19:41:41.621286,10,N/A
60,2025-01-10 19:41:41.862578,13,N/A
61,2025-01-10 19:41:42.048222,2,N/A
62,2025-01-10 19:41:42.348312,14,N/A
63,2025-01-10 19:41:42.625056,13,N/A
64,2025-01-10 19:41:42.918758,11,N/A
65,2025-01-10 19:41:43.061383,1,N/A
66,2025-01-10 19:41:43.207351,1,N/A
67,2025-01-10 19:41:43.540549,0,N/A
68,2025-01-10 19:41:43.839901,13,N/A
69,2025-01-10 19:41:44.102624,4,N/A
70,2025-01-10 19:41:44.366533,10,N/A
71,2025-01-10 19:41:44.593730,10,N/A
72,2025-01-10 19:41:44.866446,13,N/A
73,2025-01-10 19:41:45.181571,23,N/A
74,2025-01-10 19:41:45.557683,21,N/A
75,2025-01-10 19:41:45.847483,15,N/A
76,2025-01-10 19:41:46.120358,13,N/A
77,2025-01-10 19:41:46.307350,5,N/A
78,2025-01-10 19:41:46.705443,29,N/A
79,2025-01-10 19:41:46.877597,4,N/A
80,2025-01-10 19:41:47.058996,4,N/A
81,2025-01-10 19:41:47.381150,20,N/A
82,2025-01-10 19:41:47.631274,13,N/A
83,2025-01-10 19:41:47.973987,26,N/A
84,2025-01-10 19:41:48.362930,31,N/A
85,2025-01-10 19:41:48.787399,34,N/A
86,2025-01-10 19:41:49.038190,15,N/A
87,2025-01-10 19:41:49.379149,29,N/A
88,2025-01-10 19:41:49.611727,13,N/A
89,2025-01-10 19:41:49.811371,10,N/A
90,2025-01-10 19:41:50.038163,10,N/A
91,2025-01-10 19:41:50.347018,20,N/A
92,2025-01-10 19:41:50.658866,23,N/A
93,2025-01-10 19:41:51.080854,37,N/A
94,2025-01-10 19:41:51.352759,16,N/A
95,2025-01-10 19:41:51.667670,19,N/A
96,2025-01-10 19:41:51.943896,18,N/A
97,2025-01-10 19:41:52.216804,19,N/A
98,2025-01-10 19:41:52.522546,24,N/A
99,2025-01-10 19:41:52.862066,31,N/A
100,2025-01-10 19:41:53.217237,32,N/A
101,2025-01-10 19:41:53.461866,16,N/A
102,2025-01-10 19:41:53.689927,12,N/A
103,2025-01-10 19:41:54.021283,24,N/A
104,2025-01-10 19:41:54.213194,6,N/A
105,2025-01-10 19:41:54.503758,19,N/A
106,2025-01-10 19:41:54.951404,32,N/A
107,2025-01-10 19:41:55.143606,7,N/A
108,2025-01-10 19:41:55.448593,22,N/A
109,2025-01-10 19:41:55.650576,9,N/A
110,2025-01-10 19:41:56.056610,33,N/A
111,2025-01-10 19:41:56.481776,35,N/A
112,2025-01-10 19:41:56.798329,25,N/A
113,2025-01-10 19:41:57.093719,20,N/A
114,2025-01-10 19:41:57.342402,17,N/A
115,2025-01-10 19:41:57.590815,15,N/A
116,2025-01-10 19:41:57.921537,28,N/A
117,2025-01-10 19:41:58.101327,4,N/A
118,2025-01-10 19:41:58.394707,20,N/A
119,2025-01-10 19:41:58.698469,20,N/A
120,2025-01-10 19:41:59.058713,28,N/A
121,2025-01-10 19:41:59.348065,21,N/A
122,2025-01-10 19:41:59.609478,18,N/A
123,2025-01-10 19:41:59.904888,20,N/A
124,2025-01-10 19:42:00.156874,17,N/A
125,2025-01-10 19:42:00.432857,15,N/A
126,2025-01-10 19:42:00.709024,19,N/A
127,2025-01-10 19:42:01.079344,32,N/A
128,2025-01-10 19:42:01.497663,21,N/A
129,2025-01-10 19:42:01.942556,34,N/A
130,2025-01-10 19:42:02.203270,15,N/A
131,2025-01-10 19:42:02.596105,30,N/A
132,2025-01-10 19:42:02.939349,28,N/A
133,2025-01-10 19:42:03.100687,3,N/A
134,2025-01-10 19:42:03.272217,6,N/A
135,2025-01-10 19:42:03.484350,4,N/A
136,2025-01-10 19:42:03.659636,7,N/A
137,2025-01-10 19:42:03.993484,24,N/A
138,2025-01-10 19:42:04.338648,24,N/A
139,2025-01-10 19:42:04.731027,34,N/A
140,2025-01-10 19:42:04.944517,13,N/A
141,2025-01-10 19:42:05.238202,19,N/A
142,2025-01-10 19:42:05.506358,20,N/A
143,2025-01-10 19:42:05.775974,15,N/A
144,2025-01-10 19:42:05.979042,8,N/A
145,2025-01-10 19:42:06.261429,19,N/A
146,2025-01-10 19:42:06.491730,12,N/A
147,2025-01-10 19:42:06.879433,29,N/A
148,2025-01-10 19:42:07.250819,31,N/A
149,2025-01-10 19:42:07.598647,26,N/A
150,2025-01-10 19:42:08.019198,36,N/A
151,2025-01-10 19:42:08.332972,24,N/A
152,2025-01-10 19:42:08.593282,18,N/A
153,2025-01-10 19:42:08.901270,22,N/A
154,2025-01-10 19:42:09.173713,22,N/A
155,2025-01-10 19:42:09.423570,16,N/A
156,2025-01-10 19:42:09.726216,11,N/A
157,2025-01-10 19:42:10.067956,24,N/A
158,2025-01-10 19:42:10.305017,16,N/A
159,2025-01-10 19:42:10.726929,38,N/A
160,2025-01-10 19:42:11.002254,15,N/A
161,2025-01-10 19:42:11.246036,16,N/A
162,2025-01-10 19:42:11.467877,11,N/A
163,2025-01-10 19:42:11.803660,27,N/A
164,2025-01-10 19:42:12.097761,24,N/A
165,2025-01-10 19:42:12.429711,26,N/A
166,2025-01-10 19:42:12.899072,42,N/A
167,2025-01-10 19:42:13.188355,19,N/A
168,2025-01-10 19:42:13.568475,27,N/A
169,2025-01-10 19:42:13.772745,9,N/A
170,2025-01-10 19:42:14.030701,16,N/A
171,2025-01-10 19:42:14.292843,18,N/A
172,2025-01-10 19:42:14.692063,31,N/A
173,2025-01-10 19:42:15.138320,39,N/A
174,2025-01-10 19:42:15.513443,32,N/A
175,2025-01-10 19:42:15.725260,11,N/A
176,2025-01-10 19:42:16.140639,26,N/A
177,2025-01-10 19:42:16.349927,9,N/A
178,2025-01-10 19:42:16.606345,17,N/A
179,2025-01-10 19:42:16.948471,27,N/A
180,2025-01-10 19:42:17.196632,18,N/A
181,2025-01-10 19:42:17.611195,33,N/A
182,2025-01-10 19:42:17.915590,23,N/A
183,2025-01-10 19:42:18.165524,19,N/A
184,2025-01-10 19:42:18.424376,15,N/A
185,2025-01-10 19:42:18.774788,30,N/A
186,2025-01-10 19:42:19.083762,22,N/A
187,2025-01-10 19:42:19.474593,31,N/A
188,2025-01-10 19:42:19.731981,17,N/A
189,2025-01-10 19:42:20.021913,23,N/A
190,2025-01-10 19:42:20.425960,38,N/A
191,2025-01-10 19:42:20.796227,33,N/A
192,2025-01-10 19:42:21.177912,28,N/A
193,2025-01-10 19:42:21.478275,24,N/A
194,2025-01-10 19:42:21.850129,31,N/A
195,2025-01-10 19:42:22.187429,26,N/A
196,2025-01-10 19:42:22.434038,14,N/A
197,2025-01-10 19:42:22.661581,14,N/A
198,2025-01-10 19:42:23.059417,36,N/A
199,2025-01-10 19:42:23.323499,22,N/A
200,2025-01-10 19:42:23.752279,32,N/A
201,2025-01-10 19:42:24.054747,18,N/A
202,2025-01-10 19:42:24.300395,14,N/A
203,2025-01-10 19:42:24.645381,26,N/A
204,2025-01-10 19:42:24.879605,16,N/A
205,2025-01-10 19:42:25.180349,26,N/A
206,2025-01-10 19:42:25.542397,30,N/A
207,2025-01-10 19:42:25.748732,10,N/A
208,2025-01-10 19:42:26.027121,17,N/A
209,2025-01-10 19:42:26.292770,16,N/A
210,2025-01-10 19:42:26.527727,13,N/A
211,2025-01-10 19:42:26.934820,31,N/A
212,2025-01-10 19:42:27.154080,11,N/A
213,2025-01-10 19:42:27.493000,25,N/A
214,2025-01-10 19:42:27.899781,37,N/A
215,2025-01-10 19:42:28.242990,30,N/A
216,2025-01-10 19:42:28.626132,28,N/A
217,2025-01-10 19:42:29.016938,33,N/A
218,2025-01-10 19:42:29.218148,12,N/A
219,2025-01-10 19:42:29.465806,18,N/A
220,2025-01-10 19:42:29.739325,21,N/A
221,2025-01-10 19:42:29.987826,17,N/A
222,2025-01-10 19:42:30.264063,23,N/A
223,2025-01-10 19:42:30.674784,31,N/A
224,2025-01-10 19:42:30.972475,18,N/A
225,2025-01-10 19:42:31.261177,18,N/A
226,2025-01-10 19:42:31.507539,20,N/A
227,2025-01-10 19:42:31.787604,20,N/A
228,2025-01-10 19:42:32.041816,19,N/A
229,2025-01-10 19:42:32.377469,26,N/A
230,2025-01-10 19:42:32.602044,16,N/A
231,2025-01-10 19:42:32.865261,21,N/A
232,2025-01-10 19:42:33.216720,27,N/A
233,2025-01-10 19:42:33.464424,15,N/A
234,2025-01-10 19:42:33.769917,24,N/A
235,2025-01-10 19:42:34.183292,31,N/A
236,2025-01-10 19:42:34.412946,13,N/A
237,2025-01-10 19:42:34.770825,26,N/A
238,2025-01-10 19:42:35.146241,33,N/A
239,2025-01-10 19:42:35.505980,31,N/A
240,2025-01-10 19:42:35.777746,16,N/A
241,2025-01-10 19:42:36.126595,26,N/A
242,2025-01-10 19:42:36.390821,19,N/A
243,2025-01-10 19:42:36.611632,15,N/A
244,2025-01-10 19:42:37.000217,36,N/A
245,2025-01-10 19:42:37.184956,7,N/A
246,2025-01-10 19:42:37.577205,31,N/A
247,2025-01-10 19:42:37.893773,23,N/A
248,2025-01-10 19:42:38.123448,14,N/A
249,2025-01-10 19:42:38.391053,21,N/A
250,2025-01-10 19:42:38.675662,22,N/A
251,2025-01-10 19:42:38.913119,17,N/A
252,2025-01-10 19:42:39.147349,17,N/A
253,2025-01-10 19:42:39.548263,24,N/A
254,2025-01-10 19:42:39.748821,11,N/A
255,2025-01-10 19:42:40.102340,27,N/A
256,2025-01-10 19:42:40.277500,5,N/A
257,2025-01-10 19:42:40.609608,23,N/A
258,2025-01-10 19:42:40.848583,15,N/A
259,2025-01-10 19:42:41.203398,31,N/A
260,2025-01-10 19:42:41.420797,16,N/A
261,2025-01-10 19:42:41.734025,23,N/A
262,2025-01-10 19:42:41.988795,17,N/A
263,2025-01-10 19:42:42.229316,18,N/A
264,2025-01-10 19:42:42.464426,12,N/A
265,2025-01-10 19:42:42.765136,21,N/A
266,2025-01-10 19:42:42.973879,11,N/A
267,2025-01-10 19:42:43.197322,12,N/A
268,2025-01-10 19:42:43.669207,42,N/A
269,2025-01-10 19:42:44.028450,25,N/A
270,2025-01-10 19:42:44.318049,24,N/A
271,2025-01-10 19:42:44.523125,10,N/A
272,2025-01-10 19:42:44.814578,22,N/A
273,2025-01-10 19:42:45.187213,30,N/A
274,2025-01-10 19:42:45.391942,12,N/A
275,2025-01-10 19:42:45.672509,22,N/A
276,2025-01-10 19:42:46.023121,27,N/A
277,2025-01-10 19:42:46.305640,16,N/A
278,2025-01-10 19:42:46.624744,25,N/A
279,2025-01-10 19:42:46.903848,20,N/A
280,2025-01-10 19:42:47.235581,27,N/A
281,2025-01-10 19:42:47.512683,23,N/A
282,2025-01-10 19:42:47.776912,21,N/A
283,2025-01-10 19:42:48.133607,35,N/A
284,2025-01-10 19:42:48.502047,36,N/A
285,2025-01-10 19:42:48.903679,36,N/A
286,2025-01-10 19:42:49.377713,43,N/A
287,2025-01-10 19:42:49.608319,16,N/A
288,2025-01-10 19:42:49.988072,33,N/A
289,2025-01-10 19:42:50.290915,25,N/A
290,2025-01-10 19:42:50.684503,30,N/A
291,2025-01-10 19:42:50.932096,19,N/A
292,2025-01-10 19:42:51.340689,31,N/A
293,2025-01-10 19:42:51.674289,24,N/A
294,2025-01-10 19:42:52.016814,29,N/A
295,2025-01-10 19:42:52.419491,40,N/A
296,2025-01-10 19:42:52.653908,16,N/A
297,2025-01-10 19:42:52.976535,29,N/A
298,2025-01-10 19:42:53.387165,34,N/A
299,2025-01-10 19:42:53.600839,9,N/A
300,2025-01-10 19:42:54.037729,36,N/A
301,2025-01-10 19:42:54.461092,33,N/A
302,2025-01-10 19:42:54.881601,35,N/A
303,2025-01-10 19:42:55.167753,21,N/A
304,2025-01-10 19:42:55.427472,19,N/A
305,2025-01-10 19:42:55.674834,19,N/A
306,2025-01-10 19:42:55.913808,15,N/A
307,2025-01-10 19:42:56.346797,39,N/A
308,2025-01-10 19:42:56.655063,24,N/A
309,2025-01-10 19:42:56.892133,19,N/A
310,2025-01-10 19:42:57.188375,23,N/A
311,2025-01-10 19:42:57.533683,32,N/A
312,2025-01-10 19:42:57.789619,17,N/A
313,2025-01-10 19:42:58.075257,23,N/A
314,2025-01-10 19:42:58.473106,34,N/A
315,2025-01-10 19:42:58.749430,22,N/A
316,2025-01-10 19:42:59.054564,29,N/A
317,2025-01-10 19:42:59.360533,27,N/A
318,2025-01-10 19:42:59.629148,18,N/A
319,2025-01-10 19:43:00.046493,41,N/A
320,2025-01-10 19:43:00.410383,32,N/A
321,2025-01-10 19:43:00.578070,7,N/A
322,2025-01-10 19:43:00.830122,16,N/A
323,2025-01-10 19:43:01.139610,27,N/A
324,2025-01-10 19:43:01.366696,13,N/A
325,2025-01-10 19:43:01.724855,31,N/A
326,2025-01-10 19:43:02.070870,27,N/A
327,2025-01-10 19:43:02.261077,11,N/A
328,2025-01-10 19:43:02.476226,10,N/A
329,2025-01-10 19:43:02.767345,25,N/A
330,2025-01-10 19:43:03.080125,27,N/A
331,2025-01-10 19:43:03.352150,23,N/A
332,2025-01-10 19:43:03.633847,22,N/A
333,2025-01-10 19:43:03.880977,20,N/A
334,2025-01-10 19:43:04.169200,14,N/A
335,2025-01-10 19:43:04.394353,14,N/A
336,2025-01-10 19:43:04.582939,9,N/A
337,2025-01-10 19:43:05.065787,46,N/A
338,2025-01-10 19:43:05.368700,24,N/A
339,2025-01-10 19:43:05.599514,15,N/A
340,2025-01-10 19:43:05.835237,16,N/A
341,2025-01-10 19:43:06.223432,29,N/A
342,2025-01-10 19:43:06.751130,42,N/A
343,2025-01-10 19:43:07.013792,18,N/A
344,2025-01-10 19:43:07.365454,26,N/A
345,2025-01-10 19:43:07.600208,14,N/A
346,2025-01-10 19:43:07.894632,17,N/A
347,2025-01-10 19:43:08.205501,19,N/A
348,2025-01-10 19:43:08.514922,24,N/A
349,2025-01-10 19:43:08.812622,22,N/A
350,2025-01-10 19:43:09.079859,24,N/A
351,2025-01-10 19:43:09.452386,32,N/A
352,2025-01-10 19:43:09.720965,17,N/A
353,2025-01-10 19:43:09.951259,12,N/A
354,2025-01-10 19:43:10.209847,19,N/A
355,2025-01-10 19:43:10.469320,24,N/A
356,2025-01-10 19:43:10.799071,29,N/A
357,2025-01-10 19:43:11.238038,36,N/A
358,2025-01-10 19:43:11.617587,32,N/A
359,2025-01-10 19:43:11.912392,28,N/A
360,2025-01-10 19:43:12.198266,18,N/A
361,2025-01-10 19:43:12.446155,19,N/A
362,2025-01-10 19:43:12.865411,39,N/A
363,2025-01-10 19:43:13.113743,20,N/A
364,2025-01-10 19:43:13.349442,15,N/A
365,2025-01-10 19:43:13.578271,14,N/A
366,2025-01-10 19:43:13.858450,21,N/A
367,2025-01-10 19:43:14.314638,40,N/A
368,2025-01-10 19:43:14.526361,10,N/A
369,2025-01-10 19:43:14.768198,15,N/A
370,2025-01-10 19:43:14.969774,13,N/A
371,2025-01-10 19:43:15.216635,18,N/A
372,2025-01-10 19:43:15.526451,29,N/A
373,2025-01-10 19:43:16.025826,40,N/A
374,2025-01-10 19:43:16.438421,37,N/A
375,2025-01-10 19:43:16.733692,26,N/A
376,2025-01-10 19:43:17.122539,40,N/A
377,2025-01-10 19:43:17.365178,17,N/A
378,2025-01-10 19:43:17.595927,14,N/A
379,2025-01-10 19:43:17.940380,31,N/A
380,2025-01-10 19:43:18.216636,24,N/A
381,2025-01-10 19:43:18.631471,35,N/A
382,2025-01-10 19:43:18.965774,27,N/A
383,2025-01-10 19:43:19.256595,25,N/A
384,2025-01-10 19:43:19.441090,9,N/A
385,2025-01-10 19:43:19.783795,29,N/A
386,2025-01-10 19:43:20.077687,17,N/A
387,2025-01-10 19:43:20.494231,44,N/A
388,2025-01-10 19:43:20.768901,24,N/A
389,2025-01-10 19:43:20.981861,10,N/A
390,2025-01-10 19:43:21.372180,32,N/A
391,2025-01-10 19:43:21.750022,36,N/A
392,2025-01-10 19:43:21.978238,13,N/A
393,2025-01-10 19:43:22.494777,45,N/A
394,2025-01-10 19:43:22.777168,19,N/A
395,2025-01-10 19:43:23.077664,25,N/A
396,2025-01-10 19:43:23.391222,27,N/A
397,2025-01-10 19:43:23.608511,15,N/A
398,2025-01-10 19:43:23.942864,22,N/A
399,2025-01-10 19:43:24.197544,17,N/A
400,2025-01-10 19:43:24.521665,25,N/A
401,2025-01-10 19:43:24.784733,23,N/A
402,2025-01-10 19:43:25.059682,17,N/A
403,2025-01-10 19:43:25.308575,13,N/A
404,2025-01-10 19:43:25.540196,14,N/A
405,2025-01-10 19:43:26.378721,36,N/A
406,2025-01-10 19:43:26.629917,17,N/A
407,2025-01-10 19:43:26.825766,9,N/A
408,2025-01-10 19:43:27.207772,33,N/A
409,2025-01-10 19:43:27.511918,21,N/A
410,2025-01-10 19:43:27.751383,21,N/A
411,2025-01-10 19:43:28.101766,32,N/A
412,2025-01-10 19:43:28.398833,27,N/A
413,2025-01-10 19:43:28.804551,34,N/A
414,2025-01-10 19:43:29.059343,23,N/A
415,2025-01-10 19:43:29.389369,28,N/A
416,2025-01-10 19:43:29.598501,11,N/A
417,2025-01-10 19:43:30.064618,40,N/A
418,2025-01-10 19:43:30.333605,22,N/A
419,2025-01-10 19:43:30.683375,33,N/A
420,2025-01-10 19:43:30.952613,21,N/A
421,2025-01-10 19:43:31.473045,24,N/A
422,2025-01-10 19:43:31.914131,36,N/A
423,2025-01-10 19:43:32.348494,30,N/A
424,2025-01-10 19:43:32.596486,16,N/A
425,2025-01-10 19:43:32.880024,20,N/A
426,2025-01-10 19:43:33.250367,31,N/A
427,2025-01-10 19:43:33.622834,38,N/A
428,2025-01-10 19:43:33.982304,29,N/A
429,2025-01-10 19:43:34.230056,18,N/A
430,2025-01-10 19:43:34.466972,14,N/A
431,2025-01-10 19:43:34.896215,34,N/A
432,2025-01-10 19:43:35.190914,24,N/A
433,2025-01-10 19:43:35.433835,16,N/A
434,2025-01-10 19:43:35.670310,14,N/A
435,2025-01-10 19:43:35.883604,9,N/A
436,2025-01-10 19:43:36.158507,19,N/A
437,2025-01-10 19:43:36.408086,15,N/A
438,2025-01-10 19:43:36.669018,19,N/A
439,2025-01-10 19:43:36.974700,24,N/A
440,2025-01-10 19:43:37.347717,30,N/A
441,2025-01-10 19:43:37.596507,18,N/A
442,2025-01-10 19:43:37.804595,11,N/A
443,2025-01-10 19:43:38.109563,25,N/A
444,2025-01-10 19:43:38.518515,32,N/A
445,2025-01-10 19:43:38.837969,31,N/A
446,2025-01-10 19:43:39.258088,34,N/A
447,2025-01-10 19:43:39.490657,15,N/A
448,2025-01-10 19:43:39.777739,25,N/A
449,2025-01-10 19:43:40.045738,20,N/A
450,2025-01-10 19:43:40.356867,25,N/A
451,2025-01-10 19:43:40.566623,10,N/A
452,2025-01-10 19:43:40.851535,19,N/A
453,2025-01-10 19:43:41.076371,15,N/A
454,2025-01-10 19:43:41.267800,10,N/A
455,2025-01-10 19:43:41.629694,33,N/A
456,2025-01-10 19:43:41.973074,26,N/A
457,2025-01-10 19:43:42.180725,12,N/A
458,2025-01-10 19:43:42.557566,30,N/A
459,2025-01-10 19:43:42.934471,39,N/A
460,2025-01-10 19:43:43.145179,9,N/A
461,2025-01-10 19:43:43.390538,16,N/A
462,2025-01-10 19:43:43.610412,15,N/A
463,2025-01-10 19:43:43.920197,28,N/A
464,2025-01-10 19:43:44.160554,16,N/A
465,2025-01-10 19:43:44.443592,18,N/A
466,2025-01-10 19:43:44.647024,10,N/A
467,2025-01-10 19:43:44.956628,25,N/A
468,2025-01-10 19:43:45.149011,9,N/A
469,2025-01-10 19:43:45.514961,34,N/A
470,2025-01-10 19:43:45.849602,24,N/A
471,2025-01-10 19:43:46.138665,24,N/A
472,2025-01-10 19:43:46.479006,28,N/A
473,2025-01-10 19:43:46.757306,22,N/A
474,2025-01-10 19:43:47.097705,23,N/A
475,2025-01-10 19:43:47.318965,15,N/A
476,2025-01-10 19:43:47.553804,14,N/A
477,2025-01-10 19:43:47.732702,6,N/A
478,2025-01-10 19:43:48.083251,31,N/A
479,2025-01-10 19:43:48.380229,27,N/A
480,2025-01-10 19:43:48.603855,12,N/A
481,2025-01-10 19:43:48.950269,20,N/A
482,2025-01-10 19:43:49.331519,29,N/A
483,2025-01-10 19:43:49.650027,27,N/A
484,2025-01-10 19:43:49.968666,26,N/A
485,2025-01-10 19:43:50.237077,18,N/A
486,2025-01-10 19:43:50.496656,19,N/A
487,2025-01-10 19:43:50.723713,18,N/A
488,2025-01-10 19:43:51.068984,32,N/A
489,2025-01-10 19:43:51.289060,17,N/A
490,2025-01-10 19:43:51.588987,24,N/A
491,2025-01-10 19:43:51.875002,21,N/A
492,2025-01-10 19:43:52.412701,50,N/A
493,2025-01-10 19:43:52.820802,35,N/A
494,2025-01-10 19:43:53.111751,23,N/A
495,2025-01-10 19:43:53.419279,23,N/A
496,2025-01-10 19:43:53.638527,16,N/A
497,2025-01-10 19:43:53.967646,21,N/A
498,2025-01-10 19:43:54.172915,13,N/A
499,2025-01-10 19:43:54.432077,16,N/A
500,2025-01-10 19:43:54.879599,46,N/A
501,2025-01-10 19:43:55.184261,26,N/A
502,2025-01-10 19:43:55.570987,33,N/A
503,2025-01-10 19:43:55.977879,30,N/A
504,2025-01-10 19:43:56.303232,29,N/A
505,2025-01-10 19:43:56.619616,24,N/A
506,2025-01-10 19:43:56.905354,26,N/A
507,2025-01-10 19:43:57.152354,14,N/A
508,2025-01-10 19:43:57.440449,24,N/A
509,2025-01-10 19:43:57.660821,14,N/A
510,2025-01-10 19:43:57.843873,9,N/A
511,2025-01-10 19:43:58.159863,29,N/A
512,2025-01-10 19:43:58.451149,22,N/A
513,2025-01-10 19:43:58.704854,20,N/A
514,2025-01-10 19:43:58.976471,19,N/A
515,2025-01-10 19:43:59.222822,14,N/A
516,2025-01-10 19:43:59.456966,11,N/A
517,2025-01-10 19:43:59.859260,41,N/A
518,2025-01-10 19:44:00.112627,15,N/A
519,2025-01-10 19:44:00.399074,23,N/A
520,2025-01-10 19:44:00.702898,24,N/A
521,2025-01-10 19:44:00.989089,24,N/A
522,2025-01-10 19:44:01.256670,22,N/A
523,2025-01-10 19:44:01.554417,31,N/A
524,2025-01-10 19:44:01.892277,29,N/A
525,2025-01-10 19:44:02.211230,30,N/A
526,2025-01-10 19:44:02.585332,29,N/A
527,2025-01-10 19:44:02.803847,14,N/A
528,2025-01-10 19:44:03.129613,25,N/A
529,2025-01-10 19:44:03.407945,19,N/A
530,2025-01-10 19:44:03.897978,40,N/A
531,2025-01-10 19:44:04.179490,22,N/A
532,2025-01-10 19:44:04.564890,31,N/A
533,2025-01-10 19:44:04.848497,24,N/A
534,2025-01-10 19:44:05.162912,24,N/A
535,2025-01-10 19:44:05.367130,11,N/A
536,2025-01-10 19:44:05.721874,29,N/A
537,2025-01-10 19:44:06.164032,29,N/A
538,2025-01-10 19:44:06.469492,29,N/A
539,2025-01-10 19:44:06.854320,32,N/A
540,2025-01-10 19:44:07.096240,17,N/A
541,2025-01-10 19:44:07.388955,21,N/A
542,2025-01-10 19:44:08.248876,33,N/A
543,2025-01-10 19:44:09.164022,36,N/A
544,2025-01-10 19:44:09.748924,17,N/A
545,2025-01-10 19:44:10.338532,21,N/A
546,2025-01-10 19:44:11.040573,25,N/A
547,2025-01-10 19:44:12.201809,36,N/A
548,2025-01-10 19:44:13.229124,32,N/A
549,2025-01-10 19:44:13.978039,28,N/A
550,2025-01-10 19:44:14.763880,27,N/A
551,2025-01-10 19:44:15.387580,19,N/A
552,2025-01-10 19:44:16.486727,33,N/A
553,2025-01-10 19:44:17.114570,21,N/A
554,2025-01-10 19:44:18.217093,37,N/A
555,2025-01-10 19:44:18.739867,12,N/A
556,2025-01-10 19:44:19.985385,37,N/A
557,2025-01-10 19:44:20.594690,21,N/A
558,2025-01-10 19:44:21.028419,11,N/A
559,2025-01-10 19:44:21.873269,30,N/A
560,2025-01-10 19:44:22.662615,26,N/A
561,2025-01-10 19:44:23.213524,16,N/A
562,2025-01-10 19:44:23.879127,25,N/A
563,2025-01-10 19:44:24.621830,23,N/A
564,2025-01-10 19:44:25.750621,38,N/A
565,2025-01-10 19:44:26.552998,28,N/A
566,2025-01-10 19:44:27.249028,24,N/A
567,2025-01-10 19:44:28.065480,24,N/A
568,2025-01-10 19:44:28.801074,20,N/A
569,2025-01-10 19:44:29.588607,32,N/A
570,2025-01-10 19:44:30.213607,22,N/A
571,2025-01-10 19:44:30.944727,26,N/A
572,2025-01-10 19:44:31.390449,10,N/A
573,2025-01-10 19:44:32.179132,27,N/A
574,2025-01-10 19:44:32.994710,29,N/A
575,2025-01-10 19:44:33.640035,19,N/A
576,2025-01-10 19:44:34.079971,11,N/A
577,2025-01-10 19:44:35.140384,33,N/A
578,2025-01-10 19:44:35.550004,12,N/A
579,2025-01-10 19:44:36.193825,21,N/A
580,2025-01-10 19:44:37.036013,28,N/A
581,2025-01-10 19:44:37.882218,29,N/A
582,2025-01-10 19:44:39.046573,42,N/A
583,2025-01-10 19:44:39.780159,23,N/A
584,2025-01-10 19:44:40.415464,18,N/A
585,2025-01-10 19:44:41.455667,31,N/A
586,2025-01-10 19:44:42.059713,19,N/A
587,2025-01-10 19:44:43.118942,32,N/A
588,2025-01-10 19:44:43.631574,11,N/A
589,2025-01-10 19:44:44.275418,18,N/A
590,2025-01-10 19:44:44.838917,14,N/A
591,2025-01-10 19:44:45.857201,30,N/A
592,2025-01-10 19:44:46.548901,23,N/A
593,2025-01-10 19:44:47.407218,28,N/A
594,2025-01-10 19:44:48.420173,18,N/A
595,2025-01-10 19:44:48.977837,23,N/A
596,2025-01-10 19:44:49.626400,15,N/A
597,2025-01-10 19:44:50.605781,34,N/A
598,2025-01-10 19:44:51.093967,17,N/A
599,2025-01-10 19:44:52.232226,36,N/A
600,2025-01-10 19:44:53.081649,25,N/A
601,2025-01-10 19:44:53.898880,27,N/A
602,2025-01-10 19:44:55.024931,36,N/A
603,2025-01-10 19:44:55.623466,23,N/A
604,2025-01-10 19:44:56.638542,31,N/A
605,2025-01-10 19:44:57.262850,17,N/A
606,2025-01-10 19:44:58.275155,31,N/A
607,2025-01-10 19:44:59.184679,34,N/A
608,2025-01-10 19:45:00.032234,29,N/A
609,2025-01-10 19:45:00.477182,11,N/A
610,2025-01-10 19:45:01.655895,38,N/A
611,2025-01-10 19:45:02.087336,13,N/A
612,2025-01-10 19:45:02.692005,20,N/A
613,2025-01-10 19:45:03.475476,31,N/A
614,2025-01-10 19:45:04.690281,37,N/A
615,2025-01-10 19:45:05.359455,21,N/A
616,2025-01-10 19:45:05.881264,13,N/A
617,2025-01-10 19:45:06.506406,19,N/A
618,2025-01-10 19:45:07.359881,22,N/A
619,2025-01-10 19:45:08.115559,24,N/A
620,2025-01-10 19:45:08.763984,18,N/A
621,2025-01-10 19:45:09.629264,30,N/A
622,2025-01-10 19:45:10.321295,24,N/A
623,2025-01-10 19:45:11.205613,32,N/A
624,2025-01-10 19:45:11.890555,24,N/A
625,2025-01-10 19:45:12.423735,13,N/A
626,2025-01-10 19:45:12.854231,11,N/A
627,2025-01-10 19:45:13.888562,36,N/A
628,2025-01-10 19:45:14.586409,21,N/A
629,2025-01-10 19:45:15.473936,29,N/A
630,2025-01-10 19:45:16.024708,14,N/A
631,2025-01-10 19:45:16.859898,25,N/A
632,2025-01-10 19:45:17.278532,8,N/A
633,2025-01-10 19:45:17.778024,15,N/A
634,2025-01-10 19:45:18.306398,18,N/A
635,2025-01-10 19:45:18.838558,17,N/A
636,2025-01-10 19:45:19.437125,20,N/A
637,2025-01-10 19:45:20.219728,25,N/A
638,2025-01-10 19:45:20.565762,6,N/A
639,2025-01-10 19:45:21.367454,23,N/A
640,2025-01-10 19:45:22.080168,23,N/A
641,2025-01-10 19:45:22.627375,15,N/A
642,2025-01-10 19:45:23.298490,23,N/A
643,2025-01-10 19:45:24.193877,32,N/A
644,2025-01-10 19:45:24.549735,6,N/A
645,2025-01-10 19:45:25.175334,20,N/A
646,2025-01-10 19:45:25.872615,25,N/A
647,2025-01-10 19:45:26.309975,11,N/A
648,2025-01-10 19:45:27.261115,37,N/A
649,2025-01-10 19:45:28.030404,24,N/A
650,2025-01-10 19:45:28.617209,17,N/A
651,2025-01-10 19:45:29.123009,13,N/A
652,2025-01-10 19:45:30.386420,28,N/A
653,2025-01-10 19:45:31.500009,37,N/A
654,2025-01-10 19:45:32.552797,27,N/A
655,2025-01-10 19:45:34.196569,27,N/A
656,2025-01-10 19:45:34.936196,27,N/A
657,2025-01-10 19:45:35.561446,19,N/A
658,2025-01-10 19:45:36.079628,13,N/A
659,2025-01-10 19:45:36.499549,7,N/A
660,2025-01-10 19:45:37.003098,19,N/A
661,2025-01-10 19:45:37.914891,35,N/A
662,2025-01-10 19:45:38.673794,22,N/A
663,2025-01-10 19:45:39.412598,30,N/A
664,2025-01-10 19:45:40.107285,21,N/A
665,2025-01-10 19:45:41.234360,43,N/A
666,2025-01-10 19:45:41.981872,24,N/A
667,2025-01-10 19:45:42.720790,26,N/A
668,2025-01-10 19:45:43.618905,34,N/A
669,2025-01-10 19:45:44.380377,21,N/A
670,2025-01-10 19:45:45.026757,21,N/A
671,2025-01-10 19:45:45.666628,24,N/A
672,2025-01-10 19:45:46.308590,21,N/A
673,2025-01-10 19:45:47.388422,38,N/A
674,2025-01-10 19:45:48.402324,33,N/A
675,2025-01-10 19:45:49.502354,35,N/A
676,2025-01-10 19:45:50.116641,15,N/A
677,2025-01-10 19:45:51.337072,34,N/A
678,2025-01-10 19:45:52.094634,23,N/A
679,2025-01-10 19:45:52.952846,29,N/A
680,2025-01-10 19:45:53.539541,17,N/A
681,2025-01-10 19:45:54.913593,26,N/A
682,2025-01-10 19:45:55.790677,30,N/A
683,2025-01-10 19:45:56.354457,13,N/A
684,2025-01-10 19:45:57.509602,36,N/A
685,2025-01-10 19:45:58.384744,29,N/A
686,2025-01-10 19:45:59.207266,24,N/A
687,2025-01-10 19:46:00.938206,15,N/A
688,2025-01-10 19:46:01.408876,27,N/A
689,2025-01-10 19:46:01.855020,9,N/A
690,2025-01-10 19:46:02.374996,14,N/A
691,2025-01-10 19:46:03.086458,19,N/A
692,2025-01-10 19:46:03.861238,23,N/A
693,2025-01-10 19:46:04.497718,19,N/A
694,2025-01-10 19:46:05.327660,24,N/A
695,2025-01-10 19:46:06.248955,29,N/A
696,2025-01-10 19:46:06.825832,16,N/A
697,2025-01-10 19:46:07.506270,22,N/A
698,2025-01-10 19:46:08.407002,27,N/A
699,2025-01-10 19:46:09.136444,20,N/A
700,2025-01-10 19:46:09.554675,12,N/A
701,2025-01-10 19:46:10.061488,14,N/A
702,2025-01-10 19:46:11.011266,26,N/A
703,2025-01-10 19:46:11.679677,20,N/A
704,2025-01-10 19:46:12.323984,19,N/A
705,2025-01-10 19:46:13.200553,29,N/A
706,2025-01-10 19:46:13.861262,20,N/A
707,2025-01-10 19:46:15.125212,37,N/A
708,2025-01-10 19:46:15.855132,26,N/A
709,2025-01-10 19:46:17.012970,43,N/A
710,2025-01-10 19:46:17.598803,15,N/A
711,2025-01-10 19:46:18.286491,26,N/A
712,2025-01-10 19:46:19.384798,38,N/A
713,2025-01-10 19:46:19.982981,16,N/A
714,2025-01-10 19:46:20.697822,29,N/A
715,2025-01-10 19:46:22.028027,27,N/A
716,2025-01-10 19:46:23.044828,34,N/A
717,2025-01-10 19:46:24.046157,32,N/A
718,2025-01-10 19:46:25.076966,29,N/A
719,2025-01-10 19:46:25.945519,33,N/A
720,2025-01-10 19:46:26.654170,18,N/A
721,2025-01-10 19:46:27.117149,9,N/A
722,2025-01-10 19:46:27.954834,26,N/A
723,2025-01-10 19:46:28.996166,38,N/A
724,2025-01-10 19:46:29.629240,16,N/A
725,2025-01-10 19:46:30.003684,5,N/A
726,2025-01-10 19:46:30.582296,22,N/A
727,2025-01-10 19:46:31.377136,25,N/A
728,2025-01-10 19:46:32.039815,19,N/A
729,2025-01-10 19:46:32.555728,11,N/A
730,2025-01-10 19:46:33.671441,34,N/A
731,2025-01-10 19:46:34.364947,23,N/A
732,2025-01-10 19:46:35.461491,34,N/A
733,2025-01-10 19:46:36.051548,16,N/A
734,2025-01-10 19:46:36.876320,23,N/A
735,2025-01-10 19:46:37.472945,19,N/A
736,2025-01-10 19:46:38.118697,23,N/A
737,2025-01-10 19:46:38.766316,21,N/A
738,2025-01-10 19:46:39.502169,22,N/A
739,2025-01-10 19:46:40.599849,27,N/A
740,2025-01-10 19:46:40.933469,7,N/A
741,2025-01-10 19:46:41.550771,15,N/A
742,2025-01-10 19:46:42.777393,45,N/A
743,2025-01-10 19:46:43.377942,24,N/A
744,2025-01-10 19:46:43.980798,20,N/A
745,2025-01-10 19:46:44.607864,20,N/A
746,2025-01-10 19:46:45.352799,24,N/A
747,2025-01-10 19:46:45.932489,16,N/A
748,2025-01-10 19:47:26.108770,15,N/A
749,2025-01-10 19:47:27.355613,32,N/A
750,2025-01-10 19:47:27.667863,5,N/A
751,2025-01-10 19:47:28.190300,19,N/A
752,2025-01-10 19:47:28.709528,14,N/A
753,2025-01-10 19:47:29.654557,30,N/A
754,2025-01-10 19:47:30.156309,18,N/A
755,2025-01-10 19:47:30.882232,33,N/A
756,2025-01-10 19:47:31.503372,29,N/A
757,2025-01-10 19:47:32.100236,23,N/A
758,2025-01-10 19:47:32.725697,30,N/A
759,2025-01-10 19:47:33.217302,17,N/A
760,2025-01-10 19:47:33.859839,25,N/A
761,2025-01-10 19:47:34.372289,18,N/A
762,2025-01-10 19:47:34.922524,19,N/A
763,2025-01-10 19:47:35.438276,20,N/A
764,2025-01-10 19:48:24.330098,44,N/A
765,2025-01-10 19:48:24.980918,27,N/A
766,2025-01-10 19:48:25.637577,28,N/A
767,2025-01-10 19:48:26.181939,29,N/A
768,2025-01-10 19:48:26.781422,22,N/A
769,2025-01-10 19:48:27.419800,29,N/A
770,2025-01-10 19:48:27.874114,16,N/A
771,2025-01-10 19:48:28.417220,24,N/A
772,2025-01-10 19:48:29.098822,28,N/A
773,2025-01-10 19:48:29.581428,15,N/A
774,2025-01-10 19:48:30.463042,44,N/A
775,2025-01-10 19:49:16.244291,35,N/A
776,2025-01-10 19:49:16.760301,18,N/A
777,2025-01-10 19:49:17.321865,20,N/A
778,2025-01-10 19:49:18.119213,33,N/A
779,2025-01-10 19:49:18.643181,17,N/A
780,2025-01-10 19:49:19.425569,37,N/A
781,2025-01-10 19:49:19.949164,19,N/A
782,2025-01-10 19:49:20.490747,18,N/A
783,2025-01-10 19:49:21.300394,40,N/A
784,2025-01-10 19:49:21.789880,17,N/A
785,2025-01-10 19:49:22.518819,35,N/A
786,2025-01-10 19:49:22.915862,13,N/A
787,2025-01-10 19:50:18.571724,31,N/A
788,2025-01-10 19:50:19.171737,25,N/A
789,2025-01-10 19:50:19.881343,27,N/A
790,2025-01-10 19:50:20.366725,16,N/A
791,2025-01-10 19:50:20.993431,24,N/A
792,2025-01-10 19:50:21.420396,11,N/A
793,2025-01-10 19:50:22.001448,22,N/A
794,2025-01-10 19:50:22.550778,25,N/A
795,2025-01-10 19:50:23.112612,23,N/A
796,2025-01-10 19:50:23.600754,18,N/A
797,2025-01-10 19:50:24.139680,21,N/A
798,2025-01-10 19:50:24.688787,20,N/A
799,2025-01-10 19:51:04.715132,24,N/A
800,2025-01-10 19:51:05.165482,18,N/A
801,2025-01-10 19:51:06.182779,23,N/A
802,2025-01-10 19:51:08.211216,26,N/A
803,2025-01-10 19:51:09.612186,18,N/A
804,2025-01-10 19:51:10.667325,13,N/A
805,2025-01-10 19:51:11.309735,7,N/A
806,2025-01-10 20:08:43.885249,30,N/A
807,2025-01-10 20:08:45.356467,21,N/A
808,2025-01-10 20:08:46.217574,12,N/A
809,2025-01-10 20:24:32.223842,32,N/A
810,2025-01-10 20:24:34.294144,29,N/A
811,2025-01-10 20:24:35.275489,15,N/A
812,2025-01-10 20:24:41.745907,26,N/A
813,2025-01-10 20:24:43.437755,27,N/A
814,2025-01-10 20:24:45.301103,31,N/A
815,2025-01-10 20:24:46.097193,13,N/A
816,2025-01-10 20:39:50.989353,40,N/A
817,2025-01-10 20:39:52.566841,23,N/A
818,2025-01-10 20:39:54.525706,29,N/A
819,2025-01-10 20:56:33.225293,26,N/A
820,2025-01-10 20:56:36.276280,38,N/A
821,2025-01-10 20:57:22.885135,31,N/A
822,2025-01-10 20:57:23.872139,13,N/A
823,2025-01-10 20:57:24.864866,12,N/A
824,2025-01-10 20:57:26.982519,32,N/A
825,2025-01-10 20:57:28.253168,18,N/A
826,2025-01-10 20:59:01.548667,30,N/A
827,2025-01-10 20:59:03.419227,24,N/A
828,2025-01-10 20:59:05.732459,31,N/A
829,2025-01-10 20:59:07.161271,23,N/A
830,2025-01-10 21:00:05.805641,34,N/A
831,2025-01-10 21:00:07.250674,19,N/A
832,2025-01-10 21:00:09.073776,25,N/A
833,2025-01-10 21:00:56.003046,26,N/A
834,2025-01-10 21:00:57.350629,24,N/A
835,2025-01-10 21:01:00.336826,47,N/A
836,2025-01-10 21:01:02.438015,29,N/A
837,2025-01-10 21:01:52.146931,12,N/A
838,2025-01-10 21:01:54.339308,29,N/A
839,2025-01-10 21:01:56.170340,29,N/A
840,2025-01-10 21:01:58.212274,29,N/A
841,2025-01-10 21:18:04.140528,16,N/A
842,2025-01-10 21:18:06.782141,32,N/A
843,2025-01-10 21:18:08.038873,17,N/A
844,2025-01-10 21:35:29.108306,31,N/A
845,2025-01-10 21:35:30.524507,23,N/A
846,2025-01-10 21:47:40.446619,33,N/A
847,2025-01-10 21:47:41.924138,20,N/A
848,2025-01-10 21:47:43.145375,19,N/A
849,2025-01-10 21:47:43.760302,11,N/A
850,2025-01-10 21:47:44.559238,8,N/A
851,2025-01-10 21:47:45.246258,11,N/A
852,2025-01-10 22:05:19.025087,41,N/A
853,2025-01-10 22:05:19.676412,18,N/A
854,2025-01-10 22:05:21.106709,19,N/A
855,2025-01-10 22:05:23.188637,30,N/A
856,2025-01-10 22:06:09.559774,20,N/A
857,2025-01-10 22:06:11.680978,33,N/A
858,2025-01-10 22:06:14.126514,37,N/A
859,2025-01-10 22:06:59.465706,12,N/A
860,2025-01-10 22:07:01.793002,32,N/A
861,2025-01-10 22:07:02.663505,11,N/A
862,2025-01-10 22:07:03.554834,14,N/A
863,2025-01-10 22:07:05.152334,25,N/A
864,2025-01-10 22:08:02.254122,23,N/A
865,2025-01-10 22:08:03.370175,16,N/A
866,2025-01-10 22:08:05.582672,33,N/A
867,2025-01-10 22:08:07.770082,37,N/A
868,2025-01-10 22:08:52.595644,25,N/A
869,2025-01-10 22:08:54.052769,21,N/A
870,2025-01-10 22:08:55.417938,21,N/A
871,2025-01-10 22:08:58.158168,38,N/A
872,2025-01-10 22:09:45.623036,16,N/A
873,2025-01-10 22:09:46.957678,22,N/A
874,2025-01-10 22:09:48.650881,27,N/A
875,2025-01-10 22:09:50.822616,35,N/A
876,2025-01-10 22:27:43.512848,30,N/A
877,2025-01-10 22:27:44.337390,12,N/A
878,2025-01-10 22:27:45.315041,14,N/A
879,2025-01-10 22:27:46.735502,21,N/A
880,2025-01-10 22:27:47.704748,11,N/A
881,2025-01-10 22:28:51.803875,18,N/A
882,2025-01-10 22:28:53.741118,31,N/A
883,2025-01-10 22:28:55.577921,25,N/A
884,2025-01-10 22:28:56.350815,14,N/A
885,2025-01-10 22:28:57.955553,23,N/A
886,2025-01-10 22:45:22.836843,22,N/A
887,2025-01-10 22:45:24.176090,26,N/A
888,2025-01-10 22:48:39.238547,31,N/A
889,2025-01-10 22:48:42.587694,47,N/A
890,2025-01-10 22:48:44.409818,30,N/A
891,2025-01-10 22:48:45.916639,19,N/A
892,2025-01-10 23:03:54.391948,35,N/A
893,2025-01-10 23:03:55.407346,13,N/A
894,2025-01-10 23:03:56.856561,21,N/A
895,2025-01-10 23:19:57.870734,17,N/A
896,2025-01-10 23:19:59.699857,28,N/A
897,2025-01-10 23:20:00.539035,7,N/A
898,2025-01-10 23:20:01.719475,17,N/A
899,2025-01-10 23:20:50.713804,52,N/A
900,2025-01-10 23:20:52.201531,21,N/A
901,2025-01-10 23:21:40.760208,29,N/A
902,2025-01-10 23:21:43.716189,41,N/A
903,2025-01-10 23:21:45.831231,32,N/A
904,2025-01-10 23:22:32.968159,31,N/A
905,2025-01-10 23:22:35.477747,40,N/A
906,2025-01-10 23:22:37.202273,27,N/A
907,2025-01-10 23:22:39.429934,31,N/A
908,2025-01-10 23:23:30.957116,23,N/A
909,2025-01-10 23:23:33.570706,40,N/A
910,2025-01-10 23:23:34.428827,14,N/A
911,2025-01-10 23:23:35.795580,19,N/A
912,2025-01-10 23:24:24.936532,30,N/A
913,2025-01-10 23:24:26.020072,13,N/A
914,2025-01-10 23:24:27.163085,14,N/A
915,2025-01-10 23:24:29.198293,31,N/A
916,2025-01-10 23:24:30.879945,21,N/A
917,2025-01-10 23:40:08.290826,18,N/A
918,2025-01-10 23:40:09.157695,11,N/A
919,2025-01-10 23:40:10.400582,19,N/A
920,2025-01-10 23:49:39.453831,33,N/A
921,2025-01-10 23:49:41.254358,27,N/A
922,2025-01-10 23:49:42.444121,26,N/A
923,2025-01-10 23:49:43.038517,5,N/A
924,2025-01-10 23:49:45.667671,27,N/A
925,2025-01-11 00:05:46.574132,21,N/A
926,2025-01-11 00:05:47.820560,41,N/A
927,2025-01-11 00:05:49.633164,32,N/A
928,2025-01-11 00:21:02.718739,35,N/A
929,2025-01-11 00:21:03.914539,18,N/A
930,2025-01-11 00:21:04.997379,14,N/A
931,2025-01-11 00:21:05.920663,15,N/A
932,2025-01-11 00:38:16.606548,37,N/A
933,2025-01-11 00:38:17.921020,17,N/A
934,2025-01-11 00:38:19.461543,25,N/A
935,2025-01-11 00:50:39.755988,21,N/A
936,2025-01-11 00:50:40.562659,8,N/A
937,2025-01-11 00:50:41.955104,18,N/A
938,2025-01-11 00:50:43.630881,28,N/A
939,2025-01-11 00:50:44.564226,20,N/A
940,2025-01-11 00:50:45.119971,19,N/A
941,2025-01-11 00:50:45.533915,6,N/A
942,2025-01-11 00:50:46.296674,9,N/A
943,2025-01-11 00:50:47.969386,21,N/A
944,2025-01-11 00:50:49.449417,22,N/A
945,2025-01-11 00:50:50.584169,16,N/A
946,2025-01-11 00:54:47.139702,9,N/A
947,2025-01-11 00:54:49.392274,30,N/A
948,2025-01-11 00:54:51.285941,28,N/A
949,2025-01-11 00:54:52.360863,14,N/A
950,2025-01-11 00:54:53.704922,18,N/A
951,2025-01-11 00:54:55.262856,21,N/A
952,2025-01-11 00:54:56.729692,22,N/A
953,2025-01-11 00:54:57.280885,17,N/A
954,2025-01-11 00:55:01.101111,30,N/A
955,2025-01-11 00:55:02.572491,19,N/A
956,2025-01-11 00:55:03.577432,11,N/A
957,2025-01-11 01:10:31.750487,30,N/A
958,2025-01-11 01:10:32.517397,27,N/A
959,2025-01-11 01:10:33.047830,11,N/A
960,2025-01-11 01:10:34.622636,27,N/A
961,2025-01-11 01:10:37.187899,30,N/A
962,2025-01-11 01:10:39.165179,33,N/A
963,2025-01-11 01:10:40.729734,30,N/A
964,2025-01-11 01:10:42.121882,21,N/A
965,2025-01-11 01:10:43.870040,29,N/A
966,2025-01-11 01:10:45.342950,28,N/A
967,2025-01-11 01:10:46.376153,15,N/A
968,2025-01-11 01:10:47.819083,25,N/A
969,2025-01-11 01:10:49.861357,31,N/A
970,2025-01-11 01:10:51.566444,29,N/A
971,2025-01-11 01:10:54.005910,41,N/A
972,2025-01-11 01:10:54.918860,12,N/A
973,2025-01-11 01:10:57.345368,39,N/A
974,2025-01-11 01:10:58.446159,16,N/A
975,2025-01-11 01:10:59.797427,22,N/A
976,2025-01-11 01:11:01.025476,20,N/A
977,2025-01-11 01:11:02.276603,20,N/A
978,2025-01-11 01:11:04.489113,34,N/A
979,2025-01-11 01:11:05.676674,17,N/A
980,2025-01-11 01:11:07.191789,24,N/A
981,2025-01-11 01:11:08.737483,28,N/A
982,2025-01-11 01:11:11.131259,30,N/A
983,2025-01-11 01:11:12.461783,19,N/A
984,2025-01-11 01:26:31.015447,29,N/A
985,2025-01-11 01:26:32.771180,23,N/A
986,2025-01-11 01:26:34.464872,24,N/A
987,2025-01-11 01:26:35.327552,15,N/A
988,2025-01-11 01:26:36.825543,19,N/A
989,2025-01-11 01:26:38.667834,25,N/A
990,2025-01-11 01:26:40.010525,18,N/A
991,2025-01-11 01:26:41.657674,22,N/A
992,2025-01-11 01:26:43.053406,18,N/A
993,2025-01-11 01:26:44.391270,18,N/A
994,2025-01-11 01:26:46.623344,32,N/A
995,2025-01-11 01:26:47.219564,7,N/A
996,2025-01-11 01:26:48.279920,15,N/A
997,2025-01-11 01:26:49.167467,9,N/A
998,2025-01-11 01:26:49.922927,10,N/A
999,2025-01-11 01:26:51.117231,16,N/A
1000,2025-01-11 01:26:52.493048,20,N/A
1001,2025-01-11 01:26:53.981908,20,N/A
1002,2025-01-11 01:26:56.243677,27,N/A
1003,2025-01-11 01:26:57.835186,19,N/A
1004,2025-01-11 01:26:59.441641,25,N/A
1005,2025-01-11 01:27:01.122950,25,N/A
1006,2025-01-11 01:27:01.967488,10,N/A
1007,2025-01-11 01:27:03.543699,22,N/A
1008,2025-01-11 01:27:05.832637,35,N/A
1009,2025-01-11 01:27:08.308174,25,N/A
1010,2025-01-11 01:27:10.395395,30,N/A
1011,2025-01-11 01:27:11.547289,15,N/A
1012,2025-01-11 01:42:34.553056,24,N/A
1013,2025-01-11 01:42:35.609132,14,N/A
1014,2025-01-11 01:42:37.001540,17,N/A
1015,2025-01-11 01:42:38.997855,28,N/A
1016,2025-01-11 01:42:40.359703,23,N/A
1017,2025-01-11 01:42:41.917525,21,N/A
1018,2025-01-11 01:42:42.909969,11,N/A
1019,2025-01-11 01:42:44.333981,20,N/A
1020,2025-01-11 01:42:46.215765,27,N/A
1021,2025-01-11 01:42:48.091929,30,N/A
1022,2025-01-11 01:42:49.853863,26,N/A
1023,2025-01-11 01:42:51.714354,25,N/A
1024,2025-01-11 01:42:53.319505,23,N/A
1025,2025-01-11 01:42:54.196337,10,N/A
1026,2025-01-11 01:42:55.711824,23,N/A
1027,2025-01-11 01:42:57.303884,24,N/A
1028,2025-01-11 01:42:59.161400,28,N/A
1029,2025-01-11 01:43:01.511797,35,N/A
1030,2025-01-11 01:43:02.698440,22,N/A
1031,2025-01-11 01:43:04.759639,29,N/A
1032,2025-01-11 01:43:06.982335,36,N/A
1033,2025-01-11 01:43:08.860353,25,N/A
1034,2025-01-11 01:43:09.848822,13,N/A
1035,2025-01-11 01:43:11.437909,20,N/A
1036,2025-01-11 01:43:12.582538,17,N/A
1037,2025-01-11 01:43:14.120648,21,N/A
1038,2025-01-11 01:51:39.400744,20,N/A
1039,2025-01-11 01:51:40.971558,21,N/A
1040,2025-01-11 01:51:42.604749,21,N/A
1041,2025-01-11 01:51:43.747360,13,N/A
1042,2025-01-11 01:51:44.195472,5,N/A
1043,2025-01-11 01:51:45.747230,24,N/A
1044,2025-01-11 01:51:48.420298,37,N/A
1045,2025-01-11 01:51:50.002677,25,N/A
1046,2025-01-11 01:51:51.117814,12,N/A
1047,2025-01-11 01:51:52.490029,21,N/A
1048,2025-01-11 01:51:54.252995,22,N/A
1049,2025-01-11 01:51:55.630842,18,N/A
1050,2025-01-11 01:51:56.835512,17,N/A
1051,2025-01-11 01:51:58.487377,17,N/A
1052,2025-01-11 01:52:00.119693,20,N/A
1053,2025-01-11 01:52:01.183231,16,N/A
1054,2025-01-11 01:52:03.213923,28,N/A
1055,2025-01-11 01:52:04.899012,23,N/A
1056,2025-01-11 01:52:06.124415,17,N/A
1057,2025-01-11 01:52:07.140785,12,N/A
1058,2025-01-11 01:52:08.967661,24,N/A
1059,2025-01-11 01:52:10.698029,24,N/A
1060,2025-01-11 01:52:12.685124,28,N/A
1061,2025-01-11 01:52:15.115168,31,N/A
1062,2025-01-11 01:52:16.047660,16,N/A
1063,2025-01-11 01:52:17.840493,24,N/A
1064,2025-01-11 01:52:19.598262,26,N/A
1065,2025-01-11 01:52:20.897651,14,N/A
1066,2025-01-11 02:07:48.161510,21,N/A
1067,2025-01-11 02:07:49.112080,12,N/A
1068,2025-01-11 02:07:51.573113,38,N/A
1069,2025-01-11 02:07:53.425052,26,N/A
1070,2025-01-11 02:07:55.173175,21,N/A
1071,2025-01-11 02:07:57.153641,32,N/A
1072,2025-01-11 02:07:58.783388,24,N/A
1073,2025-01-11 02:07:59.778407,12,N/A
1074,2025-01-11 02:08:01.273016,19,N/A
1075,2025-01-11 02:08:02.730834,16,N/A
1076,2025-01-11 02:08:05.073973,29,N/A
1077,2025-01-11 02:08:06.239032,18,N/A
1078,2025-01-11 02:08:07.379787,14,N/A
1079,2025-01-11 02:08:08.122158,6,N/A
1080,2025-01-11 02:08:08.815772,9,N/A
1081,2025-01-11 02:08:10.082931,18,N/A
1082,2025-01-11 02:08:11.221003,14,N/A
1083,2025-01-11 02:08:12.858200,22,N/A
1084,2025-01-11 02:08:14.039100,15,N/A
1085,2025-01-11 02:08:16.000728,26,N/A
1086,2025-01-11 02:08:18.312840,32,N/A
1087,2025-01-11 02:08:19.801712,18,N/A
1088,2025-01-11 02:08:21.726899,29,N/A
1089,2025-01-11 02:08:23.943913,26,N/A
1090,2025-01-11 02:08:25.717669,22,N/A
1091,2025-01-11 02:08:28.884374,44,N/A
1092,2025-01-11 02:08:30.741336,23,N/A
1093,2025-01-11 02:08:32.413406,21,N/A
1094,2025-01-11 02:23:55.711283,12,N/A
1095,2025-01-11 02:23:56.781506,19,N/A
1096,2025-01-11 02:23:58.614264,21,N/A
1097,2025-01-11 02:23:59.452644,9,N/A
1098,2025-01-11 02:24:02.095836,22,N/A
1099,2025-01-11 02:24:03.618689,17,N/A
1100,2025-01-11 02:24:05.044086,19,N/A
1101,2025-01-11 02:24:07.423719,31,N/A
1102,2025-01-11 02:24:09.811639,31,N/A
1103,2025-01-11 02:24:11.121308,22,N/A
1104,2025-01-11 02:24:13.051324,27,N/A
1105,2025-01-11 02:24:13.975532,11,N/A
1106,2025-01-11 02:24:15.319128,20,N/A
1107,2025-01-11 02:24:16.284223,13,N/A
1108,2025-01-11 02:24:18.322990,32,N/A
1109,2025-01-11 02:24:19.224093,8,N/A
1110,2025-01-11 02:24:21.411509,26,N/A
1111,2025-01-11 02:24:23.277608,25,N/A
1112,2025-01-11 02:24:24.874490,19,N/A
1113,2025-01-11 02:24:26.844034,30,N/A
1114,2025-01-11 02:24:29.126316,35,N/A
1115,2025-01-11 02:24:29.865319,8,N/A
1116,2025-01-11 02:24:32.054715,31,N/A
1117,2025-01-11 02:24:33.237858,16,N/A
1118,2025-01-11 02:24:34.023194,8,N/A
1119,2025-01-11 02:24:36.034698,30,N/A
1120,2025-01-11 02:24:37.726264,25,N/A
1121,2025-01-11 02:40:01.807499,20,N/A
1122,2025-01-11 02:40:02.695660,9,N/A
1123,2025-01-11 02:40:05.529354,37,N/A
1124,2025-01-11 02:40:06.642346,18,N/A
1125,2025-01-11 02:40:08.355038,24,N/A
1126,2025-01-11 02:40:11.107200,38,N/A
1127,2025-01-11 02:40:12.733960,21,N/A
1128,2025-01-11 02:40:14.733755,28,N/A
1129,2025-01-11 02:40:16.992377,30,N/A
1130,2025-01-11 02:40:18.868512,23,N/A
1131,2025-01-11 02:40:20.420561,22,N/A
1132,2025-01-11 02:40:22.341884,28,N/A
1133,2025-01-11 02:40:23.827692,22,N/A
1134,2025-01-11 02:40:25.045552,14,N/A
1135,2025-01-11 02:40:26.391637,20,N/A
1136,2025-01-11 02:40:28.390284,29,N/A
1137,2025-01-11 02:40:30.714875,35,N/A
1138,2025-01-11 02:40:31.805027,14,N/A
1139,2025-01-11 02:40:33.436668,25,N/A
1140,2025-01-11 02:40:36.092548,34,N/A
1141,2025-01-11 02:40:37.148464,13,N/A
1142,2025-01-11 02:40:39.629523,35,N/A
1143,2025-01-11 02:40:40.580009,13,N/A
1144,2025-01-11 02:40:41.769846,12,N/A
1145,2025-01-11 02:40:42.944288,17,N/A
1146,2025-01-11 02:56:11.418965,34,N/A
1147,2025-01-11 02:56:12.480797,13,N/A
1148,2025-01-11 02:56:14.105772,24,N/A
1149,2025-01-11 02:56:15.534611,23,N/A
1150,2025-01-11 02:56:16.990342,22,N/A
1151,2025-01-11 02:56:18.983707,28,N/A
1152,2025-01-11 02:56:20.334310,21,N/A
1153,2025-01-11 02:56:23.129728,35,N/A
1154,2025-01-11 02:56:24.486771,21,N/A
1155,2025-01-11 02:56:26.214349,22,N/A
1156,2025-01-11 02:56:27.146795,9,N/A
1157,2025-01-11 02:56:28.071112,9,N/A
1158,2025-01-11 02:56:29.726873,25,N/A
1159,2025-01-11 02:56:31.175098,16,N/A
1160,2025-01-11 02:56:33.637742,39,N/A
1161,2025-01-11 02:56:34.684345,12,N/A
1162,2025-01-11 02:56:36.002563,17,N/A
1163,2025-01-11 02:56:37.527224,20,N/A
1164,2025-01-11 02:56:38.929891,19,N/A
1165,2025-01-11 02:56:41.010882,21,N/A
1166,2025-01-11 02:56:42.651845,24,N/A
1167,2025-01-11 02:56:44.013783,17,N/A
1168,2025-01-11 02:56:45.130229,16,N/A
1169,2025-01-11 02:56:46.651174,18,N/A
1170,2025-01-11 02:56:48.143811,22,N/A
1171,2025-01-11 02:56:50.263752,30,N/A
1172,2025-01-11 02:56:52.120848,25,N/A
1173,2025-01-11 03:12:19.469067,21,N/A
1174,2025-01-11 03:12:20.962187,21,N/A
1175,2025-01-11 03:12:23.099787,32,N/A
1176,2025-01-11 03:12:24.468927,21,N/A
1177,2025-01-11 03:12:25.969476,22,N/A
1178,2025-01-11 03:12:27.965061,29,N/A
1179,2025-01-11 03:12:29.308691,23,N/A
1180,2025-01-11 03:12:31.616304,32,N/A
1181,2025-01-11 03:12:33.141721,19,N/A
1182,2025-01-11 03:12:35.347226,37,N/A
1183,2025-01-11 03:12:37.200953,25,N/A
1184,2025-01-11 03:12:38.187645,14,N/A
1185,2025-01-11 03:12:39.391963,13,N/A
1186,2025-01-11 03:12:41.498539,32,N/A
1187,2025-01-11 03:12:42.639774,15,N/A
1188,2025-01-11 03:12:43.982125,17,N/A
1189,2025-01-11 03:12:46.598034,20,N/A
1190,2025-01-11 03:12:48.360980,25,N/A
1191,2025-01-11 03:12:49.580197,15,N/A
1192,2025-01-11 03:12:50.712933,14,N/A
1193,2025-01-11 03:12:52.395352,26,N/A
1194,2025-01-11 03:12:53.887766,21,N/A
1195,2025-01-11 03:12:55.880019,27,N/A
1196,2025-01-11 03:12:57.686509,27,N/A
1197,2025-01-11 03:12:59.303201,20,N/A
1198,2025-01-11 03:28:26.767793,19,N/A
1199,2025-01-11 03:28:28.392362,20,N/A
1200,2025-01-11 03:28:29.993173,20,N/A
1201,2025-01-11 03:28:31.116943,18,N/A
1202,2025-01-11 03:28:32.706180,21,N/A
1203,2025-01-11 03:28:34.343976,22,N/A
1204,2025-01-11 03:28:36.262499,25,N/A
1205,2025-01-11 03:28:38.615227,29,N/A
1206,2025-01-11 03:28:39.966743,18,N/A
1207,2025-01-11 03:28:41.510168,16,N/A
1208,2025-01-11 03:28:42.444900,13,N/A
1209,2025-01-11 03:28:43.426538,9,N/A
1210,2025-01-11 03:28:45.675431,32,N/A
1211,2025-01-11 03:28:47.439100,22,N/A
1212,2025-01-11 03:28:49.003667,23,N/A
1213,2025-01-11 03:28:50.121447,9,N/A
1214,2025-01-11 03:28:50.732667,8,N/A
1215,2025-01-11 03:28:51.823442,12,N/A
1216,2025-01-11 03:28:52.966627,15,N/A
1217,2025-01-11 03:28:54.149689,13,N/A
1218,2025-01-11 03:28:56.013348,24,N/A
1219,2025-01-11 03:28:57.167874,17,N/A
1220,2025-01-11 03:28:58.521232,18,N/A
1221,2025-01-11 03:29:00.026612,22,N/A
1222,2025-01-11 03:29:01.765422,26,N/A
1223,2025-01-11 03:29:03.071055,15,N/A
1224,2025-01-11 03:29:05.020890,30,N/A
1225,2025-01-11 03:29:06.218666,16,N/A
1226,2025-01-11 03:29:07.828740,23,N/A
1227,2025-01-11 03:44:35.224756,19,N/A
1228,2025-01-11 03:44:36.361626,12,N/A
1229,2025-01-11 03:44:37.191132,10,N/A
1230,2025-01-11 03:44:38.463974,16,N/A
1231,2025-01-11 03:44:40.393491,26,N/A
1232,2025-01-11 03:44:41.629318,16,N/A
1233,2025-01-11 03:44:43.101506,19,N/A
1234,2025-01-11 03:44:44.930833,23,N/A
1235,2025-01-11 03:44:46.273913,22,N/A
1236,2025-01-11 03:44:47.539433,21,N/A
1237,2025-01-11 03:44:50.173777,37,N/A
1238,2025-01-11 03:44:51.269993,17,N/A
1239,2025-01-11 03:44:53.523362,29,N/A
1240,2025-01-11 03:44:55.025319,20,N/A
1241,2025-01-11 03:44:57.339595,33,N/A
1242,2025-01-11 03:44:58.561995,21,N/A
1243,2025-01-11 03:45:00.504220,26,N/A
1244,2025-01-11 03:45:02.981000,36,N/A
1245,2025-01-11 03:45:04.596793,22,N/A
1246,2025-01-11 03:45:06.199300,23,N/A
1247,2025-01-11 03:45:07.696642,22,N/A
1248,2025-01-11 03:45:09.766940,25,N/A
1249,2025-01-11 03:45:11.359887,21,N/A
1250,2025-01-11 03:45:12.834423,19,N/A
1251,2025-01-11 03:45:13.941509,14,N/A
1252,2025-01-11 04:00:42.396860,34,N/A
1253,2025-01-11 04:00:44.032424,17,N/A
1254,2025-01-11 04:00:45.934223,30,N/A
1255,2025-01-11 04:00:47.979458,32,N/A
1256,2025-01-11 04:00:50.350534,40,N/A
1257,2025-01-11 04:00:51.467447,13,N/A
1258,2025-01-11 04:00:53.303960,27,N/A
1259,2025-01-11 04:00:55.512289,30,N/A
1260,2025-01-11 04:00:56.296855,7,N/A
1261,2025-01-11 04:00:57.845819,21,N/A
1262,2025-01-11 04:00:59.046654,15,N/A
1263,2025-01-11 04:01:00.262839,21,N/A
1264,2025-01-11 04:01:02.446630,31,N/A
1265,2025-01-11 04:01:04.907731,38,N/A
1266,2025-01-11 04:01:06.271569,16,N/A
1267,2025-01-11 04:01:07.722017,20,N/A
1268,2025-01-11 04:01:09.650914,29,N/A
1269,2025-01-11 04:01:11.169354,23,N/A
1270,2025-01-11 04:01:12.491517,19,N/A
1271,2025-01-11 04:01:14.587768,28,N/A
1272,2025-01-11 04:01:16.410107,27,N/A
1273,2025-01-11 04:01:17.937669,26,N/A
1274,2025-01-11 04:01:19.723197,26,N/A
1275,2025-01-11 04:01:21.856976,30,N/A
1276,2025-01-11 04:01:23.071868,11,N/A
1277,2025-01-11 04:01:24.338352,17,N/A
1278,2025-01-11 04:01:26.340582,16,N/A
1279,2025-01-11 04:01:27.838517,20,N/A
1280,2025-01-11 04:01:29.340099,20,N/A
1281,2025-01-11 04:01:30.620931,17,N/A
1282,2025-01-11 04:01:31.626320,15,N/A
1283,2025-01-11 04:16:59.681385,29,N/A
1284,2025-01-11 04:17:01.907770,18,N/A
1285,2025-01-11 04:17:02.998290,18,N/A
1286,2025-01-11 04:17:04.997797,29,N/A
1287,2025-01-11 04:17:06.081297,13,N/A
1288,2025-01-11 04:17:08.023828,28,N/A
1289,2025-01-11 04:17:09.610766,23,N/A
1290,2025-01-11 04:17:11.528837,33,N/A
1291,2025-01-11 04:17:12.565444,14,N/A
1292,2025-01-11 04:17:13.505899,11,N/A
1293,2025-01-11 04:17:14.997955,22,N/A
1294,2025-01-11 04:17:16.275980,20,N/A
1295,2025-01-11 04:17:17.273468,15,N/A
1296,2025-01-11 04:17:18.179382,10,N/A
1297,2025-01-11 04:17:19.702347,21,N/A
1298,2025-01-11 04:17:21.308522,18,N/A
1299,2025-01-11 04:17:23.386479,36,N/A
1300,2025-01-11 04:17:24.837984,21,N/A
1301,2025-01-11 04:17:26.360515,22,N/A
1302,2025-01-11 04:17:27.516234,17,N/A
1303,2025-01-11 04:17:29.417756,29,N/A
1304,2025-01-11 04:17:31.106978,24,N/A
1305,2025-01-11 04:17:32.330348,20,N/A
1306,2025-01-11 04:17:34.378997,26,N/A
1307,2025-01-11 04:17:35.980768,20,N/A
1308,2025-01-11 04:17:37.414073,24,N/A
1309,2025-01-11 04:17:38.392171,11,N/A
1310,2025-01-11 04:17:39.249292,10,N/A
1311,2025-01-11 04:17:40.463324,13,N/A
1312,2025-01-11 04:33:07.878822,23,N/A
1313,2025-01-11 04:33:09.532568,24,N/A
1314,2025-01-11 04:33:10.701991,12,N/A
1315,2025-01-11 04:33:12.602444,27,N/A
1316,2025-01-11 04:33:14.535514,26,N/A
1317,2025-01-11 04:33:16.113366,22,N/A
1318,2025-01-11 04:33:17.462656,16,N/A
1319,2025-01-11 04:33:18.282725,8,N/A
1320,2025-01-11 04:33:20.229542,26,N/A
1321,2025-01-11 04:33:21.463355,15,N/A
1322,2025-01-11 04:33:22.787947,18,N/A
1323,2025-01-11 04:33:24.803310,29,N/A
1324,2025-01-11 04:33:26.637028,31,N/A
1325,2025-01-11 04:33:28.821783,32,N/A
1326,2025-01-11 04:33:29.980349,17,N/A
1327,2025-01-11 04:33:31.011720,13,N/A
1328,2025-01-11 04:33:32.709159,25,N/A
1329,2025-01-11 04:33:34.281255,22,N/A
1330,2025-01-11 04:33:36.689924,34,N/A
1331,2025-01-11 04:33:38.269207,19,N/A
1332,2025-01-11 04:33:40.592870,32,N/A
1333,2025-01-11 04:33:42.546794,29,N/A
1334,2025-01-11 04:33:43.536909,15,N/A
1335,2025-01-11 04:33:45.196517,22,N/A
1336,2025-01-11 04:33:46.093113,9,N/A
1337,2025-01-11 04:33:46.962581,11,N/A
1338,2025-01-11 04:33:48.874166,30,N/A
1339,2025-01-11 04:49:15.983254,23,N/A
1340,2025-01-11 04:49:17.238467,17,N/A
1341,2025-01-11 04:49:19.870970,39,N/A
1342,2025-01-11 04:49:21.095430,20,N/A
1343,2025-01-11 04:49:22.324055,15,N/A
1344,2025-01-11 04:49:23.688248,18,N/A
1345,2025-01-11 04:49:24.705041,15,N/A
1346,2025-01-11 04:49:25.777500,12,N/A
1347,2025-01-11 04:49:27.270977,20,N/A
1348,2025-01-11 04:49:28.301008,16,N/A
1349,2025-01-11 04:49:29.267535,12,N/A
1350,2025-01-11 04:49:30.563636,19,N/A
1351,2025-01-11 04:49:32.063178,22,N/A
1352,2025-01-11 04:49:33.412619,21,N/A
1353,2025-01-11 04:49:34.611877,17,N/A
1354,2025-01-11 04:49:35.520515,12,N/A
1355,2025-01-11 04:49:36.580661,16,N/A
1356,2025-01-11 04:49:37.941572,20,N/A
1357,2025-01-11 04:49:40.225640,36,N/A
1358,2025-01-11 04:49:41.351464,14,N/A
1359,2025-01-11 04:49:42.526167,15,N/A
1360,2025-01-11 04:49:44.658204,30,N/A
1361,2025-01-11 04:49:46.713682,30,N/A
1362,2025-01-11 04:49:48.229008,24,N/A
1363,2025-01-11 04:49:49.614220,17,N/A
1364,2025-01-11 04:49:50.797640,13,N/A
1365,2025-01-11 04:49:51.839695,12,N/A
1366,2025-01-11 04:49:53.206262,20,N/A
1367,2025-01-11 04:49:54.457805,16,N/A
1368,2025-01-11 04:49:56.460344,33,N/A
1369,2025-01-11 05:05:23.210772,15,N/A
1370,2025-01-11 05:05:25.306719,33,N/A
1371,2025-01-11 05:05:26.681803,20,N/A
1372,2025-01-11 05:05:28.301547,24,N/A
1373,2025-01-11 05:05:30.100824,27,N/A
1374,2025-01-11 05:05:31.040369,13,N/A
1375,2025-01-11 05:05:32.590449,19,N/A
1376,2025-01-11 05:05:34.298621,27,N/A
1377,2025-01-11 05:05:35.579662,16,N/A
1378,2025-01-11 05:05:36.727702,15,N/A
1379,2025-01-11 05:05:37.743758,14,N/A
1380,2025-01-11 05:05:39.307297,26,N/A
1381,2025-01-11 05:05:40.480467,16,N/A
1382,2025-01-11 05:05:41.622543,14,N/A
1383,2025-01-11 05:05:43.553494,32,N/A
1384,2025-01-11 05:05:45.258628,22,N/A
1385,2025-01-11 05:05:47.190904,28,N/A
1386,2025-01-11 05:05:48.769368,22,N/A
1387,2025-01-11 05:05:51.242573,22,N/A
1388,2025-01-11 05:05:52.640727,18,N/A
1389,2025-01-11 05:05:54.672582,28,N/A
1390,2025-01-11 05:05:55.913657,16,N/A
1391,2025-01-11 05:05:57.120221,14,N/A
1392,2025-01-11 05:05:58.150889,14,N/A
1393,2025-01-11 05:05:59.556307,18,N/A
1394,2025-01-11 05:06:00.298712,7,N/A
1395,2025-01-11 05:06:01.688687,17,N/A
1396,2025-01-11 05:06:03.712774,26,N/A
1397,2025-01-11 05:06:04.573331,8,N/A
1398,2025-01-11 05:21:32.437888,30,N/A
1399,2025-01-11 05:21:33.959452,21,N/A
1400,2025-01-11 05:21:35.985883,33,N/A
1401,2025-01-11 05:21:36.592310,9,N/A
1402,2025-01-11 05:21:38.497665,29,N/A
1403,2025-01-11 05:21:39.587237,19,N/A
1404,2025-01-11 05:21:40.992263,21,N/A
1405,2025-01-11 05:21:42.296412,18,N/A
1406,2025-01-11 05:21:43.674730,20,N/A
1407,2025-01-11 05:21:44.519577,10,N/A
1408,2025-01-11 05:21:45.591484,17,N/A
1409,2025-01-11 05:21:47.738277,31,N/A
1410,2025-01-11 05:21:49.070707,17,N/A
1411,2025-01-11 05:21:50.922949,23,N/A
1412,2025-01-11 05:21:52.818249,27,N/A
1413,2025-01-11 05:21:54.151672,17,N/A
1414,2025-01-11 05:21:55.938168,25,N/A
1415,2025-01-11 05:21:57.005820,13,N/A
1416,2025-01-11 05:21:58.486574,19,N/A
1417,2025-01-11 05:22:00.851914,29,N/A
1418,2025-01-11 05:22:02.314859,22,N/A
1419,2025-01-11 05:22:03.598703,18,N/A
1420,2025-01-11 05:22:05.272818,22,N/A
1421,2025-01-11 05:22:07.176805,28,N/A
1422,2025-01-11 05:22:08.463876,18,N/A
1423,2025-01-11 05:22:09.415691,12,N/A
1424,2025-01-11 05:22:10.281610,8,N/A
1425,2025-01-11 05:22:11.450050,19,N/A
1426,2025-01-11 05:25:00.594057,23,N/A
1427,2025-01-11 05:25:01.639448,13,N/A
1428,2025-01-11 05:25:03.528194,25,N/A
1429,2025-01-11 05:25:04.734428,19,N/A
1430,2025-01-11 05:25:06.451403,29,N/A
1431,2025-01-11 05:40:33.689851,16,N/A
1432,2025-01-11 05:40:35.085283,17,N/A
1433,2025-01-11 05:40:36.666931,28,N/A
1434,2025-01-11 05:40:38.306201,26,N/A
1435,2025-01-11 05:40:39.184961,16,N/A
1436,2025-01-11 05:40:41.459098,33,N/A
1437,2025-01-11 05:40:42.718721,15,N/A
1438,2025-01-11 05:40:44.137088,23,N/A
1439,2025-01-11 05:40:45.463751,15,N/A
1440,2025-01-11 05:40:46.896485,16,N/A
1441,2025-01-11 05:40:49.896437,37,N/A
1442,2025-01-11 05:40:51.269335,18,N/A
1443,2025-01-11 05:40:53.737565,31,N/A
1444,2025-01-11 05:40:55.382713,23,N/A
1445,2025-01-11 05:40:56.787351,25,N/A
1446,2025-01-11 05:40:58.201397,19,N/A
1447,2025-01-11 05:40:59.113464,9,N/A
1448,2025-01-11 05:41:01.149965,25,N/A
1449,2025-01-11 05:41:02.906877,24,N/A
1450,2025-01-11 05:41:03.955337,14,N/A
1451,2025-01-11 05:41:05.771069,27,N/A
1452,2025-01-11 05:41:06.969486,17,N/A
1453,2025-01-11 05:41:08.703770,23,N/A
1454,2025-01-11 05:41:10.764995,34,N/A
1455,2025-01-11 05:41:12.984069,32,N/A
1456,2025-01-11 05:41:15.090290,26,N/A
1457,2025-01-11 05:56:41.856297,11,N/A
1458,2025-01-11 05:56:44.417508,39,N/A
1459,2025-01-11 05:56:45.489721,19,N/A
1460,2025-01-11 05:56:46.642294,14,N/A
1461,2025-01-11 05:56:47.384580,8,N/A
1462,2025-01-11 05:56:48.537103,15,N/A
1463,2025-01-11 05:56:50.558906,27,N/A
1464,2025-01-11 05:56:51.835917,14,N/A
1465,2025-01-11 05:56:53.392917,17,N/A
1466,2025-01-11 05:56:54.444023,13,N/A
1467,2025-01-11 05:56:56.056730,23,N/A
1468,2025-01-11 05:56:57.603412,20,N/A
1469,2025-01-11 05:56:58.749994,13,N/A
1470,2025-01-11 05:57:00.261319,20,N/A
1471,2025-01-11 05:57:01.427623,19,N/A
1472,2025-01-11 05:57:02.618313,17,N/A
1473,2025-01-11 05:57:03.401850,8,N/A
1474,2025-01-11 05:57:04.463627,13,N/A
1475,2025-01-11 05:57:05.689695,17,N/A
1476,2025-01-11 05:57:07.443716,25,N/A
1477,2025-01-11 05:57:10.200675,41,N/A
1478,2025-01-11 05:57:11.424519,17,N/A
1479,2025-01-11 05:57:13.593040,28,N/A
1480,2025-01-11 05:57:14.707211,13,N/A
1481,2025-01-11 05:57:15.738442,12,N/A
1482,2025-01-11 05:57:18.180009,37,N/A
1483,2025-01-11 05:57:19.560144,18,N/A
1484,2025-01-11 05:57:20.931281,18,N/A
1485,2025-01-11 05:57:22.790778,25,N/A
1486,2025-01-11 06:00:59.847863,12,N/A
1487,2025-01-11 06:01:01.368521,25,N/A
1488,2025-01-11 06:01:02.843619,17,N/A
1489,2025-01-11 06:01:03.988586,15,N/A
1490,2025-01-11 06:01:05.492319,19,N/A
1491,2025-01-11 06:16:12.330190,29,N/A
1492,2025-01-11 06:16:13.714957,16,N/A
1493,2025-01-11 06:16:15.087259,18,N/A
1494,2025-01-11 06:16:16.085832,16,N/A
1495,2025-01-11 06:16:17.734116,24,N/A
1496,2025-01-11 06:16:18.925257,16,N/A
1497,2025-01-11 06:16:21.224752,31,N/A
1498,2025-01-11 06:16:23.181974,29,N/A
1499,2025-01-11 06:16:24.643802,22,N/A
1500,2025-01-11 06:16:26.697724,36,N/A
1501,2025-01-11 06:16:28.519477,26,N/A
1502,2025-01-11 06:16:29.915842,19,N/A
1503,2025-01-11 06:16:31.873206,34,N/A
1504,2025-01-11 06:16:34.662035,37,N/A
1505,2025-01-11 06:16:36.090903,17,N/A
1506,2025-01-11 06:16:37.546805,19,N/A
1507,2025-01-11 06:16:38.987739,20,N/A
1508,2025-01-11 06:16:40.294396,15,N/A
1509,2025-01-11 06:16:41.740755,21,N/A
1510,2025-01-11 06:16:42.630310,13,N/A
1511,2025-01-11 06:16:43.931169,17,N/A
1512,2025-01-11 06:16:46.199861,33,N/A
1513,2025-01-11 06:16:49.479053,48,N/A
1514,2025-01-11 06:16:51.603851,27,N/A
1515,2025-01-11 06:16:53.045534,19,N/A
1516,2025-01-11 06:32:20.797591,23,N/A
1517,2025-01-11 06:32:22.159906,16,N/A
1518,2025-01-11 06:32:24.015926,31,N/A
1519,2025-01-11 06:32:25.480480,20,N/A
1520,2025-01-11 06:32:27.771891,33,N/A
1521,2025-01-11 06:32:29.390937,26,N/A
1522,2025-01-11 06:32:30.943506,22,N/A
1523,2025-01-11 06:32:32.914964,28,N/A
1524,2025-01-11 06:32:34.715263,24,N/A
1525,2025-01-11 06:32:36.097284,19,N/A
1526,2025-01-11 06:32:38.954427,36,N/A
1527,2025-01-11 06:32:39.808966,11,N/A
1528,2025-01-11 06:32:41.379348,22,N/A
1529,2025-01-11 06:32:42.356750,10,N/A
1530,2025-01-11 06:32:43.647426,18,N/A
1531,2025-01-11 06:32:45.027304,17,N/A
1532,2025-01-11 06:32:46.198439,15,N/A
1533,2025-01-11 06:32:47.589034,19,N/A
1534,2025-01-11 06:32:49.039515,19,N/A
1535,2025-01-11 06:32:50.998745,24,N/A
1536,2025-01-11 06:32:53.137950,33,N/A
1537,2025-01-11 06:32:54.457280,20,N/A
1538,2025-01-11 06:32:55.862859,22,N/A
1539,2025-01-11 06:32:58.274113,30,N/A
1540,2025-01-11 06:32:59.715317,16,N/A
1541,2025-01-11 06:41:51.316058,25,N/A
1542,2025-01-11 06:41:53.463308,26,N/A
1543,2025-01-11 06:41:55.547615,27,N/A
1544,2025-01-11 06:41:56.599748,13,N/A
1545,2025-01-11 06:41:58.228595,26,N/A
1546,2025-01-11 06:41:59.485757,15,N/A
1547,2025-01-11 06:42:01.588130,26,N/A
1548,2025-01-11 06:42:03.260131,24,N/A
1549,2025-01-11 06:42:05.319272,32,N/A
1550,2025-01-11 06:42:07.205338,26,N/A
1551,2025-01-11 06:42:08.210178,10,N/A
1552,2025-01-11 06:42:10.412510,36,N/A
1553,2025-01-11 06:42:11.527426,15,N/A
1554,2025-01-11 06:42:13.684203,28,N/A
1555,2025-01-11 06:42:15.192984,21,N/A
1556,2025-01-11 06:42:17.463767,30,N/A
1557,2025-01-11 06:42:18.865010,17,N/A
1558,2025-01-11 06:42:20.853109,29,N/A
1559,2025-01-11 06:42:21.940100,13,N/A
1560,2025-01-11 06:42:23.315360,21,N/A
1561,2025-01-11 06:42:25.347708,31,N/A
1562,2025-01-11 06:42:27.440679,30,N/A
1563,2025-01-11 06:42:28.506193,13,N/A
1564,2025-01-11 06:42:29.510930,10,N/A
1565,2025-01-11 06:42:30.591720,13,N/A
1566,2025-01-11 06:42:31.475704,9,N/A
1567,2025-01-11 06:57:59.852118,35,N/A
1568,2025-01-11 06:58:00.956882,13,N/A
1569,2025-01-11 06:58:03.058326,31,N/A
1570,2025-01-11 06:58:04.547916,25,N/A
1571,2025-01-11 06:58:05.877081,22,N/A
1572,2025-01-11 06:58:08.308107,30,N/A
1573,2025-01-11 06:58:10.970702,38,N/A
1574,2025-01-11 06:58:12.417225,23,N/A
1575,2025-01-11 06:58:13.843280,18,N/A
1576,2025-01-11 06:58:15.283559,21,N/A
1577,2025-01-11 06:58:17.168566,21,N/A
1578,2025-01-11 06:58:19.007803,27,N/A
1579,2025-01-11 06:58:20.839723,30,N/A
1580,2025-01-11 06:58:21.858364,13,N/A
1581,2025-01-11 06:58:23.066805,13,N/A
1582,2025-01-11 06:58:24.628859,23,N/A
1583,2025-01-11 06:58:25.662146,12,N/A
1584,2025-01-11 06:58:27.259123,23,N/A
1585,2025-01-11 06:58:28.271335,12,N/A
1586,2025-01-11 06:58:29.746608,20,N/A
1587,2025-01-11 06:58:31.533716,29,N/A
1588,2025-01-11 06:58:33.854799,36,N/A
1589,2025-01-11 06:58:35.746057,26,N/A
1590,2025-01-11 06:58:37.152167,22,N/A
1591,2025-01-11 06:58:38.248823,11,N/A
1592,2025-01-11 06:58:39.403816,13,N/A
1593,2025-01-11 06:58:40.584429,16,N/A
1594,2025-01-11 07:14:07.574633,14,N/A
1595,2025-01-11 07:14:08.749887,16,N/A
1596,2025-01-11 07:14:11.155610,20,N/A
1597,2025-01-11 07:14:12.400446,14,N/A
1598,2025-01-11 07:14:13.794026,18,N/A
1599,2025-01-11 07:14:15.461416,22,N/A
1600,2025-01-11 07:14:17.429496,31,N/A
1601,2025-01-11 07:14:18.847614,19,N/A
1602,2025-01-11 07:14:20.080648,17,N/A
1603,2025-01-11 07:14:21.193427,15,N/A
1604,2025-01-11 07:14:23.066422,32,N/A
1605,2025-01-11 07:14:25.922324,40,N/A
1606,2025-01-11 07:14:29.054106,40,N/A
1607,2025-01-11 07:29:54.998302,11,N/A
1608,2025-01-11 07:29:56.619047,22,N/A
1609,2025-01-11 07:29:57.840606,13,N/A
1610,2025-01-11 07:29:58.937841,14,N/A
1611,2025-01-11 07:30:00.315077,19,N/A
1612,2025-01-11 07:30:02.342381,32,N/A
1613,2025-01-11 07:30:03.933741,23,N/A
1614,2025-01-11 07:30:05.339742,19,N/A
1615,2025-01-11 07:30:06.706048,20,N/A
1616,2025-01-11 07:30:08.027062,15,N/A
1617,2025-01-11 07:30:09.096341,16,N/A
1618,2025-01-11 07:30:10.962463,28,N/A
1619,2025-01-11 07:30:12.142958,15,N/A
1620,2025-01-11 07:30:13.868539,25,N/A
1621,2025-01-11 07:30:14.964265,12,N/A
1622,2025-01-11 07:30:15.586938,5,N/A
1623,2025-01-11 07:30:16.470409,16,N/A
1624,2025-01-11 07:30:17.568267,12,N/A
1625,2025-01-11 07:30:19.142503,19,N/A
1626,2025-01-11 07:30:20.069631,10,N/A
1627,2025-01-11 07:30:21.338062,17,N/A
1628,2025-01-11 07:30:22.442947,16,N/A
1629,2025-01-11 07:30:23.848635,24,N/A
1630,2025-01-11 07:30:24.953087,12,N/A
1631,2025-01-11 07:30:26.250141,21,N/A
1632,2025-01-11 07:30:27.255501,10,N/A
1633,2025-01-11 07:30:27.895007,7,N/A
1634,2025-01-11 07:30:29.838298,27,N/A
1635,2025-01-11 07:30:30.665695,12,N/A
1636,2025-01-11 07:30:31.481790,7,N/A
1637,2025-01-11 07:30:32.741477,18,N/A
1638,2025-01-11 07:30:34.580021,27,N/A
1639,2025-01-11 07:30:35.583034,13,N/A
1640,2025-01-11 07:46:04.058673,30,N/A
1641,2025-01-11 07:46:05.419146,21,N/A
1642,2025-01-11 07:46:06.416246,12,N/A
1643,2025-01-11 07:46:07.803683,24,N/A
1644,2025-01-11 07:46:09.563856,27,N/A
1645,2025-01-11 07:46:11.340927,27,N/A
1646,2025-01-11 07:46:12.433743,15,N/A
1647,2025-01-11 07:46:14.170289,28,N/A
1648,2025-01-11 07:46:15.500657,21,N/A
1649,2025-01-11 07:46:17.613969,31,N/A
1650,2025-01-11 07:46:19.172580,25,N/A
1651,2025-01-11 07:46:20.718359,19,N/A
1652,2025-01-11 07:46:22.236665,21,N/A
1653,2025-01-11 07:46:23.272962,12,N/A
1654,2025-01-11 07:46:25.397036,30,N/A
1655,2025-01-11 07:46:27.884917,47,N/A
1656,2025-01-11 07:46:30.094438,27,N/A
1657,2025-01-11 07:46:30.845600,6,N/A
1658,2025-01-11 07:46:32.120862,19,N/A
1659,2025-01-11 07:46:32.783915,6,N/A
1660,2025-01-11 07:46:34.609520,29,N/A
1661,2025-01-11 07:46:37.271583,42,N/A
1662,2025-01-11 07:46:38.805965,21,N/A
1663,2025-01-11 07:46:40.066047,14,N/A
1664,2025-01-11 07:46:40.930984,11,N/A
1665,2025-01-11 07:46:42.432576,18,N/A
1666,2025-01-11 07:46:43.349396,9,N/A
1667,2025-01-11 07:46:44.169730,12,N/A
1668,2025-01-11 08:01:49.688936,19,N/A
1669,2025-01-11 08:01:51.732207,32,N/A
1670,2025-01-11 08:01:52.456584,9,N/A
1671,2025-01-11 08:01:53.545371,23,N/A
1672,2025-01-11 08:01:55.141904,21,N/A
1673,2025-01-11 08:01:56.328907,17,N/A
1674,2025-01-11 08:01:57.933311,23,N/A
1675,2025-01-11 08:01:59.220980,19,N/A
1676,2025-01-11 08:02:01.481368,32,N/A
1677,2025-01-11 08:02:03.249757,25,N/A
1678,2025-01-11 08:02:04.922677,21,N/A
1679,2025-01-11 08:02:06.093208,15,N/A
1680,2025-01-11 08:02:07.042752,10,N/A
1681,2025-01-11 08:02:07.803295,7,N/A
1682,2025-01-11 08:02:09.506433,25,N/A
1683,2025-01-11 08:02:10.897872,18,N/A
1684,2025-01-11 08:02:13.226200,31,N/A
1685,2025-01-11 08:02:14.778364,18,N/A
1686,2025-01-11 08:02:15.820271,16,N/A
1687,2025-01-11 08:02:17.291322,17,N/A
1688,2025-01-11 08:02:19.253794,27,N/A
1689,2025-01-11 08:02:20.179015,13,N/A
1690,2025-01-11 08:02:21.575746,21,N/A
1691,2025-01-11 08:02:23.506794,26,N/A
1692,2025-01-11 08:02:24.895008,18,N/A
1693,2025-01-11 08:02:27.043455,31,N/A
1694,2025-01-11 08:02:28.027963,12,N/A
1695,2025-01-11 08:02:29.563138,21,N/A
1696,2025-01-11 08:02:30.957052,20,N/A
1697,2025-01-11 08:17:58.351066,28,N/A
1698,2025-01-11 08:18:00.406795,31,N/A
1699,2025-01-11 08:18:01.519039,14,N/A
1700,2025-01-11 08:18:03.344438,26,N/A
1701,2025-01-11 08:18:03.964950,5,N/A
1702,2025-01-11 08:18:05.516322,22,N/A
1703,2025-01-11 08:18:07.112991,21,N/A
1704,2025-01-11 08:18:08.520737,17,N/A
1705,2025-01-11 08:18:10.283122,26,N/A
1706,2025-01-11 08:18:11.137183,9,N/A
1707,2025-01-11 08:18:13.662828,40,N/A
1708,2025-01-11 08:18:14.357615,4,N/A
1709,2025-01-11 08:18:16.738681,34,N/A
1710,2025-01-11 08:18:18.067093,18,N/A
1711,2025-01-11 08:18:18.697116,14,N/A
1712,2025-01-11 08:18:20.346617,25,N/A
1713,2025-01-11 08:18:21.950956,17,N/A
1714,2025-01-11 08:18:23.330455,16,N/A
1715,2025-01-11 08:18:27.047863,34,N/A
1716,2025-01-11 08:18:28.350545,20,N/A
1717,2025-01-11 08:18:29.913150,25,N/A
1718,2025-01-11 08:18:30.924216,15,N/A
1719,2025-01-11 08:18:32.699606,26,N/A
1720,2025-01-11 08:18:33.900040,14,N/A
1721,2025-01-11 08:18:35.390711,18,N/A
1722,2025-01-11 08:18:36.719954,20,N/A
1723,2025-01-11 08:33:42.131801,29,N/A
1724,2025-01-11 08:33:43.765030,23,N/A
1725,2025-01-11 08:33:45.971891,34,N/A
1726,2025-01-11 08:33:47.984710,26,N/A
1727,2025-01-11 08:33:49.835261,28,N/A
1728,2025-01-11 08:33:51.502725,22,N/A
1729,2025-01-11 08:33:53.450242,28,N/A
1730,2025-01-11 08:33:54.944220,21,N/A
1731,2025-01-11 08:33:56.354583,19,N/A
1732,2025-01-11 08:33:57.122728,7,N/A
1733,2025-01-11 08:33:58.188882,8,N/A
1734,2025-01-11 08:33:59.675192,20,N/A
1735,2025-01-11 08:34:00.990021,17,N/A
1736,2025-01-11 08:34:02.753809,25,N/A
1737,2025-01-11 08:34:04.110571,17,N/A
1738,2025-01-11 08:34:04.943777,7,N/A
1739,2025-01-11 08:34:06.731582,23,N/A
1740,2025-01-11 08:34:08.523777,23,N/A
1741,2025-01-11 08:34:10.552934,26,N/A
1742,2025-01-11 08:34:12.100593,21,N/A
1743,2025-01-11 08:34:14.347220,30,N/A
1744,2025-01-11 08:34:15.878659,20,N/A
1745,2025-01-11 08:34:17.489047,24,N/A
1746,2025-01-11 08:34:19.962461,35,N/A
1747,2025-01-11 08:34:21.651132,19,N/A
1748,2025-01-11 08:34:23.062120,20,N/A
1749,2025-01-11 08:49:26.449103,17,N/A
1750,2025-01-11 08:49:28.100972,21,N/A
1751,2025-01-11 08:49:29.542229,22,N/A
1752,2025-01-11 08:49:30.355113,14,N/A
1753,2025-01-11 08:49:32.581445,30,N/A
1754,2025-01-11 08:49:34.285759,26,N/A
1755,2025-01-11 08:49:36.439963,33,N/A
1756,2025-01-11 08:49:37.568043,14,N/A
1757,2025-01-11 08:49:39.377345,24,N/A
1758,2025-01-11 08:49:40.929642,24,N/A
1759,2025-01-11 08:49:43.255499,37,N/A
1760,2025-01-11 08:49:44.717308,21,N/A
1761,2025-01-11 08:49:46.229827,23,N/A
1762,2025-01-11 08:49:47.834947,22,N/A
1763,2025-01-11 08:49:48.666981,12,N/A
1764,2025-01-11 08:49:49.844729,12,N/A
1765,2025-01-11 08:49:52.019455,30,N/A
1766,2025-01-11 08:49:53.478208,19,N/A
1767,2025-01-11 08:49:55.046984,24,N/A
1768,2025-01-11 08:49:56.527985,22,N/A
1769,2025-01-11 08:49:58.248848,30,N/A
1770,2025-01-11 08:50:00.097835,30,N/A
1771,2025-01-11 08:50:02.202433,29,N/A
1772,2025-01-11 08:50:04.021700,27,N/A
1773,2025-01-11 08:50:05.711327,21,N/A
1774,2025-01-11 08:50:06.630399,10,N/A
1775,2025-01-11 09:02:50.346725,17,N/A
1776,2025-01-11 09:02:51.820202,17,N/A
1777,2025-01-11 09:02:53.637274,22,N/A
1778,2025-01-11 09:02:55.469921,24,N/A
1779,2025-01-11 09:02:56.720928,20,N/A
1780,2025-01-11 09:02:57.632670,9,N/A
1781,2025-01-11 09:02:59.057660,19,N/A
1782,2025-01-11 09:03:00.752657,23,N/A
1783,2025-01-11 09:03:02.153922,16,N/A
1784,2025-01-11 09:03:03.988069,19,N/A
1785,2025-01-11 09:03:05.271116,17,N/A
1786,2025-01-11 09:03:06.667054,20,N/A
1787,2025-01-11 09:03:08.721034,30,N/A
1788,2025-01-11 09:03:10.423844,25,N/A
1789,2025-01-11 09:03:11.097616,7,N/A
1790,2025-01-11 09:03:11.832993,7,N/A
1791,2025-01-11 09:03:13.514209,22,N/A
1792,2025-01-11 09:03:14.815052,14,N/A
1793,2025-01-11 09:03:16.810060,29,N/A
1794,2025-01-11 09:03:18.299138,23,N/A
1795,2025-01-11 09:03:19.073008,7,N/A
1796,2025-01-11 09:03:20.313896,15,N/A
1797,2025-01-11 09:03:21.494124,17,N/A
1798,2025-01-11 09:03:23.003413,19,N/A
1799,2025-01-11 09:03:24.753436,25,N/A
1800,2025-01-11 09:03:26.363315,24,N/A
1801,2025-01-11 09:03:27.802328,18,N/A
1802,2025-01-11 09:03:30.018027,28,N/A
1803,2025-01-11 09:03:32.281877,33,N/A
1804,2025-01-11 09:19:00.686375,32,N/A
1805,2025-01-11 09:19:03.318995,35,N/A
1806,2025-01-11 09:19:04.942042,29,N/A
1807,2025-01-11 09:19:06.774373,23,N/A
1808,2025-01-11 09:19:08.086173,20,N/A
1809,2025-01-11 09:19:09.724145,22,N/A
1810,2025-01-11 09:19:10.923962,12,N/A
1811,2025-01-11 09:19:13.105062,25,N/A
1812,2025-01-11 09:19:14.811264,22,N/A
1813,2025-01-11 09:19:15.736327,11,N/A
1814,2025-01-11 09:19:17.020267,14,N/A
1815,2025-01-11 09:19:18.474972,17,N/A
1816,2025-01-11 09:19:19.559374,16,N/A
1817,2025-01-11 09:19:20.976499,20,N/A
1818,2025-01-11 09:19:22.702578,17,N/A
1819,2025-01-11 09:19:23.531256,8,N/A
1820,2025-01-11 09:19:24.225135,5,N/A
1821,2025-01-11 09:19:25.862693,21,N/A
1822,2025-01-11 09:19:27.575070,21,N/A
1823,2025-01-11 09:19:30.236112,43,N/A
1824,2025-01-11 09:19:31.535729,17,N/A
1825,2025-01-11 09:19:33.637544,30,N/A
1826,2025-01-11 09:19:34.492239,8,N/A
1827,2025-01-11 09:19:36.270461,25,N/A
1828,2025-01-11 09:19:37.764604,22,N/A
1829,2025-01-11 09:19:38.433060,7,N/A
1830,2025-01-11 09:19:41.232388,37,N/A
1831,2025-01-11 09:35:08.952264,27,N/A
1832,2025-01-11 09:35:10.658569,22,N/A
1833,2025-01-11 09:35:13.619523,37,N/A
1834,2025-01-11 09:35:15.604074,26,N/A
1835,2025-01-11 09:35:16.796658,20,N/A
1836,2025-01-11 09:35:17.683962,9,N/A
1837,2025-01-11 09:35:19.132174,21,N/A
1838,2025-01-11 09:35:21.102876,28,N/A
1839,2025-01-11 09:35:23.826963,15,N/A
1840,2025-01-11 09:35:25.461851,23,N/A
1841,2025-01-11 09:35:26.595701,14,N/A
1842,2025-01-11 09:35:27.567675,10,N/A
1843,2025-01-11 09:35:29.107161,25,N/A
1844,2025-01-11 09:35:30.674311,23,N/A
1845,2025-01-11 09:35:32.763883,29,N/A
1846,2025-01-11 09:35:35.313319,34,N/A
1847,2025-01-11 09:35:36.434653,14,N/A
1848,2025-01-11 09:35:37.787001,17,N/A
1849,2025-01-11 09:35:40.232770,32,N/A
1850,2025-01-11 09:35:42.081860,24,N/A
1851,2025-01-11 09:35:43.507528,18,N/A
1852,2025-01-11 09:35:45.106318,24,N/A
1853,2025-01-11 09:35:47.122300,29,N/A
1854,2025-01-11 09:35:49.890147,33,N/A
1855,2025-01-11 09:51:17.887412,26,N/A
1856,2025-01-11 09:51:19.127463,14,N/A
1857,2025-01-11 09:51:20.663444,20,N/A
1858,2025-01-11 09:51:22.945039,29,N/A
1859,2025-01-11 09:51:24.945166,33,N/A
1860,2025-01-11 09:51:25.911458,13,N/A
1861,2025-01-11 09:51:28.503434,40,N/A
1862,2025-01-11 09:51:29.832193,18,N/A
1863,2025-01-11 09:51:30.687622,8,N/A
1864,2025-01-11 09:51:33.014514,34,N/A
1865,2025-01-11 09:51:34.601733,19,N/A
1866,2025-01-11 09:51:36.746260,28,N/A
1867,2025-01-11 09:51:39.347438,37,N/A
1868,2025-01-11 09:51:40.507685,16,N/A
1869,2025-01-11 09:51:42.661189,34,N/A
1870,2025-01-11 09:51:44.817505,30,N/A
1871,2025-01-11 09:51:45.937794,15,N/A
1872,2025-01-11 09:51:47.526490,21,N/A
1873,2025-01-11 09:51:49.497827,31,N/A
1874,2025-01-11 09:51:50.728796,14,N/A
1875,2025-01-11 09:51:52.493384,29,N/A
1876,2025-01-11 09:51:54.043800,18,N/A
1877,2025-01-11 09:51:54.873559,9,N/A
1878,2025-01-11 09:51:56.192706,17,N/A
1879,2025-01-11 09:51:58.385194,29,N/A
1880,2025-01-11 10:03:51.217125,13,N/A
1881,2025-01-11 10:03:51.659468,28,N/A
1882,2025-01-11 10:03:52.331367,16,N/A
1883,2025-01-11 10:03:53.775364,21,N/A
1884,2025-01-11 10:03:55.700665,27,N/A
1885,2025-01-11 10:03:57.632579,29,N/A
1886,2025-01-11 10:03:58.406275,7,N/A
1887,2025-01-11 10:04:01.045774,34,N/A
1888,2025-01-11 10:04:03.177690,27,N/A
1889,2025-01-11 10:04:05.079208,23,N/A
1890,2025-01-11 10:04:07.877058,41,N/A
1891,2025-01-11 10:04:09.806424,27,N/A
1892,2025-01-11 10:04:11.402741,22,N/A
1893,2025-01-11 10:04:12.334854,11,N/A
1894,2025-01-11 10:04:13.282651,9,N/A
1895,2025-01-11 10:04:16.339073,35,N/A
1896,2025-01-11 10:04:18.678143,29,N/A
1897,2025-01-11 10:04:19.657950,11,N/A
1898,2025-01-11 10:04:21.138030,15,N/A
1899,2025-01-11 10:04:22.161517,11,N/A
1900,2025-01-11 10:04:23.317503,18,N/A
1901,2025-01-11 10:04:25.186709,24,N/A
1902,2025-01-11 10:04:26.265672,12,N/A
1903,2025-01-11 10:04:27.806074,18,N/A
1904,2025-01-11 10:04:29.241489,19,N/A
1905,2025-01-11 10:04:31.704765,29,N/A
1906,2025-01-11 10:19:43.612945,26,N/A
1907,2025-01-11 10:19:44.954938,23,N/A
1908,2025-01-11 10:19:47.613179,35,N/A
1909,2025-01-11 10:19:48.827087,21,N/A
1910,2025-01-11 10:19:50.881819,28,N/A
1911,2025-01-11 10:19:52.994153,29,N/A
1912,2025-01-11 10:19:54.641965,22,N/A
1913,2025-01-11 10:19:56.299377,23,N/A
1914,2025-01-11 10:19:57.899023,20,N/A
1915,2025-01-11 10:19:59.264925,16,N/A
1916,2025-01-11 10:20:00.777501,20,N/A
1917,2025-01-11 10:20:03.331729,31,N/A
1918,2025-01-11 10:20:04.685949,14,N/A
1919,2025-01-11 10:20:07.809138,30,N/A
1920,2025-01-11 10:20:09.456784,17,N/A
1921,2025-01-11 10:20:11.405434,25,N/A
1922,2025-01-11 10:20:13.567913,29,N/A
1923,2025-01-11 10:20:14.984005,21,N/A
1924,2025-01-11 10:20:17.069600,28,N/A
1925,2025-01-11 10:20:18.246991,14,N/A
1926,2025-01-11 10:20:19.993936,25,N/A
1927,2025-01-11 10:20:21.212061,12,N/A
1928,2025-01-11 10:20:24.030280,40,N/A
1929,2025-01-11 10:20:26.163843,32,N/A
1930,2025-01-11 10:23:08.757920,20,N/A
1931,2025-01-11 10:23:09.937184,20,N/A
1932,2025-01-11 10:23:11.566956,22,N/A
1933,2025-01-11 10:23:13.006581,19,N/A
1934,2025-01-11 10:23:15.190457,34,N/A
1935,2025-01-11 10:23:18.910863,36,N/A
1936,2025-01-11 10:23:20.026556,10,N/A
1937,2025-01-11 10:23:22.181852,31,N/A
1938,2025-01-11 10:23:23.822564,17,N/A
1939,2025-01-11 10:23:29.738320,32,N/A
1940,2025-01-11 10:23:31.528553,22,N/A
1941,2025-01-11 10:23:33.632351,30,N/A
1942,2025-01-11 10:23:35.431802,18,N/A
1943,2025-01-11 10:23:36.810584,16,N/A
1944,2025-01-11 10:23:38.290119,19,N/A
1945,2025-01-11 10:23:39.473517,14,N/A
1946,2025-01-11 10:23:40.766181,16,N/A
1947,2025-01-11 10:23:41.959426,19,N/A
1948,2025-01-11 10:23:44.222199,21,N/A
1949,2025-01-11 10:23:45.465872,16,N/A
1950,2025-01-11 10:23:46.975129,19,N/A
1951,2025-01-11 10:23:49.536269,36,N/A
1952,2025-01-11 10:23:50.727152,13,N/A
1953,2025-01-11 10:23:56.575793,36,N/A
1954,2025-01-11 10:23:59.558180,36,N/A
1955,2025-01-11 10:24:01.315588,29,N/A
1956,2025-01-11 10:24:04.368161,32,N/A
1957,2025-01-11 10:24:06.159359,27,N/A
1958,2025-01-11 10:24:08.752042,33,N/A
1959,2025-01-11 10:24:13.090252,46,N/A
1960,2025-01-11 10:24:15.162683,28,N/A
1961,2025-01-11 10:24:40.564082,40,N/A
1962,2025-01-11 10:24:42.179459,23,N/A
1963,2025-01-11 10:24:44.185995,31,N/A
1964,2025-01-11 10:24:46.220342,27,N/A
1965,2025-01-11 10:25:44.809804,22,N/A
1966,2025-01-11 10:25:45.854939,11,N/A
1967,2025-01-11 10:25:47.979033,28,N/A
1968,2025-01-11 10:25:49.561463,23,N/A
1969,2025-01-11 10:25:50.500549,10,N/A
1970,2025-01-11 10:25:51.355719,9,N/A
1971,2025-01-11 10:25:53.183076,23,N/A
1972,2025-01-11 10:25:55.206907,26,N/A
1973,2025-01-11 10:41:22.890829,27,N/A
1974,2025-01-11 10:41:23.740489,10,N/A
1975,2025-01-11 10:41:25.868711,29,N/A
1976,2025-01-11 10:41:27.367411,22,N/A
1977,2025-01-11 10:41:28.762971,18,N/A
1978,2025-01-11 10:41:30.183653,14,N/A
1979,2025-01-11 10:41:31.672841,17,N/A
1980,2025-01-11 10:41:33.438893,23,N/A
1981,2025-01-11 10:41:36.012259,38,N/A
1982,2025-01-11 10:41:37.102312,12,N/A
1983,2025-01-11 10:41:39.724075,32,N/A
1984,2025-01-11 10:41:41.305644,22,N/A
1985,2025-01-11 10:41:42.827036,21,N/A
1986,2025-01-11 10:41:45.094941,29,N/A
1987,2025-01-11 10:41:46.341460,15,N/A
1988,2025-01-11 10:41:48.112305,21,N/A
1989,2025-01-11 10:41:49.569206,18,N/A
1990,2025-01-11 10:41:50.337483,5,N/A
1991,2025-01-11 10:41:51.614445,14,N/A
1992,2025-01-11 10:41:52.865821,15,N/A
1993,2025-01-11 10:41:54.248294,17,N/A
1994,2025-01-11 10:41:55.251983,10,N/A
1995,2025-01-11 10:41:56.660178,17,N/A
1996,2025-01-11 10:41:58.080647,21,N/A
1997,2025-01-11 10:41:59.926642,22,N/A
1998,2025-01-11 10:42:01.939296,22,N/A
1999,2025-01-11 10:57:30.132200,36,N/A
2000,2025-01-11 10:57:31.123440,10,N/A
2001,2025-01-11 10:57:32.200822,13,N/A
2002,2025-01-11 10:57:33.859804,22,N/A
2003,2025-01-11 10:57:34.932869,11,N/A
2004,2025-01-11 10:57:37.182416,33,N/A
2005,2025-01-11 10:57:39.224009,28,N/A
2006,2025-01-11 10:57:41.638205,31,N/A
2007,2025-01-11 10:57:42.850897,17,N/A
2008,2025-01-11 10:57:44.102598,17,N/A
2009,2025-01-11 10:57:46.524847,34,N/A
2010,2025-01-11 10:57:48.172511,23,N/A
2011,2025-01-11 10:57:49.172782,16,N/A
2012,2025-01-11 10:57:50.924430,29,N/A
2013,2025-01-11 10:57:51.866780,13,N/A
2014,2025-01-11 10:57:53.682558,21,N/A
2015,2025-01-11 10:57:54.965082,17,N/A
2016,2025-01-11 10:57:57.106356,28,N/A
2017,2025-01-11 10:57:58.743047,20,N/A
2018,2025-01-11 10:58:00.539073,20,N/A
2019,2025-01-11 10:58:02.390529,28,N/A
2020,2025-01-11 10:58:03.517112,12,N/A
2021,2025-01-11 10:58:05.542348,27,N/A
2022,2025-01-11 10:58:07.561024,28,N/A
2023,2025-01-11 10:58:09.602283,27,N/A
2024,2025-01-11 10:58:11.013761,15,N/A
2025,2025-01-11 11:04:52.426574,17,N/A
2026,2025-01-11 11:04:53.277123,10,N/A
2027,2025-01-11 11:04:54.438504,14,N/A
2028,2025-01-11 11:04:56.801662,31,N/A
2029,2025-01-11 11:04:58.115242,15,N/A
2030,2025-01-11 11:05:00.088363,33,N/A
2031,2025-01-11 11:05:01.936851,25,N/A
2032,2025-01-11 11:05:03.245873,15,N/A
2033,2025-01-11 11:05:06.370707,39,N/A
2034,2025-01-11 11:05:08.155644,28,N/A
2035,2025-01-11 11:05:10.100122,25,N/A
2036,2025-01-11 11:05:11.517003,18,N/A
2037,2025-01-11 11:05:13.262562,25,N/A
2038,2025-01-11 11:05:14.214215,9,N/A
2039,2025-01-11 11:05:15.368260,12,N/A
2040,2025-01-11 11:05:16.996181,20,N/A
2041,2025-01-11 11:05:18.486809,17,N/A
2042,2025-01-11 11:05:19.945789,16,N/A
2043,2025-01-11 11:05:22.165297,29,N/A
2044,2025-01-11 11:05:24.177425,29,N/A
2045,2025-01-11 11:05:25.441336,18,N/A
2046,2025-01-11 11:05:26.746239,15,N/A
2047,2025-01-11 11:05:27.530194,7,N/A
2048,2025-01-11 11:05:29.015202,21,N/A
2049,2025-01-11 11:05:30.143410,14,N/A
2050,2025-01-11 11:05:32.170211,28,N/A
2051,2025-01-11 11:05:33.505994,14,N/A
2052,2025-01-11 11:21:00.979628,16,N/A
2053,2025-01-11 11:21:02.846463,25,N/A
2054,2025-01-11 11:21:03.880344,13,N/A
2055,2025-01-11 11:21:05.340067,19,N/A
2056,2025-01-11 11:21:06.189351,6,N/A
2057,2025-01-11 11:21:07.746200,17,N/A
2058,2025-01-11 11:21:08.785081,11,N/A
2059,2025-01-11 11:21:09.792683,11,N/A
2060,2025-01-11 11:21:12.248160,37,N/A
2061,2025-01-11 11:21:13.733153,20,N/A
2062,2025-01-11 11:21:15.202031,26,N/A
2063,2025-01-11 11:21:16.546322,16,N/A
2064,2025-01-11 11:21:17.626177,12,N/A
2065,2025-01-11 11:21:20.548659,43,N/A
2066,2025-01-11 11:21:21.774249,15,N/A
2067,2025-01-11 11:21:23.014100,17,N/A
2068,2025-01-11 11:21:25.752186,36,N/A
2069,2025-01-11 11:21:26.949308,13,N/A
2070,2025-01-11 11:21:28.919534,27,N/A
2071,2025-01-11 11:21:31.568565,35,N/A
2072,2025-01-11 11:21:34.321543,34,N/A
2073,2025-01-11 11:21:36.725791,28,N/A
2074,2025-01-11 11:21:38.711068,27,N/A
2075,2025-01-11 11:21:40.512781,23,N/A
2076,2025-01-11 11:21:41.657693,14,N/A
2077,2025-01-11 11:21:43.590174,29,N/A
2078,2025-01-11 11:21:44.358053,7,N/A
2079,2025-01-11 11:37:11.889870,25,N/A
2080,2025-01-11 11:37:13.789097,24,N/A
2081,2025-01-11 11:37:15.294021,21,N/A
2082,2025-01-11 11:37:17.082811,25,N/A
2083,2025-01-11 11:37:18.141986,11,N/A
2084,2025-01-11 11:37:19.806979,23,N/A
2085,2025-01-11 11:37:20.646475,8,N/A
2086,2025-01-11 11:37:21.767477,14,N/A
2087,2025-01-11 11:37:23.251494,19,N/A
2088,2025-01-11 11:37:24.737650,22,N/A
2089,2025-01-11 11:37:27.318240,13,N/A
2090,2025-01-11 11:37:28.967566,24,N/A
2091,2025-01-11 11:37:31.702964,43,N/A
2092,2025-01-11 11:37:33.850321,30,N/A
2093,2025-01-11 11:37:35.466285,24,N/A
2094,2025-01-11 11:37:36.988092,22,N/A
2095,2025-01-11 11:37:38.547004,20,N/A
2096,2025-01-11 11:37:40.750659,29,N/A
2097,2025-01-11 11:37:41.749668,11,N/A
2098,2025-01-11 11:37:44.067666,32,N/A
2099,2025-01-11 11:37:45.638522,21,N/A
2100,2025-01-11 11:37:47.532312,25,N/A
2101,2025-01-11 11:37:48.477943,11,N/A
2102,2025-01-11 11:37:49.403034,8,N/A
2103,2025-01-11 11:37:51.116527,21,N/A
2104,2025-01-11 11:53:19.382155,35,N/A
2105,2025-01-11 11:53:21.475231,28,N/A
2106,2025-01-11 11:53:23.257578,27,N/A
2107,2025-01-11 11:53:24.878865,22,N/A
2108,2025-01-11 11:53:26.371068,21,N/A
2109,2025-01-11 11:53:27.618558,14,N/A
2110,2025-01-11 11:53:28.922508,15,N/A
2111,2025-01-11 11:53:29.532764,4,N/A
2112,2025-01-11 11:53:30.627898,13,N/A
2113,2025-01-11 11:53:31.364038,6,N/A
2114,2025-01-11 11:53:32.333757,9,N/A
2115,2025-01-11 11:53:34.828014,37,N/A
2116,2025-01-11 11:53:37.378083,34,N/A
2117,2025-01-11 11:53:39.757541,35,N/A
2118,2025-01-11 11:53:42.155527,36,N/A
2119,2025-01-11 11:53:44.420101,36,N/A
2120,2025-01-11 11:53:47.311051,44,N/A
2121,2025-01-11 11:53:49.321106,32,N/A
2122,2025-01-11 11:53:51.093843,25,N/A
2123,2025-01-11 11:53:54.552393,43,N/A
2124,2025-01-11 11:53:55.639200,13,N/A
2125,2025-01-11 11:53:57.736093,37,N/A
2126,2025-01-11 11:53:59.025184,13,N/A
2127,2025-01-11 12:05:52.363628,18,N/A
2128,2025-01-11 12:05:53.972063,23,N/A
2129,2025-01-11 12:05:55.106579,14,N/A
2130,2025-01-11 12:05:56.976577,23,N/A
2131,2025-01-11 12:05:58.323109,17,N/A
2132,2025-01-11 12:05:59.328501,8,N/A
2133,2025-01-11 12:06:01.657293,28,N/A
2134,2025-01-11 12:06:03.049070,18,N/A
2135,2025-01-11 12:06:04.573925,20,N/A
2136,2025-01-11 12:06:06.611985,32,N/A
2137,2025-01-11 12:06:08.866843,30,N/A
2138,2025-01-11 12:06:09.982280,17,N/A
2139,2025-01-11 12:06:11.063739,13,N/A
2140,2025-01-11 12:06:12.451017,20,N/A
2141,2025-01-11 12:06:13.801619,17,N/A
2142,2025-01-11 12:06:15.607049,25,N/A
2143,2025-01-11 12:06:16.492617,12,N/A
2144,2025-01-11 12:06:18.025423,18,N/A
2145,2025-01-11 12:06:18.927749,8,N/A
2146,2025-01-11 12:06:20.330146,18,N/A
2147,2025-01-11 12:06:21.297626,11,N/A
2148,2025-01-11 12:06:22.913475,28,N/A
2149,2025-01-11 12:06:24.197560,17,N/A
2150,2025-01-11 12:06:26.006648,32,N/A
2151,2025-01-11 12:06:27.304920,16,N/A
2152,2025-01-11 12:06:29.208530,28,N/A
2153,2025-01-11 12:06:30.218400,11,N/A
2154,2025-01-11 12:06:31.566248,19,N/A
2155,2025-01-11 12:06:32.865939,14,N/A
2156,2025-01-11 12:06:35.147382,14,N/A
2157,2025-01-11 12:06:36.872870,23,N/A
2158,2025-01-11 12:06:38.872837,26,N/A
2159,2025-01-11 12:06:40.784736,22,N/A
2160,2025-01-11 12:06:42.084647,16,N/A
2161,2025-01-11 12:22:09.290788,15,N/A
2162,2025-01-11 12:22:11.354809,27,N/A
2163,2025-01-11 12:22:12.336442,12,N/A
2164,2025-01-11 12:22:14.347374,29,N/A
2165,2025-01-11 12:22:15.495881,15,N/A
2166,2025-01-11 12:22:17.442536,26,N/A
2167,2025-01-11 12:22:19.476518,29,N/A
2168,2025-01-11 12:22:21.344507,27,N/A
2169,2025-01-11 12:22:23.304711,26,N/A
2170,2025-01-11 12:22:24.064030,6,N/A
2171,2025-01-11 12:22:25.367937,17,N/A
2172,2025-01-11 12:22:27.488362,32,N/A
2173,2025-01-11 12:22:29.864326,36,N/A
2174,2025-01-11 12:22:30.983906,15,N/A
2175,2025-01-11 12:22:32.456604,20,N/A
2176,2025-01-11 12:22:34.863841,32,N/A
2177,2025-01-11 12:22:36.841828,24,N/A
2178,2025-01-11 12:22:38.298753,20,N/A
2179,2025-01-11 12:22:39.614450,21,N/A
2180,2025-01-11 12:22:41.009053,19,N/A
2181,2025-01-11 12:22:42.850449,28,N/A
2182,2025-01-11 12:22:43.945696,13,N/A
2183,2025-01-11 12:22:45.926529,23,N/A
2184,2025-01-11 12:22:47.067492,16,N/A
2185,2025-01-11 12:22:49.449039,32,N/A
2186,2025-01-11 12:38:17.252121,26,N/A
2187,2025-01-11 12:38:19.940568,33,N/A
2188,2025-01-11 12:38:21.324948,19,N/A
2189,2025-01-11 12:38:23.958948,34,N/A
2190,2025-01-11 12:38:25.254932,20,N/A
2191,2025-01-11 12:38:26.934557,30,N/A
2192,2025-01-11 12:38:28.475441,20,N/A
2193,2025-01-11 12:38:30.373674,21,N/A
2194,2025-01-11 12:38:32.243159,25,N/A
2195,2025-01-11 12:38:33.990126,21,N/A
2196,2025-01-11 12:38:36.708913,31,N/A
2197,2025-01-11 12:38:39.868280,42,N/A
2198,2025-01-11 12:38:41.491925,23,N/A
2199,2025-01-11 12:38:45.500375,51,N/A
2200,2025-01-11 12:38:47.083146,23,N/A
2201,2025-01-11 12:38:49.322687,28,N/A
2202,2025-01-11 12:38:51.270894,29,N/A
2203,2025-01-11 12:38:52.517979,16,N/A
2204,2025-01-11 12:38:54.694670,28,N/A
2205,2025-01-11 12:38:56.557697,32,N/A
2206,2025-01-11 12:54:24.023076,22,N/A
2207,2025-01-11 12:54:26.025376,29,N/A
2208,2025-01-11 12:54:27.880187,27,N/A
2209,2025-01-11 12:54:30.268602,39,N/A
2210,2025-01-11 12:54:32.452153,29,N/A
2211,2025-01-11 12:54:34.879971,29,N/A
2212,2025-01-11 12:54:36.445141,20,N/A
2213,2025-01-11 12:54:37.742521,21,N/A
2214,2025-01-11 12:54:38.660026,10,N/A
2215,2025-01-11 12:54:40.569628,28,N/A
2216,2025-01-11 12:54:42.196663,23,N/A
2217,2025-01-11 12:54:43.432053,20,N/A
2218,2025-01-11 12:54:45.010480,21,N/A
2219,2025-01-11 12:54:46.823781,30,N/A
2220,2025-01-11 12:54:48.373838,23,N/A
2221,2025-01-11 12:54:50.970869,39,N/A
2222,2025-01-11 12:54:52.440822,17,N/A
2223,2025-01-11 12:54:54.156599,27,N/A
2224,2025-01-11 12:54:56.422526,28,N/A
2225,2025-01-11 12:54:58.066144,24,N/A
2226,2025-01-11 12:54:59.581874,23,N/A
2227,2025-01-11 12:55:00.800353,16,N/A
2228,2025-01-11 12:55:02.659909,24,N/A
2229,2025-01-11 12:55:03.638850,11,N/A
2230,2025-01-11 12:55:04.856784,13,N/A
2231,2025-01-11 13:06:53.184017,18,N/A
2232,2025-01-11 13:06:53.875266,25,N/A
2233,2025-01-11 13:06:54.715569,9,N/A
2234,2025-01-11 13:06:56.159609,21,N/A
2235,2025-01-11 13:06:57.529191,17,N/A
2236,2025-01-11 13:06:59.127086,24,N/A
2237,2025-01-11 13:07:00.716232,20,N/A
2238,2025-01-11 13:07:02.863685,27,N/A
2239,2025-01-11 13:07:05.712448,45,N/A
2240,2025-01-11 13:07:10.821574,42,N/A
2241,2025-01-11 13:07:12.840023,29,N/A
2242,2025-01-11 13:07:14.300678,23,N/A
2243,2025-01-11 13:07:15.713625,19,N/A
2244,2025-01-11 13:07:18.558887,35,N/A
2245,2025-01-11 13:07:20.053796,18,N/A
2246,2025-01-11 13:07:21.678673,23,N/A
2247,2025-01-11 13:07:24.536372,40,N/A
2248,2025-01-11 13:07:26.333003,22,N/A
2249,2025-01-11 13:07:28.084705,21,N/A
2250,2025-01-11 13:07:31.359050,44,N/A
2251,2025-01-11 13:07:33.404307,31,N/A
2252,2025-01-11 13:23:01.287342,26,N/A
2253,2025-01-11 13:23:02.488643,13,N/A
2254,2025-01-11 13:23:04.045745,22,N/A
2255,2025-01-11 13:23:06.320124,30,N/A
2256,2025-01-11 13:23:08.388477,31,N/A
2257,2025-01-11 13:23:10.071385,26,N/A
2258,2025-01-11 13:23:11.719842,23,N/A
2259,2025-01-11 13:23:13.657160,28,N/A
2260,2025-01-11 13:23:14.717951,12,N/A
2261,2025-01-11 13:23:16.087099,15,N/A
2262,2025-01-11 13:23:18.427526,29,N/A
2263,2025-01-11 13:23:19.861661,21,N/A
2264,2025-01-11 13:23:22.550967,36,N/A
2265,2025-01-11 13:38:49.135869,21,N/A
2266,2025-01-11 13:38:50.560058,18,N/A
2267,2025-01-11 13:38:53.408979,42,N/A
2268,2025-01-11 13:38:55.168993,22,N/A
2269,2025-01-11 13:38:59.064011,48,N/A
2270,2025-01-11 13:39:00.493606,18,N/A
2271,2025-01-11 13:39:02.756520,32,N/A
2272,2025-01-11 13:39:04.472069,22,N/A
2273,2025-01-11 13:39:05.710922,17,N/A
2274,2025-01-11 13:39:08.486940,37,N/A
2275,2025-01-11 13:39:11.225257,42,N/A
2276,2025-01-11 13:39:14.148750,46,N/A
2277,2025-01-11 13:39:16.095203,31,N/A
2278,2025-01-11 13:39:20.102346,51,N/A
2279,2025-01-11 13:39:21.897053,25,N/A
2280,2025-01-11 13:39:23.167350,15,N/A
2281,2025-01-11 13:39:25.644030,31,N/A
2282,2025-01-11 13:39:26.986782,17,N/A
2283,2025-01-11 13:39:28.366464,18,N/A
2284,2025-01-11 13:39:29.643702,17,N/A
2285,2025-01-11 13:39:31.676945,25,N/A
2286,2025-01-11 13:39:32.724660,12,N/A
2287,2025-01-11 13:55:00.760498,25,N/A
2288,2025-01-11 13:55:03.559880,36,N/A
2289,2025-01-11 13:55:04.943204,17,N/A
2290,2025-01-11 13:55:07.282913,32,N/A
2291,2025-01-11 13:55:08.078022,7,N/A
2292,2025-01-11 13:55:10.180330,25,N/A
2293,2025-01-11 13:55:12.125063,28,N/A
2294,2025-01-11 13:55:13.462922,15,N/A
2295,2025-01-11 13:55:14.198024,8,N/A
2296,2025-01-11 13:55:15.668572,20,N/A
2297,2025-01-11 13:55:17.489737,23,N/A
2298,2025-01-11 13:55:18.503798,11,N/A
2299,2025-01-11 13:55:19.858269,17,N/A
2300,2025-01-11 13:55:21.348591,17,N/A
2301,2025-01-11 13:55:22.681535,18,N/A
2302,2025-01-11 13:55:25.289575,37,N/A
2303,2025-01-11 13:55:27.299316,28,N/A
2304,2025-01-11 13:55:28.606781,15,N/A
2305,2025-01-11 13:55:29.992505,23,N/A
2306,2025-01-11 13:55:31.577194,18,N/A
2307,2025-01-11 13:55:32.588428,9,N/A
2308,2025-01-11 13:55:33.883683,18,N/A
2309,2025-01-11 13:55:35.456562,18,N/A
2310,2025-01-11 13:55:36.852282,18,N/A
2311,2025-01-11 13:55:38.740449,26,N/A
2312,2025-01-11 13:55:40.398919,24,N/A
2313,2025-01-11 14:07:54.320532,36,N/A
2314,2025-01-11 14:07:56.183781,22,N/A
2315,2025-01-11 14:07:57.597266,21,N/A
2316,2025-01-11 14:07:59.924449,31,N/A
2317,2025-01-11 14:08:02.125691,32,N/A
2318,2025-01-11 14:08:03.236313,14,N/A
2319,2025-01-11 14:08:04.710534,17,N/A
2320,2025-01-11 14:08:05.494868,6,N/A
2321,2025-01-11 14:08:06.559406,11,N/A
2322,2025-01-11 14:08:08.516355,24,N/A
2323,2025-01-11 14:08:11.427514,37,N/A
2324,2025-01-11 14:08:13.034326,31,N/A
2325,2025-01-11 14:08:14.898407,31,N/A
2326,2025-01-11 14:08:17.157010,33,N/A
2327,2025-01-11 14:08:19.650849,35,N/A
2328,2025-01-11 14:08:22.255668,35,N/A
2329,2025-01-11 14:08:23.664562,20,N/A
2330,2025-01-11 14:08:25.709766,33,N/A
2331,2025-01-11 14:08:27.164316,15,N/A
2332,2025-01-11 14:08:28.423557,13,N/A
2333,2025-01-11 14:08:30.011401,19,N/A
2334,2025-01-11 14:08:31.185127,13,N/A
2335,2025-01-11 14:08:32.776283,22,N/A
2336,2025-01-11 14:08:33.916760,15,N/A
2337,2025-01-11 14:08:35.760300,27,N/A
2338,2025-01-11 14:23:55.236881,18,N/A
2339,2025-01-11 14:23:57.344833,25,N/A
2340,2025-01-11 14:23:58.746021,19,N/A
2341,2025-01-11 14:24:00.240001,23,N/A
2342,2025-01-11 14:24:01.558427,14,N/A
2343,2025-01-11 14:24:04.226340,37,N/A
2344,2025-01-11 14:24:05.238585,10,N/A
2345,2025-01-11 14:24:06.745045,21,N/A
2346,2025-01-11 14:24:09.266044,28,N/A
2347,2025-01-11 14:24:11.000362,24,N/A
2348,2025-01-11 14:24:13.516775,30,N/A
2349,2025-01-11 14:24:15.202084,22,N/A
2350,2025-01-11 14:24:16.275428,17,N/A
2351,2025-01-11 14:24:17.478637,15,N/A
2352,2025-01-11 14:24:18.426285,8,N/A
2353,2025-01-11 14:24:20.018563,21,N/A
2354,2025-01-11 14:24:21.117182,14,N/A
2355,2025-01-11 14:24:22.328749,13,N/A
2356,2025-01-11 14:24:23.888809,18,N/A
2357,2025-01-11 14:24:25.289140,20,N/A
2358,2025-01-11 14:24:26.286324,11,N/A
2359,2025-01-11 14:24:28.257846,31,N/A
2360,2025-01-11 14:24:29.727365,18,N/A
2361,2025-01-11 14:24:30.855746,16,N/A
2362,2025-01-11 14:24:32.447516,26,N/A
2363,2025-01-11 14:24:33.727846,21,N/A
2364,2025-01-11 14:24:35.596979,21,N/A
2365,2025-01-11 14:40:03.883965,36,N/A
2366,2025-01-11 14:40:06.197346,35,N/A
2367,2025-01-11 14:40:06.745037,3,N/A
2368,2025-01-11 14:40:07.313364,3,N/A
2369,2025-01-11 14:40:08.545782,19,N/A
2370,2025-01-11 14:40:10.123059,20,N/A
2371,2025-01-11 14:40:11.541319,16,N/A
2372,2025-01-11 14:40:13.164210,21,N/A
2373,2025-01-11 14:40:15.147255,27,N/A
2374,2025-01-11 14:40:16.908431,25,N/A
2375,2025-01-11 14:40:18.465438,20,N/A
2376,2025-01-11 14:40:19.760422,16,N/A
2377,2025-01-11 14:40:21.302654,25,N/A
2378,2025-01-11 14:40:22.596089,15,N/A
2379,2025-01-11 14:40:23.866422,16,N/A
2380,2025-01-11 14:40:26.193505,32,N/A
2381,2025-01-11 14:40:27.175826,9,N/A
2382,2025-01-11 14:40:28.971795,24,N/A
2383,2025-01-11 14:40:29.989012,11,N/A
2384,2025-01-11 14:40:31.276163,21,N/A
2385,2025-01-11 14:40:33.220643,25,N/A
2386,2025-01-11 14:40:34.166180,10,N/A
2387,2025-01-11 14:40:35.445118,15,N/A
2388,2025-01-11 14:40:37.338379,28,N/A
2389,2025-01-11 14:40:39.625285,32,N/A
2390,2025-01-11 14:40:41.287895,26,N/A
2391,2025-01-11 14:40:43.381525,31,N/A
2392,2025-01-11 14:40:45.044051,22,N/A
2393,2025-01-11 14:54:52.831059,15,N/A
2394,2025-01-11 14:54:54.744220,26,N/A
2395,2025-01-11 14:54:56.457610,25,N/A
2396,2025-01-11 14:54:58.185592,21,N/A
2397,2025-01-11 14:54:59.586711,18,N/A
2398,2025-01-11 14:55:01.080462,18,N/A
2399,2025-01-11 14:55:02.940480,22,N/A
2400,2025-01-11 14:55:04.441174,21,N/A
2401,2025-01-11 14:55:05.327705,10,N/A
2402,2025-01-11 14:55:08.871082,24,N/A
2403,2025-01-11 14:55:10.417192,22,N/A
2404,2025-01-11 14:55:11.807616,16,N/A
2405,2025-01-11 14:55:12.883887,16,N/A
2406,2025-01-11 14:55:14.475525,19,N/A
2407,2025-01-11 14:55:16.654070,29,N/A
2408,2025-01-11 14:55:18.233792,18,N/A
2409,2025-01-11 14:55:20.645362,33,N/A
2410,2025-01-11 14:55:22.764550,29,N/A
2411,2025-01-11 14:55:24.080963,16,N/A
2412,2025-01-11 14:55:26.091131,28,N/A
2413,2025-01-11 14:55:28.446333,30,N/A
2414,2025-01-11 14:55:30.569312,25,N/A
2415,2025-01-11 14:55:33.248009,40,N/A
2416,2025-01-11 15:08:53.740888,31,N/A
2417,2025-01-11 15:08:55.723264,30,N/A
2418,2025-01-11 15:08:58.226254,31,N/A
2419,2025-01-11 15:08:59.257838,12,N/A
2420,2025-01-11 15:09:00.896640,22,N/A
2421,2025-01-11 15:09:03.372956,31,N/A
2422,2025-01-11 15:09:04.764977,18,N/A
2423,2025-01-11 15:09:06.239660,15,N/A
2424,2025-01-11 15:09:07.157344,8,N/A
2425,2025-01-11 15:09:08.741289,23,N/A
2426,2025-01-11 15:09:09.672768,8,N/A
2427,2025-01-11 15:09:11.687174,24,N/A
2428,2025-01-11 15:09:13.755387,28,N/A
2429,2025-01-11 15:09:16.748869,41,N/A
2430,2025-01-11 15:09:17.779703,13,N/A
2431,2025-01-11 15:09:20.221973,29,N/A
2432,2025-01-11 15:09:21.739882,15,N/A
2433,2025-01-11 15:09:23.668708,25,N/A
2434,2025-01-11 15:09:25.507901,22,N/A
2435,2025-01-11 15:09:27.397781,25,N/A
2436,2025-01-11 15:09:29.107225,24,N/A
2437,2025-01-11 15:09:30.453759,16,N/A
2438,2025-01-11 15:09:32.401645,29,N/A
2439,2025-01-11 15:09:33.712383,14,N/A
2440,2025-01-11 15:09:35.780692,28,N/A
2441,2025-01-11 15:24:50.419635,14,N/A
2442,2025-01-11 15:24:51.276658,10,N/A
2443,2025-01-11 15:24:52.730442,16,N/A
2444,2025-01-11 15:24:54.511467,23,N/A
2445,2025-01-11 15:24:55.951519,17,N/A
2446,2025-01-11 15:24:58.180081,31,N/A
2447,2025-01-11 15:24:59.814371,20,N/A
2448,2025-01-11 15:25:01.132033,17,N/A
2449,2025-01-11 15:25:03.351256,32,N/A
2450,2025-01-11 15:25:04.848437,21,N/A
2451,2025-01-11 15:25:06.229570,23,N/A
2452,2025-01-11 15:25:07.793907,19,N/A
2453,2025-01-11 15:25:10.125075,31,N/A
2454,2025-01-11 15:25:12.570623,34,N/A
2455,2025-01-11 15:25:14.067150,22,N/A
2456,2025-01-11 15:25:16.047890,25,N/A
2457,2025-01-11 15:25:17.905308,23,N/A
2458,2025-01-11 15:25:19.946850,27,N/A
2459,2025-01-11 15:25:21.362254,21,N/A
2460,2025-01-11 15:25:22.582650,15,N/A
2461,2025-01-11 15:25:25.209496,32,N/A
2462,2025-01-11 15:25:26.619328,17,N/A
2463,2025-01-11 15:25:28.060585,19,N/A
2464,2025-01-11 15:25:29.148053,16,N/A
2465,2025-01-11 15:25:30.877972,21,N/A
2466,2025-01-11 15:40:58.500689,22,N/A
2467,2025-01-11 15:40:59.611497,14,N/A
2468,2025-01-11 15:41:01.550568,26,N/A
2469,2025-01-11 15:41:04.753334,35,N/A
2470,2025-01-11 15:41:06.696252,26,N/A
2471,2025-01-11 15:41:09.074095,30,N/A
2472,2025-01-11 15:41:10.410275,18,N/A
2473,2025-01-11 15:41:13.427225,37,N/A
2474,2025-01-11 15:41:15.712615,30,N/A
2475,2025-01-11 15:41:18.370820,40,N/A
2476,2025-01-11 15:41:20.182683,23,N/A
2477,2025-01-11 15:41:23.596482,47,N/A
2478,2025-01-11 15:41:25.209120,25,N/A
2479,2025-01-11 15:41:26.755525,19,N/A
2480,2025-01-11 15:41:28.354595,19,N/A
2481,2025-01-11 15:41:30.115072,25,N/A
2482,2025-01-11 15:41:31.869656,22,N/A
2483,2025-01-11 15:41:32.887399,12,N/A
2484,2025-01-11 15:41:35.061438,30,N/A
2485,2025-01-11 15:41:36.411105,16,N/A
2486,2025-01-11 15:41:38.893641,34,N/A
2487,2025-01-11 15:57:06.825323,28,N/A
2488,2025-01-11 15:57:08.466035,18,N/A
2489,2025-01-11 15:57:10.849568,32,N/A
2490,2025-01-11 15:57:12.998662,27,N/A
2491,2025-01-11 15:57:15.263049,30,N/A
2492,2025-01-11 15:57:16.843267,21,N/A
2493,2025-01-11 15:57:17.844471,12,N/A
2494,2025-01-11 15:57:19.827233,30,N/A
2495,2025-01-11 15:57:20.988185,14,N/A
2496,2025-01-11 15:57:23.131601,31,N/A
2497,2025-01-11 15:57:24.967782,29,N/A
2498,2025-01-11 15:57:26.650992,19,N/A
2499,2025-01-11 15:57:28.382846,24,N/A
2500,2025-01-11 15:57:29.875499,21,N/A
2501,2025-01-11 15:57:32.490351,35,N/A
2502,2025-01-11 15:57:34.400618,22,N/A
2503,2025-01-11 15:57:35.919534,22,N/A
2504,2025-01-11 15:57:37.967746,33,N/A
2505,2025-01-11 15:57:39.618805,19,N/A
2506,2025-01-11 15:57:41.233365,20,N/A
2507,2025-01-11 15:57:42.818025,22,N/A
2508,2025-01-11 15:57:45.081364,30,N/A
2509,2025-01-11 15:57:47.028341,27,N/A
2510,2025-01-11 15:57:48.183389,13,N/A
2511,2025-01-11 16:09:53.596757,27,N/A
2512,2025-01-11 16:09:55.759502,30,N/A
2513,2025-01-11 16:09:58.602315,41,N/A
2514,2025-01-11 16:09:59.678349,13,N/A
2515,2025-01-11 16:10:01.605433,23,N/A
2516,2025-01-11 16:10:04.274384,29,N/A
2517,2025-01-11 16:10:05.488888,18,N/A
2518,2025-01-11 16:10:06.191069,4,N/A
2519,2025-01-11 16:10:07.730123,23,N/A
2520,2025-01-11 16:10:09.373593,19,N/A
2521,2025-01-11 16:10:10.718708,17,N/A
2522,2025-01-11 16:10:11.899130,15,N/A
2523,2025-01-11 16:10:13.329186,20,N/A
2524,2025-01-11 16:10:15.176970,29,N/A
2525,2025-01-11 16:10:17.327479,33,N/A
2526,2025-01-11 16:10:19.078925,24,N/A
2527,2025-01-11 16:10:20.898110,24,N/A
2528,2025-01-11 16:10:22.802114,25,N/A
2529,2025-01-11 16:10:24.787351,26,N/A
2530,2025-01-11 16:10:26.835797,33,N/A
2531,2025-01-11 16:10:28.301397,22,N/A
2532,2025-01-11 16:10:29.524512,17,N/A
2533,2025-01-11 16:10:31.309354,28,N/A
2534,2025-01-11 16:10:32.851050,22,N/A
2535,2025-01-11 16:10:34.398606,22,N/A
2536,2025-01-11 16:10:35.534437,13,N/A
2537,2025-01-11 16:26:02.969283,21,N/A
2538,2025-01-11 16:26:04.781672,27,N/A
2539,2025-01-11 16:26:06.637096,27,N/A
2540,2025-01-11 16:26:08.465087,25,N/A
2541,2025-01-11 16:26:11.068054,37,N/A
2542,2025-01-11 16:26:12.427337,18,N/A
2543,2025-01-11 16:26:14.181349,25,N/A
2544,2025-01-11 16:26:16.303881,27,N/A
2545,2025-01-11 16:26:17.863952,19,N/A
2546,2025-01-11 16:26:19.550318,21,N/A
2547,2025-01-11 16:26:21.150511,22,N/A
2548,2025-01-11 16:26:22.853084,24,N/A
2549,2025-01-11 16:26:24.417552,19,N/A
2550,2025-01-11 16:41:50.668176,13,N/A
2551,2025-01-11 16:41:52.897669,31,N/A
2552,2025-01-11 16:41:54.515162,19,N/A
2553,2025-01-11 16:41:55.686522,14,N/A
2554,2025-01-11 16:41:57.672720,30,N/A
2555,2025-01-11 16:41:58.914633,14,N/A
2556,2025-01-11 16:42:01.472134,39,N/A
2557,2025-01-11 16:42:03.296604,25,N/A
2558,2025-01-11 16:42:05.574910,30,N/A
2559,2025-01-11 16:42:06.950069,19,N/A
2560,2025-01-11 16:42:08.157804,15,N/A
2561,2025-01-11 16:42:10.214145,36,N/A
2562,2025-01-11 16:42:11.876193,26,N/A
2563,2025-01-11 16:42:13.173539,17,N/A
2564,2025-01-11 16:42:14.649968,24,N/A
2565,2025-01-11 16:42:15.834078,15,N/A
2566,2025-01-11 16:42:17.859553,30,N/A
2567,2025-01-11 16:42:22.231746,32,N/A
2568,2025-01-11 16:42:23.352031,11,N/A
2569,2025-01-11 16:42:24.510595,17,N/A
2570,2025-01-11 16:42:26.108102,19,N/A
2571,2025-01-11 16:42:27.236827,12,N/A
2572,2025-01-11 16:42:29.530460,29,N/A
2573,2025-01-11 16:42:31.657018,28,N/A
2574,2025-01-11 16:42:33.494176,25,N/A
2575,2025-01-11 16:58:01.020739,23,N/A
2576,2025-01-11 16:58:02.687917,21,N/A
2577,2025-01-11 16:58:03.904096,14,N/A
2578,2025-01-11 16:58:05.408645,20,N/A
2579,2025-01-11 16:58:07.583077,28,N/A
2580,2025-01-11 16:58:08.937590,18,N/A
2581,2025-01-11 16:58:10.737363,23,N/A
2582,2025-01-11 16:58:12.986438,32,N/A
2583,2025-01-11 16:58:14.187821,13,N/A
2584,2025-01-11 16:58:15.366387,12,N/A
2585,2025-01-11 16:58:17.615047,36,N/A
2586,2025-01-11 16:58:18.911214,17,N/A
2587,2025-01-11 16:58:19.969310,9,N/A
2588,2025-01-11 16:58:21.757599,25,N/A
2589,2025-01-11 16:58:23.599053,19,N/A
2590,2025-01-11 16:58:24.621243,10,N/A
2591,2025-01-11 16:58:27.686415,36,N/A
2592,2025-01-11 16:58:29.597999,25,N/A
2593,2025-01-11 16:58:33.174907,42,N/A
2594,2025-01-11 16:58:35.120285,23,N/A
2595,2025-01-11 16:58:36.899201,25,N/A
2596,2025-01-11 16:58:38.257538,20,N/A
2597,2025-01-11 16:58:39.635931,17,N/A
2598,2025-01-11 16:58:42.253745,33,N/A
2599,2025-01-11 17:10:54.050282,23,N/A
2600,2025-01-11 17:10:55.892348,23,N/A
2601,2025-01-11 17:10:57.566511,20,N/A
2602,2025-01-11 17:10:59.279078,26,N/A
2603,2025-01-11 17:11:00.739742,16,N/A
2604,2025-01-11 17:11:01.793432,14,N/A
2605,2025-01-11 17:11:03.585699,23,N/A
2606,2025-01-11 17:11:06.666505,49,N/A
2607,2025-01-11 17:11:07.914943,15,N/A
2608,2025-01-11 17:11:09.793427,26,N/A
2609,2025-01-11 17:11:12.384347,31,N/A
2610,2025-01-11 17:11:14.251919,26,N/A
2611,2025-01-11 17:11:15.649065,21,N/A
2612,2025-01-11 17:11:16.595779,10,N/A
2613,2025-01-11 17:11:18.206268,22,N/A
2614,2025-01-11 17:11:20.424258,33,N/A
2615,2025-01-11 17:11:22.650423,30,N/A
2616,2025-01-11 17:11:24.954573,32,N/A
2617,2025-01-11 17:11:27.039072,27,N/A
2618,2025-01-11 17:11:28.305574,19,N/A
2619,2025-01-11 17:11:30.470521,32,N/A
2620,2025-01-11 17:11:31.632690,12,N/A
2621,2025-01-11 17:11:33.923537,28,N/A
2622,2025-01-11 17:27:01.071879,15,N/A
2623,2025-01-11 17:27:02.837172,22,N/A
2624,2025-01-11 17:27:04.148783,14,N/A
2625,2025-01-11 17:27:06.806107,36,N/A
2626,2025-01-11 17:27:08.911873,29,N/A
2627,2025-01-11 17:27:10.885002,27,N/A
2628,2025-01-11 17:27:12.608071,25,N/A
2629,2025-01-11 17:27:14.769395,33,N/A
2630,2025-01-11 17:27:16.311423,19,N/A
2631,2025-01-11 17:27:18.460425,23,N/A
2632,2025-01-11 17:27:19.867177,15,N/A
2633,2025-01-11 17:27:21.365824,21,N/A
2634,2025-01-11 17:27:23.097544,28,N/A
2635,2025-01-11 17:27:24.965618,28,N/A
2636,2025-01-11 17:27:26.787268,22,N/A
2637,2025-01-11 17:27:27.797953,11,N/A
2638,2025-01-11 17:27:29.228699,20,N/A
2639,2025-01-11 17:27:30.494957,19,N/A
2640,2025-01-11 17:27:31.386295,11,N/A
2641,2025-01-11 17:27:32.661101,16,N/A
2642,2025-01-11 17:27:34.160953,18,N/A
2643,2025-01-11 17:27:35.823737,19,N/A
2644,2025-01-11 17:27:36.955336,14,N/A
2645,2025-01-11 17:27:38.393717,18,N/A
2646,2025-01-11 17:27:40.169552,23,N/A
2647,2025-01-11 17:43:08.886013,33,N/A
2648,2025-01-11 17:43:09.677582,7,N/A
2649,2025-01-11 17:43:12.044644,29,N/A
2650,2025-01-11 17:43:13.402864,19,N/A
2651,2025-01-11 17:43:16.411269,43,N/A
2652,2025-01-11 17:43:18.756016,33,N/A
2653,2025-01-11 17:43:20.647131,26,N/A
2654,2025-01-11 17:43:22.965776,29,N/A
2655,2025-01-11 17:43:24.472698,19,N/A
2656,2025-01-11 17:43:25.686614,14,N/A
2657,2025-01-11 17:43:27.156449,16,N/A
2658,2025-01-11 17:43:28.271386,15,N/A
2659,2025-01-11 17:43:29.199749,13,N/A
2660,2025-01-11 17:43:30.085903,12,N/A
2661,2025-01-11 17:43:32.538680,36,N/A
2662,2025-01-11 17:43:34.699604,30,N/A
2663,2025-01-11 17:43:36.340563,23,N/A
2664,2025-01-11 17:43:37.328851,10,N/A
2665,2025-01-11 17:43:39.413178,32,N/A
2666,2025-01-11 17:43:41.068579,24,N/A
2667,2025-01-11 17:43:42.753305,21,N/A
2668,2025-01-11 17:43:43.912022,14,N/A
2669,2025-01-11 17:43:45.709992,23,N/A
2670,2025-01-11 17:43:47.309608,17,N/A
2671,2025-01-11 17:43:48.192943,11,N/A
2672,2025-01-11 17:43:49.977099,21,N/A
2673,2025-01-11 17:59:17.096235,17,N/A
2674,2025-01-11 17:59:19.102620,24,N/A
2675,2025-01-11 17:59:21.354783,27,N/A
2676,2025-01-11 17:59:22.646512,13,N/A
2677,2025-01-11 17:59:23.731776,14,N/A
2678,2025-01-11 17:59:25.532849,26,N/A
2679,2025-01-11 17:59:27.267455,22,N/A
2680,2025-01-11 17:59:29.253794,23,N/A
2681,2025-01-11 17:59:31.656298,36,N/A
2682,2025-01-11 17:59:33.623089,25,N/A
2683,2025-01-11 17:59:34.602150,11,N/A
2684,2025-01-11 17:59:37.700271,44,N/A
2685,2025-01-11 17:59:39.272944,20,N/A
2686,2025-01-11 17:59:41.271623,29,N/A
2687,2025-01-11 17:59:42.741484,18,N/A
2688,2025-01-11 17:59:44.346789,20,N/A
2689,2025-01-11 17:59:45.630205,15,N/A
2690,2025-01-11 17:59:47.445234,24,N/A
2691,2025-01-11 17:59:48.848923,15,N/A
2692,2025-01-11 17:59:50.234901,18,N/A
2693,2025-01-11 17:59:52.548124,34,N/A
2694,2025-01-11 17:59:54.673770,31,N/A
2695,2025-01-11 17:59:56.407268,24,N/A
2696,2025-01-11 17:59:57.793190,21,N/A
2697,2025-01-11 18:11:53.907789,19,N/A
2698,2025-01-11 18:11:55.577346,23,N/A
2699,2025-01-11 18:11:56.630112,13,N/A
2700,2025-01-11 18:11:58.396754,25,N/A
2701,2025-01-11 18:11:59.687616,14,N/A
2702,2025-01-11 18:12:01.009465,16,N/A
2703,2025-01-11 18:12:02.951160,27,N/A
2704,2025-01-11 18:12:04.638145,21,N/A
2705,2025-01-11 18:12:06.086871,14,N/A
2706,2025-01-11 18:12:07.652672,20,N/A
2707,2025-01-11 18:12:09.303032,23,N/A
2708,2025-01-11 18:12:11.242564,23,N/A
2709,2025-01-11 18:12:13.349734,35,N/A
2710,2025-01-11 18:12:14.888421,19,N/A
2711,2025-01-11 18:12:16.359438,20,N/A
2712,2025-01-11 18:12:18.097343,24,N/A
2713,2025-01-11 18:12:19.549815,21,N/A
2714,2025-01-11 18:12:21.983874,35,N/A
2715,2025-01-11 18:12:24.157427,27,N/A
2716,2025-01-11 18:12:25.514151,20,N/A
2717,2025-01-11 18:12:27.364298,25,N/A
2718,2025-01-11 18:12:28.949649,21,N/A
2719,2025-01-11 18:12:31.297732,29,N/A
2720,2025-01-11 18:12:32.818396,14,N/A
2721,2025-01-11 18:12:34.445623,21,N/A
2722,2025-01-11 18:28:02.177213,18,N/A
2723,2025-01-11 18:28:03.543604,18,N/A
2724,2025-01-11 18:28:05.753966,30,N/A
2725,2025-01-11 18:28:06.578970,8,N/A
2726,2025-01-11 18:28:07.840804,14,N/A
2727,2025-01-11 18:28:09.093274,15,N/A
2728,2025-01-11 18:28:10.915283,21,N/A
2729,2025-01-11 18:28:12.338973,18,N/A
2730,2025-01-11 18:28:14.771050,33,N/A
2731,2025-01-11 18:28:16.078236,16,N/A
2732,2025-01-11 18:28:18.200643,27,N/A
2733,2025-01-11 18:28:20.315861,28,N/A
2734,2025-01-11 18:28:22.098600,20,N/A
2735,2025-01-11 18:28:22.909924,8,N/A
2736,2025-01-11 18:28:24.959863,28,N/A
2737,2025-01-11 18:28:25.929974,11,N/A
2738,2025-01-11 18:28:28.013640,27,N/A
2739,2025-01-11 18:28:29.234945,13,N/A
2740,2025-01-11 18:28:31.340237,30,N/A
2741,2025-01-11 18:28:32.932492,22,N/A
2742,2025-01-11 18:28:35.108705,34,N/A
2743,2025-01-11 18:28:36.287485,18,N/A
2744,2025-01-11 18:28:38.322678,31,N/A
2745,2025-01-11 18:28:41.258057,41,N/A
2746,2025-01-11 18:28:42.953884,22,N/A
2747,2025-01-11 18:44:13.064353,34,N/A
2748,2025-01-11 18:44:14.728323,22,N/A
2749,2025-01-11 18:44:16.446025,22,N/A
2750,2025-01-11 18:44:18.254364,24,N/A
2751,2025-01-11 18:44:19.706853,19,N/A
2752,2025-01-11 18:44:22.069839,32,N/A
2753,2025-01-11 18:44:23.698786,21,N/A
2754,2025-01-11 18:44:25.484777,21,N/A
2755,2025-01-11 18:44:27.508748,27,N/A
2756,2025-01-11 18:44:28.543232,19,N/A
2757,2025-01-11 18:44:30.357266,22,N/A
2758,2025-01-11 18:44:32.341797,26,N/A
2759,2025-01-11 18:44:34.568073,29,N/A
2760,2025-01-11 18:44:36.739278,27,N/A
2761,2025-01-11 18:44:38.915591,28,N/A
2762,2025-01-11 18:44:40.907464,23,N/A
2763,2025-01-11 18:44:42.730456,25,N/A
2764,2025-01-11 18:44:43.534908,8,N/A
2765,2025-01-11 18:44:45.610071,26,N/A
2766,2025-01-11 18:44:47.115786,19,N/A
2767,2025-01-11 18:44:49.555186,30,N/A
2768,2025-01-11 18:44:50.693626,13,N/A
2769,2025-01-11 18:44:51.934115,12,N/A
2770,2025-01-11 19:00:19.588715,21,N/A
2771,2025-01-11 19:00:22.258042,35,N/A
2772,2025-01-12 23:11:43.448855,14,N/A
2773,2025-01-12 23:11:45.217485,26,N/A
2774,2025-01-12 23:11:48.656794,19,N/A
2775,2025-01-12 23:11:50.724951,23,N/A
2776,2025-01-12 23:11:54.015037,18,N/A
2777,2025-01-12 23:11:57.441993,17,N/A
2778,2025-01-12 23:11:59.117668,21,N/A
2779,2025-01-12 23:12:01.377605,26,N/A
2780,2025-01-12 23:12:03.128132,24,N/A
2781,2025-01-12 23:12:05.411321,24,N/A
2782,2025-01-12 23:12:07.677277,21,N/A
2783,2025-01-12 23:12:09.449755,26,N/A
2784,2025-01-12 23:12:10.427456,12,N/A
2785,2025-01-12 23:12:11.517337,17,N/A
2786,2025-01-12 23:12:12.760060,13,N/A
2787,2025-01-12 23:12:13.835892,14,N/A
2788,2025-01-12 23:12:16.016528,29,N/A
2789,2025-01-12 23:12:17.520635,16,N/A
2790,2025-01-12 23:12:18.915943,21,N/A
2791,2025-01-12 23:12:20.223778,20,N/A
2792,2025-01-12 23:12:22.690500,34,N/A
2793,2025-01-12 23:12:24.634538,27,N/A
2794,2025-01-12 23:12:25.814942,15,N/A
2795,2025-01-12 23:12:27.470545,22,N/A
2796,2025-01-12 23:12:28.962963,20,N/A
2797,2025-01-12 23:12:31.227999,32,N/A
2798,2025-01-12 23:12:32.293894,12,N/A
2799,2025-01-12 23:12:34.055472,32,N/A
2800,2025-01-12 23:12:36.209242,29,N/A
2801,2025-01-12 23:12:37.784005,22,N/A
2802,2025-01-12 23:12:39.354162,25,N/A
2803,2025-01-12 23:12:40.735520,19,N/A
2804,2025-01-12 23:12:42.246785,15,N/A
2805,2025-01-12 23:12:44.550299,36,N/A
2806,2025-01-12 23:12:46.678242,27,N/A
2807,2025-01-12 23:12:49.054406,32,N/A
2808,2025-01-12 23:12:50.446674,14,N/A
2809,2025-01-12 23:12:51.992459,19,N/A
2810,2025-01-12 23:12:53.331727,18,N/A
2811,2025-01-12 23:12:54.121632,7,N/A
2812,2025-01-12 23:12:55.788559,17,N/A
2813,2025-01-12 23:12:57.186510,16,N/A
2814,2025-01-12 23:12:59.174797,31,N/A
2815,2025-01-12 23:13:00.756716,21,N/A
2816,2025-01-12 23:13:02.489707,20,N/A
2817,2025-01-12 23:13:04.140224,25,N/A
2818,2025-01-12 23:13:05.823362,23,N/A
2819,2025-01-12 23:13:07.570422,26,N/A
2820,2025-01-12 23:13:09.140852,28,N/A
2821,2025-01-12 23:13:10.302276,17,N/A
2822,2025-01-12 23:13:11.724330,13,N/A
2823,2025-01-12 23:13:13.244542,20,N/A
2824,2025-01-12 23:13:14.140825,10,N/A
2825,2025-01-12 23:13:15.898599,23,N/A
2826,2025-01-12 23:13:17.411461,20,N/A
2827,2025-01-12 23:13:18.869252,20,N/A
2828,2025-01-12 23:13:20.726649,27,N/A
2829,2025-01-12 23:13:22.510286,21,N/A
2830,2025-01-12 23:13:23.703099,13,N/A
2831,2025-01-12 23:13:25.783597,29,N/A
2832,2025-01-12 23:13:27.054745,17,N/A
2833,2025-01-12 23:13:27.899689,8,N/A
2834,2025-01-12 23:13:29.717213,19,N/A
2835,2025-01-12 23:13:31.548881,30,N/A
2836,2025-01-12 23:13:33.180497,19,N/A
2837,2025-01-12 23:13:35.287067,32,N/A
2838,2025-01-12 23:13:36.736385,19,N/A
2839,2025-01-12 23:13:39.160123,30,N/A
2840,2025-01-12 23:13:40.001078,7,N/A
2841,2025-01-12 23:13:41.805794,23,N/A
2842,2025-01-12 23:13:43.311647,21,N/A
2843,2025-01-12 23:13:44.697199,17,N/A
2844,2025-01-12 23:13:46.458399,22,N/A
2845,2025-01-12 23:13:47.900906,18,N/A
2846,2025-01-12 23:13:49.435242,21,N/A
2847,2025-01-12 23:13:51.676376,34,N/A
2848,2025-01-12 23:13:53.913680,31,N/A
2849,2025-01-12 23:13:55.162515,21,N/A
2850,2025-01-12 23:13:56.524127,15,N/A
2851,2025-01-12 23:13:58.260213,25,N/A
2852,2025-01-12 23:13:59.385068,13,N/A
2853,2025-01-12 23:14:06.392772,17,N/A
2854,2025-01-12 23:14:08.106502,21,N/A
2855,2025-01-12 23:14:10.023432,25,N/A
2856,2025-01-12 23:14:11.662894,21,N/A
2857,2025-01-12 23:14:14.173146,34,N/A
2858,2025-01-12 23:29:31.465180,24,N/A
2859,2025-01-12 23:29:33.251603,25,N/A
2860,2025-01-12 23:29:35.658564,28,N/A
2861,2025-01-12 23:29:37.805693,35,N/A
2862,2025-01-12 23:29:38.662044,23,N/A
2863,2025-01-12 23:29:41.344957,36,N/A
2864,2025-01-12 23:29:42.774250,14,N/A
2865,2025-01-12 23:29:44.200713,17,N/A
2866,2025-01-12 23:29:46.283170,25,N/A
2867,2025-01-12 23:29:47.853619,20,N/A
2868,2025-01-12 23:29:48.751374,8,N/A
2869,2025-01-12 23:29:49.846004,11,N/A
2870,2025-01-12 23:29:51.363632,15,N/A
2871,2025-01-12 23:29:52.620851,16,N/A
2872,2025-01-12 23:29:54.340950,23,N/A
2873,2025-01-12 23:29:56.181930,24,N/A
2874,2025-01-12 23:29:57.314834,13,N/A
2875,2025-01-12 23:29:59.306598,22,N/A
2876,2025-01-12 23:30:00.752284,18,N/A
2877,2025-01-12 23:30:02.066096,14,N/A
2878,2025-01-12 23:30:04.055914,29,N/A
2879,2025-01-12 23:30:05.623176,23,N/A
2880,2025-01-12 23:30:07.628534,32,N/A
2881,2025-01-12 23:30:09.853888,28,N/A
2882,2025-01-12 23:30:12.154727,30,N/A
2883,2025-01-12 23:45:41.164384,34,N/A
2884,2025-01-12 23:45:42.845785,25,N/A
2885,2025-01-12 23:45:43.598372,13,N/A
2886,2025-01-12 23:45:44.974923,22,N/A
2887,2025-01-12 23:45:46.349968,15,N/A
2888,2025-01-12 23:45:48.076014,21,N/A
2889,2025-01-12 23:45:50.317020,29,N/A
2890,2025-01-12 23:45:52.263119,18,N/A
2891,2025-01-12 23:45:53.796584,24,N/A
2892,2025-01-12 23:45:55.597200,25,N/A
2893,2025-01-12 23:45:57.781243,26,N/A
2894,2025-01-12 23:45:59.387931,25,N/A
2895,2025-01-12 23:46:01.702779,31,N/A
2896,2025-01-12 23:46:03.923524,28,N/A
2897,2025-01-12 23:46:05.443652,21,N/A
2898,2025-01-12 23:46:07.087394,20,N/A
2899,2025-01-12 23:46:08.345662,13,N/A
2900,2025-01-12 23:46:09.300227,9,N/A
2901,2025-01-12 23:46:11.905237,37,N/A
2902,2025-01-12 23:46:14.298934,36,N/A
2903,2025-01-12 23:46:15.691104,19,N/A
2904,2025-01-12 23:46:17.054170,17,N/A
2905,2025-01-12 23:46:18.379415,13,N/A
2906,2025-01-12 23:46:20.019048,21,N/A
2907,2025-01-13 00:01:47.277216,24,N/A
2908,2025-01-13 00:01:47.556814,17,N/A
2909,2025-01-13 00:01:47.808516,15,N/A
2910,2025-01-13 00:01:49.011480,22,N/A
2911,2025-01-13 00:01:51.014611,21,N/A
2912,2025-01-13 00:01:52.583239,19,N/A
2913,2025-01-13 00:01:55.383263,33,N/A
2914,2025-01-13 00:01:57.090258,23,N/A
2915,2025-01-13 00:01:58.633973,19,N/A
2916,2025-01-13 00:02:00.367774,26,N/A
2917,2025-01-13 00:02:01.793911,17,N/A
2918,2025-01-13 00:02:03.470687,24,N/A
2919,2025-01-13 00:02:05.354477,25,N/A
2920,2025-01-13 00:02:07.556699,29,N/A
2921,2025-01-13 00:02:08.879654,16,N/A
2922,2025-01-13 00:02:10.851275,28,N/A
2923,2025-01-13 00:02:12.399941,15,N/A
2924,2025-01-13 00:02:13.516486,13,N/A
2925,2025-01-13 00:02:15.621977,25,N/A
2926,2025-01-13 00:02:17.882608,34,N/A
2927,2025-01-13 00:02:19.585007,24,N/A
2928,2025-01-13 00:02:20.765508,13,N/A
2929,2025-01-13 00:02:21.640233,7,N/A
2930,2025-01-13 00:02:22.419797,6,N/A
2931,2025-01-13 00:02:23.505366,10,N/A
2932,2025-01-13 00:02:25.035797,18,N/A
2933,2025-01-13 00:02:28.559739,11,N/A
2934,2025-01-13 00:12:43.388371,13,N/A
2935,2025-01-13 00:12:44.895254,15,N/A
2936,2025-01-13 00:12:47.882947,40,N/A
2937,2025-01-13 00:12:49.369220,19,N/A
2938,2025-01-13 00:12:51.284183,25,N/A
2939,2025-01-13 00:12:53.040538,23,N/A
2940,2025-01-13 00:12:54.553274,18,N/A
2941,2025-01-13 00:12:56.445231,29,N/A
2942,2025-01-13 00:12:57.577849,10,N/A
2943,2025-01-13 00:12:58.569077,10,N/A
2944,2025-01-13 00:13:00.028894,18,N/A
2945,2025-01-13 00:13:01.636310,22,N/A
2946,2025-01-13 00:13:02.987034,14,N/A
2947,2025-01-13 00:13:05.465123,33,N/A
2948,2025-01-13 00:13:07.718720,30,N/A
2949,2025-01-13 00:13:09.774734,28,N/A
2950,2025-01-13 00:13:11.155070,13,N/A
2951,2025-01-13 00:13:12.874082,18,N/A
2952,2025-01-13 00:13:14.485624,18,N/A
2953,2025-01-13 00:13:15.775020,15,N/A
2954,2025-01-13 00:13:17.220560,20,N/A
2955,2025-01-13 00:13:20.051208,37,N/A
2956,2025-01-13 00:13:21.977568,23,N/A
2957,2025-01-13 00:13:24.071240,26,N/A
2958,2025-01-13 00:28:51.338856,13,N/A
2959,2025-01-13 00:28:52.754385,15,N/A
2960,2025-01-13 00:28:54.441357,29,N/A
2961,2025-01-13 00:28:56.894783,30,N/A
2962,2025-01-13 00:28:59.010189,29,N/A
2963,2025-01-13 00:29:00.714022,16,N/A
2964,2025-01-13 00:29:02.369771,17,N/A
2965,2025-01-13 00:29:04.013986,15,N/A
2966,2025-01-13 00:29:04.507596,5,N/A
2967,2025-01-13 00:29:06.345835,31,N/A
2968,2025-01-13 00:29:08.172390,25,N/A
2969,2025-01-13 00:29:09.933744,20,N/A
2970,2025-01-13 00:29:11.323136,20,N/A
2971,2025-01-13 00:29:12.585233,14,N/A
2972,2025-01-13 00:29:14.148085,17,N/A
2973,2025-01-13 00:29:15.960059,20,N/A
2974,2025-01-13 00:29:18.128998,28,N/A
2975,2025-01-13 00:29:19.761905,20,N/A
2976,2025-01-13 00:29:22.414852,32,N/A
2977,2025-01-13 00:29:24.667813,30,N/A
2978,2025-01-13 00:29:26.493637,23,N/A
2979,2025-01-13 00:29:28.229834,18,N/A
2980,2025-01-13 00:29:29.718471,14,N/A
2981,2025-01-13 00:44:58.136179,27,N/A
2982,2025-01-13 00:44:59.629430,19,N/A
2983,2025-01-13 00:45:01.022654,14,N/A
2984,2025-01-13 00:45:03.650203,31,N/A
2985,2025-01-13 00:45:06.143725,34,N/A
2986,2025-01-13 00:45:08.454104,31,N/A
2987,2025-01-13 00:45:11.320936,42,N/A
2988,2025-01-13 00:45:12.860311,17,N/A
2989,2025-01-13 00:45:14.196219,14,N/A
2990,2025-01-13 00:45:16.353699,25,N/A
2991,2025-01-13 00:45:17.314239,12,N/A
2992,2025-01-13 00:45:19.497209,24,N/A
2993,2025-01-13 00:45:21.181998,22,N/A
2994,2025-01-13 00:45:22.577984,13,N/A
2995,2025-01-13 00:45:24.882106,30,N/A
2996,2025-01-13 00:45:28.660523,47,N/A
2997,2025-01-13 00:45:30.675379,24,N/A
2998,2025-01-13 00:45:32.209692,16,N/A
2999,2025-01-13 00:45:33.749262,17,N/A
3000,2025-01-13 00:45:35.120444,16,N/A
3001,2025-01-13 00:45:36.605351,13,N/A
3002,2025-01-13 00:45:38.431586,23,N/A
3003,2025-01-13 00:45:39.940132,16,N/A
3004,2025-01-13 01:01:07.116056,19,N/A
3005,2025-01-13 01:01:07.657077,31,N/A
3006,2025-01-13 01:01:08.509458,20,N/A
3007,2025-01-13 01:01:10.453154,24,N/A
3008,2025-01-13 01:01:11.254236,19,N/A
3009,2025-01-13 01:01:13.965537,41,N/A
3010,2025-01-13 01:01:15.293841,14,N/A
3011,2025-01-13 01:01:17.366705,21,N/A
3012,2025-01-13 01:01:19.546507,26,N/A
3013,2025-01-13 01:01:21.069590,24,N/A
3014,2025-01-13 01:01:21.875520,13,N/A
3015,2025-01-13 01:01:22.932969,11,N/A
3016,2025-01-13 01:01:25.531025,36,N/A
3017,2025-01-13 01:01:27.829158,34,N/A
3018,2025-01-13 01:01:29.203663,17,N/A
3019,2025-01-13 01:01:30.370488,16,N/A
3020,2025-01-13 01:01:31.955315,18,N/A
3021,2025-01-13 01:01:32.717880,7,N/A
3022,2025-01-13 01:01:34.531216,24,N/A
3023,2025-01-13 01:01:36.370673,23,N/A
3024,2025-01-13 01:01:37.600317,11,N/A
3025,2025-01-13 01:01:38.976779,15,N/A
3026,2025-01-13 01:01:40.337499,16,N/A
3027,2025-01-13 01:01:42.418344,31,N/A
3028,2025-01-13 01:01:44.433746,34,N/A
3029,2025-01-13 01:01:45.581568,12,N/A
3030,2025-01-13 01:01:47.836728,33,N/A
3031,2025-01-13 01:13:43.458899,28,N/A
3032,2025-01-13 01:13:45.624640,26,N/A
3033,2025-01-13 01:13:46.605021,10,N/A
3034,2025-01-13 01:13:47.890987,15,N/A
3035,2025-01-13 01:13:50.937333,43,N/A
3036,2025-01-13 01:13:53.129279,30,N/A
3037,2025-01-13 01:13:55.511146,32,N/A
3038,2025-01-13 01:13:57.449764,27,N/A
3039,2025-01-13 01:13:58.621134,16,N/A
3040,2025-01-13 01:14:01.306541,32,N/A
3041,2025-01-13 01:14:02.429202,10,N/A
3042,2025-01-13 01:14:04.420995,27,N/A
3043,2025-01-13 01:14:05.684276,14,N/A
3044,2025-01-13 01:14:06.878713,12,N/A
3045,2025-01-13 01:14:08.579135,17,N/A
3046,2025-01-13 01:14:09.884792,15,N/A
3047,2025-01-13 01:14:11.540142,23,N/A
3048,2025-01-13 01:14:13.431666,30,N/A
3049,2025-01-13 01:14:14.792254,15,N/A
3050,2025-01-13 01:14:16.609376,25,N/A
3051,2025-01-13 01:14:17.998861,15,N/A
3052,2025-01-13 01:14:19.729829,19,N/A
3053,2025-01-13 01:14:22.172641,33,N/A
3054,2025-01-13 01:14:23.706039,17,N/A
3055,2025-01-13 01:29:51.626727,28,N/A
3056,2025-01-13 01:29:53.157175,17,N/A
3057,2025-01-13 01:29:55.390692,29,N/A
3058,2025-01-13 01:29:57.545879,27,N/A
3059,2025-01-13 01:29:58.479595,7,N/A
3060,2025-01-13 01:30:00.209138,27,N/A
3061,2025-01-13 01:30:01.927193,27,N/A
3062,2025-01-13 01:30:03.521061,19,N/A
3063,2025-01-13 01:30:05.777305,26,N/A
3064,2025-01-13 01:30:06.689188,9,N/A
3065,2025-01-13 01:30:08.551511,23,N/A
3066,2025-01-13 01:30:09.574974,8,N/A
3067,2025-01-13 01:30:10.733535,15,N/A
3068,2025-01-13 01:30:12.393126,14,N/A
3069,2025-01-13 01:30:13.539770,12,N/A
3070,2025-01-13 01:30:14.982131,17,N/A
3071,2025-01-13 01:30:16.440039,18,N/A
3072,2025-01-13 01:30:18.503795,24,N/A
3073,2025-01-13 01:30:20.790380,31,N/A
3074,2025-01-13 01:30:22.400101,17,N/A
3075,2025-01-13 01:30:24.187208,21,N/A
3076,2025-01-13 01:30:25.980651,26,N/A
3077,2025-01-13 01:30:27.100045,12,N/A
3078,2025-01-13 01:30:28.757511,19,N/A
3079,2025-01-13 01:30:30.905415,29,N/A
3080,2025-01-13 01:30:32.130408,14,N/A
3081,2025-01-13 01:45:59.624887,15,N/A
3082,2025-01-13 01:46:01.996061,29,N/A
3083,2025-01-13 01:46:03.398963,19,N/A
3084,2025-01-13 01:46:04.354537,7,N/A
3085,2025-01-13 01:46:05.651522,17,N/A
3086,2025-01-13 01:46:07.123117,18,N/A
3087,2025-01-13 01:46:09.202603,25,N/A
3088,2025-01-13 01:46:11.585891,33,N/A
3089,2025-01-13 01:46:13.206265,25,N/A
3090,2025-01-13 01:46:15.474962,33,N/A
3091,2025-01-13 01:46:17.537187,25,N/A
3092,2025-01-13 01:46:19.475563,23,N/A
3093,2025-01-13 01:46:20.866361,13,N/A
3094,2025-01-13 01:46:24.201607,41,N/A
3095,2025-01-13 01:46:25.732321,17,N/A
3096,2025-01-13 01:46:27.666650,23,N/A
3097,2025-01-13 01:46:28.622736,7,N/A
3098,2025-01-13 01:46:29.923256,13,N/A
3099,2025-01-13 01:46:32.349257,30,N/A
3100,2025-01-13 01:46:34.087236,18,N/A
3101,2025-01-13 01:46:35.689977,20,N/A
3102,2025-01-13 01:46:36.450509,5,N/A
3103,2025-01-13 01:46:37.407381,10,N/A
3104,2025-01-13 01:46:39.633124,28,N/A
3105,2025-01-13 02:02:06.900543,16,N/A
3106,2025-01-13 02:02:08.697593,19,N/A
3107,2025-01-13 02:02:10.302009,18,N/A
3108,2025-01-13 02:02:12.215110,25,N/A
3109,2025-01-13 02:02:12.976334,7,N/A
3110,2025-01-13 02:02:15.103379,27,N/A
3111,2025-01-13 02:02:16.870807,24,N/A
3112,2025-01-13 02:02:20.074393,35,N/A
3113,2025-01-13 02:02:22.004596,21,N/A
3114,2025-01-13 02:02:24.264974,31,N/A
3115,2025-01-13 02:02:26.251082,26,N/A
3116,2025-01-13 02:02:27.870081,21,N/A
3117,2025-01-13 02:02:29.477061,20,N/A
3118,2025-01-13 02:02:31.163148,16,N/A
3119,2025-01-13 02:02:33.081354,22,N/A
3120,2025-01-13 02:02:34.609575,18,N/A
3121,2025-01-13 02:02:36.758001,27,N/A
3122,2025-01-13 02:02:38.629476,25,N/A
3123,2025-01-13 02:02:41.440202,39,N/A
3124,2025-01-13 02:02:42.848673,18,N/A
3125,2025-01-13 02:02:44.871113,22,N/A
3126,2025-01-13 02:18:13.255345,15,N/A
3127,2025-01-13 02:18:15.382601,23,N/A
3128,2025-01-13 02:18:16.543926,12,N/A
3129,2025-01-13 02:18:18.085960,29,N/A
3130,2025-01-13 02:18:19.745881,23,N/A
3131,2025-01-13 02:18:20.661523,9,N/A
3132,2025-01-13 02:18:22.266336,21,N/A
3133,2025-01-13 02:18:23.809941,19,N/A
3134,2025-01-13 02:18:25.700295,24,N/A
3135,2025-01-13 02:18:27.589873,20,N/A
3136,2025-01-13 02:18:28.754032,23,N/A
3137,2025-01-13 02:18:30.462729,21,N/A
3138,2025-01-13 02:18:32.115000,20,N/A
3139,2025-01-13 02:18:33.930709,25,N/A
3140,2025-01-13 02:34:02.327933,33,N/A
3141,2025-01-13 02:34:03.756994,16,N/A
3142,2025-01-13 02:34:04.941052,11,N/A
3143,2025-01-13 02:34:07.045238,27,N/A
3144,2025-01-13 02:34:08.095567,11,N/A
3145,2025-01-13 02:34:10.001102,21,N/A
3146,2025-01-13 02:34:11.924994,22,N/A
3147,2025-01-13 02:34:14.144791,30,N/A
3148,2025-01-13 02:34:16.489748,29,N/A
3149,2025-01-13 02:34:17.613413,12,N/A
3150,2025-01-13 02:34:20.542915,43,N/A
3151,2025-01-13 02:34:22.559120,29,N/A
3152,2025-01-13 02:34:23.814745,10,N/A
3153,2025-01-13 02:34:25.388076,21,N/A
3154,2025-01-13 02:34:27.205217,22,N/A
3155,2025-01-13 02:34:28.979351,25,N/A
3156,2025-01-13 02:34:31.437340,30,N/A
3157,2025-01-13 02:34:32.699611,17,N/A
3158,2025-01-13 02:34:34.302212,18,N/A
3159,2025-01-13 02:34:36.342469,25,N/A
3160,2025-01-13 02:34:37.998155,19,N/A
3161,2025-01-13 02:34:39.456627,15,N/A
3162,2025-01-13 02:34:41.536543,28,N/A
3163,2025-01-13 02:34:43.147872,23,N/A
3164,2025-01-13 02:50:10.003763,22,N/A
3165,2025-01-13 02:50:11.903668,18,N/A
3166,2025-01-13 02:50:13.667768,21,N/A
3167,2025-01-13 02:50:15.168248,19,N/A
3168,2025-01-13 02:50:17.059907,26,N/A
3169,2025-01-13 02:50:18.203963,14,N/A
3170,2025-01-13 02:50:20.004501,25,N/A
3171,2025-01-13 02:50:22.207974,25,N/A
3172,2025-01-13 02:50:23.895767,21,N/A
3173,2025-01-13 02:50:25.228781,13,N/A
3174,2025-01-13 02:50:26.152998,9,N/A
3175,2025-01-13 02:50:27.485462,16,N/A
3176,2025-01-13 02:50:28.940689,16,N/A
3177,2025-01-13 02:50:30.781928,25,N/A
3178,2025-01-13 02:50:32.735164,26,N/A
3179,2025-01-13 02:50:34.131581,22,N/A
3180,2025-01-13 02:50:35.775703,17,N/A
3181,2025-01-13 02:50:38.028713,27,N/A
3182,2025-01-13 02:50:40.109263,30,N/A
3183,2025-01-13 02:50:42.102153,25,N/A
3184,2025-01-13 02:50:43.853141,25,N/A
3185,2025-01-13 02:50:45.449999,24,N/A
3186,2025-01-13 02:50:46.942934,19,N/A
3187,2025-01-13 02:50:48.823769,23,N/A
3188,2025-01-13 02:50:50.414916,21,N/A
3189,2025-01-13 03:06:16.481858,13,N/A
3190,2025-01-13 03:06:17.704512,14,N/A
3191,2025-01-13 03:06:20.184731,31,N/A
3192,2025-01-13 03:06:21.979854,23,N/A
3193,2025-01-13 03:06:23.089265,14,N/A
3194,2025-01-13 03:06:24.787144,19,N/A
3195,2025-01-13 03:06:25.576242,7,N/A
3196,2025-01-13 03:06:26.589677,9,N/A
3197,2025-01-13 03:06:27.877078,14,N/A
3198,2025-01-13 03:06:29.790331,23,N/A
3199,2025-01-13 03:06:30.823632,8,N/A
3200,2025-01-13 03:06:32.391093,19,N/A
3201,2025-01-13 03:06:34.324652,25,N/A
3202,2025-01-13 03:06:36.193322,23,N/A
3203,2025-01-13 03:06:37.625520,20,N/A
3204,2025-01-13 03:06:39.466260,24,N/A
3205,2025-01-13 03:06:41.002432,19,N/A
3206,2025-01-13 03:06:43.210699,30,N/A
3207,2025-01-13 03:06:45.732261,29,N/A
3208,2025-01-13 03:06:48.022641,31,N/A
3209,2025-01-13 03:06:49.386316,17,N/A
3210,2025-01-13 03:06:50.703148,17,N/A
3211,2025-01-13 03:06:52.355754,23,N/A
3212,2025-01-13 03:06:53.960409,22,N/A
3213,2025-01-13 03:06:55.515928,19,N/A
3214,2025-01-13 03:06:57.385487,25,N/A
3215,2025-01-13 03:22:25.104054,22,N/A
3216,2025-01-13 03:22:26.509227,19,N/A
3217,2025-01-13 03:22:28.077010,30,N/A
3218,2025-01-13 03:22:29.651817,20,N/A
3219,2025-01-13 03:22:31.426649,30,N/A
3220,2025-01-13 03:22:33.368747,27,N/A
3221,2025-01-13 03:22:34.543062,14,N/A
3222,2025-01-13 03:22:37.648401,37,N/A
3223,2025-01-13 03:22:38.654908,16,N/A
3224,2025-01-13 03:22:40.397985,29,N/A
3225,2025-01-13 03:22:41.461551,11,N/A
3226,2025-01-13 03:22:43.940112,33,N/A
3227,2025-01-13 03:22:45.349373,14,N/A
3228,2025-01-13 03:22:46.257308,12,N/A
3229,2025-01-13 03:22:47.560588,15,N/A
3230,2025-01-13 03:22:48.473976,11,N/A
3231,2025-01-13 03:22:49.041642,17,N/A
3232,2025-01-13 03:22:49.945327,15,N/A
3233,2025-01-13 03:22:52.040058,29,N/A
3234,2025-01-13 03:22:53.704165,20,N/A
3235,2025-01-13 03:22:55.464389,27,N/A
3236,2025-01-13 03:22:56.689725,14,N/A
3237,2025-01-13 03:22:57.708266,7,N/A
3238,2025-01-13 03:22:59.212758,18,N/A
3239,2025-01-13 03:23:00.796565,17,N/A
3240,2025-01-13 03:23:03.163037,36,N/A
3241,2025-01-13 03:23:05.353376,32,N/A
3242,2025-01-13 03:23:06.476261,13,N/A
3243,2025-01-13 03:38:06.763136,33,N/A
3244,2025-01-13 03:38:09.140954,30,N/A
3245,2025-01-13 03:38:10.564561,13,N/A
3246,2025-01-13 03:38:11.826329,14,N/A
3247,2025-01-13 03:38:13.507869,20,N/A
3248,2025-01-13 03:38:15.482959,24,N/A
3249,2025-01-13 03:38:17.053780,19,N/A
3250,2025-01-13 03:38:18.707024,18,N/A
3251,2025-01-13 03:38:20.707200,28,N/A
3252,2025-01-13 03:38:22.449740,22,N/A
3253,2025-01-13 03:38:23.517086,9,N/A
3254,2025-01-13 03:38:25.300425,20,N/A
3255,2025-01-13 03:38:26.818838,17,N/A
3256,2025-01-13 03:38:28.439495,21,N/A
3257,2025-01-13 03:38:30.229582,18,N/A
3258,2025-01-13 03:38:32.419274,31,N/A
3259,2025-01-13 03:38:34.324216,29,N/A
3260,2025-01-13 03:38:35.689363,18,N/A
3261,2025-01-13 03:38:37.323616,18,N/A
3262,2025-01-13 03:38:38.587248,13,N/A
3263,2025-01-13 03:38:39.799633,13,N/A
3264,2025-01-13 03:38:41.022236,16,N/A
3265,2025-01-13 03:38:42.082902,7,N/A
3266,2025-01-13 03:38:43.755051,22,N/A
3267,2025-01-13 03:38:45.756472,26,N/A
3268,2025-01-13 03:38:46.810996,10,N/A
3269,2025-01-13 03:54:14.230403,22,N/A
3270,2025-01-13 03:54:16.555267,28,N/A
3271,2025-01-13 03:54:18.128989,17,N/A
3272,2025-01-13 03:54:20.453679,31,N/A
3273,2025-01-13 03:54:22.066094,22,N/A
3274,2025-01-13 03:54:23.306425,14,N/A
3275,2025-01-13 03:54:25.940218,34,N/A
3276,2025-01-13 03:54:27.373480,21,N/A
3277,2025-01-13 03:54:28.933405,17,N/A
3278,2025-01-13 03:54:30.307928,16,N/A
3279,2025-01-13 03:54:31.709570,21,N/A
3280,2025-01-13 03:54:34.126562,31,N/A
3281,2025-01-13 03:54:35.180258,10,N/A
3282,2025-01-13 03:54:36.108429,7,N/A
3283,2025-01-13 03:54:37.536291,18,N/A
3284,2025-01-13 03:54:38.452212,6,N/A
3285,2025-01-13 03:54:40.175636,21,N/A
3286,2025-01-13 03:54:40.926056,5,N/A
3287,2025-01-13 03:54:41.794189,8,N/A
3288,2025-01-13 03:54:43.496855,23,N/A
3289,2025-01-13 03:54:45.610989,29,N/A
3290,2025-01-13 03:54:46.426047,7,N/A
3291,2025-01-13 03:54:48.238059,25,N/A
3292,2025-01-13 03:54:49.372352,11,N/A
3293,2025-01-13 03:54:51.311704,23,N/A
3294,2025-01-13 03:54:53.166574,29,N/A
3295,2025-01-13 03:54:55.221463,24,N/A
3296,2025-01-13 04:10:22.614352,19,N/A
3297,2025-01-13 04:10:24.178058,19,N/A
3298,2025-01-13 04:10:25.504099,18,N/A
3299,2025-01-13 04:10:26.415216,18,N/A
3300,2025-01-13 04:10:27.971658,19,N/A
3301,2025-01-13 04:10:29.793808,24,N/A
3302,2025-01-13 04:10:32.217929,21,N/A
3303,2025-01-13 04:10:34.963918,32,N/A
3304,2025-01-13 04:10:36.246164,24,N/A
3305,2025-01-13 04:10:37.684154,21,N/A
3306,2025-01-13 04:10:38.710270,15,N/A
3307,2025-01-13 04:10:40.312018,15,N/A
3308,2025-01-13 04:10:41.968786,15,N/A
3309,2025-01-13 04:10:44.312125,28,N/A
3310,2025-01-13 04:10:45.446242,14,N/A
3311,2025-01-13 04:10:47.197287,22,N/A
3312,2025-01-13 04:10:49.032193,27,N/A
3313,2025-01-13 04:10:50.494859,17,N/A
3314,2025-01-13 04:10:52.140291,20,N/A
3315,2025-01-13 04:10:53.462287,18,N/A
3316,2025-01-13 04:10:55.483982,23,N/A
3317,2025-01-13 04:10:57.915531,35,N/A
3318,2025-01-13 04:10:59.366330,15,N/A
3319,2025-01-13 04:11:01.291869,20,N/A
3320,2025-01-13 04:11:03.733962,30,N/A
3321,2025-01-13 04:26:31.028096,18,N/A
3322,2025-01-13 04:26:32.337602,15,N/A
3323,2025-01-13 04:26:34.089384,22,N/A
3324,2025-01-13 04:26:36.101323,22,N/A
3325,2025-01-13 04:26:37.784066,24,N/A
3326,2025-01-13 04:26:39.308327,15,N/A
3327,2025-01-13 04:26:40.416911,13,N/A
3328,2025-01-13 04:26:42.084504,16,N/A
3329,2025-01-13 04:26:43.729100,16,N/A
3330,2025-01-13 04:26:45.291511,18,N/A
3331,2025-01-13 04:26:46.625605,15,N/A
3332,2025-01-13 04:26:48.374629,25,N/A
3333,2025-01-13 04:26:50.118103,22,N/A
3334,2025-01-13 04:26:51.713803,19,N/A
3335,2025-01-13 04:26:55.676131,18,N/A
3336,2025-01-13 04:26:56.935743,14,N/A
3337,2025-01-13 04:26:57.948533,8,N/A
3338,2025-01-13 04:26:59.718632,26,N/A
3339,2025-01-13 04:27:00.692524,8,N/A
3340,2025-01-13 04:27:02.124617,17,N/A
3341,2025-01-13 04:27:03.640893,17,N/A
3342,2025-01-13 04:27:04.844673,16,N/A
3343,2025-01-13 04:27:06.239064,17,N/A
3344,2025-01-13 04:27:10.444741,49,N/A
3345,2025-01-13 04:42:38.459137,23,N/A
3346,2025-01-13 04:42:40.499951,30,N/A
3347,2025-01-13 04:42:42.275072,23,N/A
3348,2025-01-13 04:42:44.184158,29,N/A
3349,2025-01-13 04:42:46.983244,39,N/A
3350,2025-01-13 04:42:48.659654,20,N/A
3351,2025-01-13 04:42:51.000459,33,N/A
3352,2025-01-13 04:42:53.086044,29,N/A
3353,2025-01-13 04:42:54.292099,10,N/A
3354,2025-01-13 04:42:56.394917,29,N/A
3355,2025-01-13 04:42:57.845008,20,N/A
3356,2025-01-13 04:43:00.554332,37,N/A
3357,2025-01-13 04:43:01.722001,13,N/A
3358,2025-01-13 04:43:03.768735,29,N/A
3359,2025-01-13 04:43:05.583822,18,N/A
3360,2025-01-13 04:43:07.611778,21,N/A
3361,2025-01-13 04:43:09.050373,19,N/A
3362,2025-01-13 04:43:10.602604,22,N/A
3363,2025-01-13 04:43:12.258121,24,N/A
3364,2025-01-13 04:43:13.433500,13,N/A
3365,2025-01-13 04:43:15.379785,32,N/A
3366,2025-01-13 04:43:16.522015,12,N/A
3367,2025-01-13 04:43:17.535233,9,N/A
3368,2025-01-13 04:43:19.151603,22,N/A
3369,2025-01-13 04:58:45.821582,19,N/A
3370,2025-01-13 04:58:48.148503,31,N/A
3371,2025-01-13 04:58:49.607723,15,N/A
3372,2025-01-13 04:58:51.284363,20,N/A
3373,2025-01-13 04:58:52.693375,18,N/A
3374,2025-01-13 04:58:54.072603,19,N/A
3375,2025-01-13 04:58:55.809524,19,N/A
3376,2025-01-13 04:58:57.720537,24,N/A
3377,2025-01-13 04:58:58.999404,15,N/A
3378,2025-01-13 04:59:01.053035,24,N/A
3379,2025-01-13 04:59:03.067393,29,N/A
3380,2025-01-13 04:59:04.166509,10,N/A
3381,2025-01-13 04:59:05.199503,9,N/A
3382,2025-01-13 04:59:07.247145,27,N/A
3383,2025-01-13 04:59:08.473493,14,N/A
3384,2025-01-13 04:59:10.429981,25,N/A
3385,2025-01-13 04:59:11.917255,17,N/A
3386,2025-01-13 04:59:13.353211,14,N/A
3387,2025-01-13 04:59:15.076787,20,N/A
3388,2025-01-13 04:59:18.003057,37,N/A
3389,2025-01-13 04:59:19.786763,19,N/A
3390,2025-01-13 04:59:21.977857,24,N/A
3391,2025-01-13 04:59:23.695044,21,N/A
3392,2025-01-13 04:59:25.316046,18,N/A
3393,2025-01-13 05:14:51.848594,23,N/A
3394,2025-01-13 05:14:53.793197,24,N/A
3395,2025-01-13 05:14:55.785473,34,N/A
3396,2025-01-13 05:14:57.140793,20,N/A
3397,2025-01-13 05:14:58.964453,23,N/A
3398,2025-01-13 05:15:01.812983,31,N/A
3399,2025-01-13 05:15:03.534420,14,N/A
3400,2025-01-13 05:15:05.082334,19,N/A
3401,2025-01-13 05:15:05.957231,18,N/A
3402,2025-01-13 05:15:07.532172,23,N/A
3403,2025-01-13 05:15:09.785086,27,N/A
3404,2025-01-13 05:15:12.179429,29,N/A
3405,2025-01-13 05:15:13.738904,20,N/A
3406,2025-01-13 05:15:15.384386,17,N/A
3407,2025-01-13 05:15:17.329442,23,N/A
3408,2025-01-13 05:15:19.009627,23,N/A
3409,2025-01-13 05:15:20.369878,13,N/A
3410,2025-01-13 05:15:21.587020,13,N/A
3411,2025-01-13 05:15:23.612460,32,N/A
3412,2025-01-13 05:15:26.242575,34,N/A
3413,2025-01-13 05:15:28.292132,28,N/A
3414,2025-01-13 05:15:30.399796,28,N/A
3415,2025-01-13 05:15:31.887816,14,N/A
3416,2025-01-13 05:31:00.520714,37,N/A
3417,2025-01-13 05:31:02.262293,20,N/A
3418,2025-01-13 05:31:04.264619,27,N/A
3419,2025-01-13 05:31:05.108345,6,N/A
3420,2025-01-13 05:31:06.318065,11,N/A
3421,2025-01-13 05:31:07.955719,21,N/A
3422,2025-01-13 05:31:09.030461,14,N/A
3423,2025-01-13 05:31:11.544717,30,N/A
3424,2025-01-13 05:31:12.754327,12,N/A
3425,2025-01-13 05:31:14.121379,13,N/A
3426,2025-01-13 05:31:15.703159,21,N/A
3427,2025-01-13 05:31:16.865762,15,N/A
3428,2025-01-13 05:31:17.814522,6,N/A
3429,2025-01-13 05:31:19.365206,16,N/A
3430,2025-01-13 05:31:21.140676,24,N/A
3431,2025-01-13 05:31:22.707243,15,N/A
3432,2025-01-13 05:31:24.498296,11,N/A
3433,2025-01-13 05:31:26.502357,26,N/A
3434,2025-01-13 05:31:28.281295,22,N/A
3435,2025-01-13 05:31:30.036777,28,N/A
3436,2025-01-13 05:31:31.947644,28,N/A
3437,2025-01-13 05:31:33.575453,23,N/A
3438,2025-01-13 05:31:36.147183,33,N/A
3439,2025-01-13 05:31:38.210709,31,N/A
3440,2025-01-13 05:31:39.446331,15,N/A
3441,2025-01-13 05:31:40.887434,18,N/A
3442,2025-01-13 05:31:41.977012,8,N/A
3443,2025-01-13 05:31:43.113697,13,N/A
3444,2025-01-13 05:47:10.241068,17,N/A
3445,2025-01-13 05:47:11.453081,9,N/A
3446,2025-01-13 05:47:12.869883,18,N/A
3447,2025-01-13 05:47:13.779957,9,N/A
3448,2025-01-13 05:47:15.350699,17,N/A
3449,2025-01-13 05:47:16.825790,17,N/A
3450,2025-01-13 05:47:18.125995,11,N/A
3451,2025-01-13 05:47:19.741121,20,N/A
3452,2025-01-13 05:47:21.724284,28,N/A
3453,2025-01-13 05:47:23.236748,14,N/A
3454,2025-01-13 05:47:25.115998,26,N/A
3455,2025-01-13 05:47:26.299963,15,N/A
3456,2025-01-13 05:47:27.672618,13,N/A
3457,2025-01-13 05:47:28.847391,13,N/A
3458,2025-01-13 05:47:30.461102,19,N/A
3459,2025-01-13 05:47:31.801833,14,N/A
3460,2025-01-13 05:47:33.823843,24,N/A
3461,2025-01-13 05:47:36.148343,32,N/A
3462,2025-01-13 05:47:37.476540,15,N/A
3463,2025-01-13 05:47:38.912065,16,N/A
3464,2025-01-13 05:47:40.663604,21,N/A
3465,2025-01-13 05:47:42.472152,22,N/A
3466,2025-01-13 05:47:44.108891,20,N/A
3467,2025-01-13 05:47:46.247785,26,N/A
3468,2025-01-13 05:47:47.659923,16,N/A
3469,2025-01-13 05:47:49.190669,18,N/A
3470,2025-01-13 06:01:00.473692,44,N/A
3471,2025-01-13 06:01:02.594839,29,N/A
3472,2025-01-13 06:01:03.937105,24,N/A
3473,2025-01-13 06:01:05.083323,13,N/A
3474,2025-01-13 06:01:05.952866,7,N/A
3475,2025-01-13 06:01:06.631079,17,N/A
3476,2025-01-13 06:01:09.250328,31,N/A
3477,2025-01-13 06:01:10.571461,14,N/A
3478,2025-01-13 06:01:12.574803,21,N/A
3479,2025-01-13 06:01:14.298185,36,N/A
3480,2025-01-13 06:01:15.497040,17,N/A
3481,2025-01-13 06:01:17.227282,20,N/A
3482,2025-01-13 06:01:18.262821,9,N/A
3483,2025-01-13 06:01:19.796170,19,N/A
3484,2025-01-13 06:01:21.879014,23,N/A
3485,2025-01-13 06:01:22.905868,8,N/A
3486,2025-01-13 06:01:23.776085,7,N/A
3487,2025-01-13 06:01:25.350210,17,N/A
3488,2025-01-13 06:01:27.105125,18,N/A
3489,2025-01-13 06:01:29.091370,23,N/A
3490,2025-01-13 06:01:30.565848,18,N/A
3491,2025-01-13 06:01:32.042779,14,N/A
3492,2025-01-13 06:01:33.862304,23,N/A
3493,2025-01-13 06:01:35.257084,18,N/A
3494,2025-01-13 06:01:36.494107,15,N/A
3495,2025-01-13 06:01:38.160557,15,N/A
3496,2025-01-13 06:01:39.246989,11,N/A
3497,2025-01-13 06:01:40.900563,20,N/A
3498,2025-01-13 06:17:01.854527,9,N/A
3499,2025-01-13 06:17:04.586656,34,N/A
3500,2025-01-13 06:17:06.241548,22,N/A
3501,2025-01-13 06:17:08.572656,33,N/A
3502,2025-01-13 06:17:10.056377,18,N/A
3503,2025-01-13 06:17:12.260307,29,N/A
3504,2025-01-13 06:17:14.449684,25,N/A
3505,2025-01-13 06:17:17.374952,40,N/A
3506,2025-01-13 06:17:19.547784,30,N/A
3507,2025-01-13 06:17:20.912697,14,N/A
3508,2025-01-13 06:17:22.673092,27,N/A
3509,2025-01-13 06:17:24.210048,19,N/A
3510,2025-01-13 06:17:25.378672,11,N/A
3511,2025-01-13 06:17:26.765857,15,N/A
3512,2025-01-13 06:17:28.247287,17,N/A
3513,2025-01-13 06:17:30.873211,33,N/A
3514,2025-01-13 06:17:32.263535,16,N/A
3515,2025-01-13 06:17:33.167004,8,N/A
3516,2025-01-13 06:17:34.977589,21,N/A
3517,2025-01-13 06:17:36.895177,22,N/A
3518,2025-01-13 06:17:38.420765,16,N/A
3519,2025-01-13 06:17:40.829293,26,N/A
3520,2025-01-13 06:17:42.262325,18,N/A
3521,2025-01-13 06:17:44.004283,22,N/A
3522,2025-01-13 06:33:11.664950,17,N/A
3523,2025-01-13 06:33:13.932846,34,N/A
3524,2025-01-13 06:33:14.866351,17,N/A
3525,2025-01-13 06:33:16.621071,26,N/A
3526,2025-01-13 06:33:18.308712,21,N/A
3527,2025-01-13 06:33:19.911997,17,N/A
3528,2025-01-13 06:33:21.112742,6,N/A
3529,2025-01-13 06:33:23.708621,24,N/A
3530,2025-01-13 06:33:24.779380,17,N/A
3531,2025-01-13 06:33:26.000888,20,N/A
3532,2025-01-13 06:33:27.753703,23,N/A
3533,2025-01-13 06:33:29.029500,16,N/A
3534,2025-01-13 06:33:30.520141,18,N/A
3535,2025-01-13 06:33:31.840318,21,N/A
3536,2025-01-13 06:33:33.544969,13,N/A
3537,2025-01-13 06:33:35.157343,17,N/A
3538,2025-01-13 06:33:36.935842,21,N/A
3539,2025-01-13 06:33:38.577935,24,N/A
3540,2025-01-13 06:33:41.019153,32,N/A
3541,2025-01-13 06:33:42.552593,22,N/A
3542,2025-01-13 06:33:44.017935,19,N/A
3543,2025-01-13 06:33:45.587103,20,N/A
3544,2025-01-13 06:33:47.212731,20,N/A
3545,2025-01-13 06:33:48.858697,18,N/A
3546,2025-01-13 06:33:49.786555,5,N/A
3547,2025-01-13 06:33:50.927649,8,N/A
3548,2025-01-13 06:33:52.458201,19,N/A
3549,2025-01-13 06:49:22.526283,19,N/A
3550,2025-01-13 06:49:23.851003,19,N/A
3551,2025-01-13 06:49:25.548342,20,N/A
3552,2025-01-13 06:49:26.772460,13,N/A
3553,2025-01-13 06:49:28.938939,31,N/A
3554,2025-01-13 06:49:30.664742,19,N/A
3555,2025-01-13 06:49:32.565530,23,N/A
3556,2025-01-13 06:49:34.307619,21,N/A
3557,2025-01-13 06:49:35.954870,20,N/A
3558,2025-01-13 06:49:37.383181,17,N/A
3559,2025-01-13 06:49:38.656850,15,N/A
3560,2025-01-13 06:49:39.809580,13,N/A
3561,2025-01-13 06:49:41.492984,24,N/A
3562,2025-01-13 06:49:42.942711,16,N/A
3563,2025-01-13 06:49:44.772460,19,N/A
3564,2025-01-13 06:49:46.677153,23,N/A
3565,2025-01-13 06:49:48.362452,21,N/A
3566,2025-01-13 06:49:49.794185,17,N/A
3567,2025-01-13 06:49:50.928948,13,N/A
3568,2025-01-13 06:49:51.898534,5,N/A
3569,2025-01-13 06:49:53.905534,25,N/A
3570,2025-01-13 06:49:55.130602,18,N/A
3571,2025-01-13 06:49:56.807891,24,N/A
3572,2025-01-13 06:49:57.847687,11,N/A
3573,2025-01-13 06:49:59.456980,21,N/A
3574,2025-01-13 06:50:01.052085,16,N/A
3575,2025-01-13 07:05:27.771245,17,N/A
3576,2025-01-13 07:05:30.229166,30,N/A
3577,2025-01-13 07:05:31.220731,8,N/A
3578,2025-01-13 07:05:33.941715,33,N/A
3579,2025-01-13 07:05:35.368821,17,N/A
3580,2025-01-13 07:05:36.223962,7,N/A
3581,2025-01-13 07:05:37.522947,15,N/A
3582,2025-01-13 07:05:39.166485,22,N/A
3583,2025-01-13 07:05:40.948303,21,N/A
3584,2025-01-13 07:05:42.472411,17,N/A
3585,2025-01-13 07:05:44.298094,22,N/A
3586,2025-01-13 07:05:45.763581,18,N/A
3587,2025-01-13 07:05:47.593101,27,N/A
3588,2025-01-13 07:05:48.527994,8,N/A
3589,2025-01-13 07:05:49.916729,18,N/A
3590,2025-01-13 07:05:51.044529,13,N/A
3591,2025-01-13 07:05:54.512766,43,N/A
3592,2025-01-13 07:05:55.834054,14,N/A
3593,2025-01-13 07:05:58.235291,33,N/A
3594,2025-01-13 07:06:00.298028,30,N/A
3595,2025-01-13 07:06:02.603515,32,N/A
3596,2025-01-13 07:06:04.033925,18,N/A
3597,2025-01-13 07:06:05.422512,13,N/A
3598,2025-01-13 07:06:06.789539,15,N/A
3599,2025-01-13 07:21:21.424883,29,N/A
3600,2025-01-13 07:21:22.705180,15,N/A
3601,2025-01-13 07:21:24.751717,23,N/A
3602,2025-01-13 07:21:26.580995,29,N/A
3603,2025-01-13 07:21:29.192865,40,N/A
3604,2025-01-13 07:21:32.465384,37,N/A
3605,2025-01-13 07:21:34.856013,24,N/A
3606,2025-01-13 07:21:35.682444,10,N/A
3607,2025-01-13 07:21:36.865105,19,N/A
3608,2025-01-13 07:21:38.155384,15,N/A
3609,2025-01-13 07:21:39.518891,13,N/A
3610,2025-01-13 07:21:41.721385,25,N/A
3611,2025-01-13 07:21:43.017297,16,N/A
3612,2025-01-13 07:21:44.304564,13,N/A
3613,2025-01-13 07:21:46.837280,33,N/A
3614,2025-01-13 07:21:48.350416,15,N/A
3615,2025-01-13 07:21:50.916987,35,N/A
3616,2025-01-13 07:21:52.581668,22,N/A
3617,2025-01-13 07:21:53.536974,9,N/A
3618,2025-01-13 07:21:55.101221,16,N/A
3619,2025-01-13 07:21:57.962810,33,N/A
3620,2025-01-13 07:21:59.493042,17,N/A
3621,2025-01-13 07:22:00.983440,18,N/A
3622,2025-01-13 07:22:03.026157,23,N/A
3623,2025-01-13 07:24:39.017926,26,N/A
3624,2025-01-13 07:24:39.942167,8,N/A
3625,2025-01-13 07:24:41.651529,21,N/A
3626,2025-01-13 07:24:43.341120,20,N/A
3627,2025-01-13 07:24:44.504944,15,N/A
3628,2025-01-13 07:40:12.446107,25,N/A
3629,2025-01-13 07:40:14.648987,31,N/A
3630,2025-01-13 07:40:16.427123,22,N/A
3631,2025-01-13 07:40:18.167495,19,N/A
3632,2025-01-13 07:40:20.167333,25,N/A
3633,2025-01-13 07:40:21.955267,21,N/A
3634,2025-01-13 07:40:23.547604,20,N/A
3635,2025-01-13 07:40:25.382162,29,N/A
3636,2025-01-13 07:40:27.364687,21,N/A
3637,2025-01-13 07:40:29.307026,24,N/A
3638,2025-01-13 07:40:31.238527,27,N/A
3639,2025-01-13 07:40:32.462107,15,N/A
3640,2025-01-13 07:40:34.045419,22,N/A
3641,2025-01-13 07:40:36.448782,32,N/A
3642,2025-01-13 07:40:38.249603,24,N/A
3643,2025-01-13 07:40:39.965035,22,N/A
3644,2025-01-13 07:40:41.476582,15,N/A
3645,2025-01-13 07:40:43.279565,23,N/A
3646,2025-01-13 07:40:45.041488,19,N/A
3647,2025-01-13 07:40:47.043641,27,N/A
3648,2025-01-13 07:40:48.689207,14,N/A
3649,2025-01-13 07:40:50.641668,28,N/A
3650,2025-01-13 07:56:18.909152,26,N/A
3651,2025-01-13 07:56:21.574742,33,N/A
3652,2025-01-13 07:56:23.469609,24,N/A
3653,2025-01-13 07:56:25.161730,24,N/A
3654,2025-01-13 07:56:27.114599,28,N/A
3655,2025-01-13 07:56:29.274292,28,N/A
3656,2025-01-13 07:56:30.626168,15,N/A
3657,2025-01-13 07:56:32.181880,21,N/A
3658,2025-01-13 07:56:34.978313,35,N/A
3659,2025-01-13 07:56:36.752580,21,N/A
3660,2025-01-13 07:56:37.982075,16,N/A
3661,2025-01-13 07:56:39.003503,10,N/A
3662,2025-01-13 07:56:40.043667,10,N/A
3663,2025-01-13 07:56:41.788370,25,N/A
3664,2025-01-13 07:56:43.331624,20,N/A
3665,2025-01-13 07:56:44.603068,15,N/A
3666,2025-01-13 07:56:45.908475,17,N/A
3667,2025-01-13 07:56:47.068943,13,N/A
3668,2025-01-13 07:56:48.748269,19,N/A
3669,2025-01-13 07:56:50.549211,24,N/A
3670,2025-01-13 07:56:51.895158,16,N/A
3671,2025-01-13 07:56:53.462027,19,N/A
3672,2025-01-13 07:56:54.823587,17,N/A
3673,2025-01-13 07:56:56.309722,17,N/A
3674,2025-01-13 07:56:58.568153,30,N/A
3675,2025-01-13 07:57:00.125907,21,N/A
3676,2025-01-13 08:02:01.874746,31,N/A
3677,2025-01-13 08:02:04.306284,32,N/A
3678,2025-01-13 08:02:05.624753,12,N/A
3679,2025-01-13 08:02:07.044042,16,N/A
3680,2025-01-13 08:02:08.295580,15,N/A
3681,2025-01-13 08:02:09.358321,10,N/A
3682,2025-01-13 08:02:11.526961,27,N/A
3683,2025-01-13 08:02:12.453088,6,N/A
3684,2025-01-13 08:02:14.099534,15,N/A
3685,2025-01-13 08:02:16.011840,26,N/A
3686,2025-01-13 08:02:18.527800,34,N/A
3687,2025-01-13 08:02:20.241309,20,N/A
3688,2025-01-13 08:02:21.699262,17,N/A
3689,2025-01-13 08:02:24.495457,38,N/A
3690,2025-01-13 08:02:27.020017,35,N/A
3691,2025-01-13 08:02:28.696539,23,N/A
3692,2025-01-13 08:02:30.659695,26,N/A
3693,2025-01-13 08:02:32.077377,15,N/A
3694,2025-01-13 08:02:34.269256,28,N/A
3695,2025-01-13 08:02:35.551651,15,N/A
3696,2025-01-13 08:02:37.497836,26,N/A
3697,2025-01-13 08:02:39.220384,25,N/A
3698,2025-01-13 08:02:40.854891,20,N/A
3699,2025-01-13 08:18:08.412176,26,N/A
3700,2025-01-13 08:18:09.942960,20,N/A
3701,2025-01-13 08:18:11.375925,18,N/A
3702,2025-01-13 08:18:12.245379,18,N/A
3703,2025-01-13 08:18:13.513149,18,N/A
3704,2025-01-13 08:18:15.223831,19,N/A
3705,2025-01-13 08:18:17.198424,28,N/A
3706,2025-01-13 08:18:18.682562,19,N/A
3707,2025-01-13 08:18:20.717095,22,N/A
3708,2025-01-13 08:18:22.296749,21,N/A
3709,2025-01-13 08:18:24.122370,33,N/A
3710,2025-01-13 08:18:25.526678,20,N/A
3711,2025-01-13 08:18:28.837097,45,N/A
3712,2025-01-13 08:18:30.618966,18,N/A
3713,2025-01-13 08:18:31.761822,8,N/A
3714,2025-01-13 08:18:33.648870,19,N/A
3715,2025-01-13 08:18:35.356746,19,N/A
3716,2025-01-13 08:18:38.095933,36,N/A
3717,2025-01-13 08:18:39.782176,20,N/A
3718,2025-01-13 08:18:40.984419,12,N/A
3719,2025-01-13 08:18:42.466812,19,N/A
3720,2025-01-13 08:18:45.180535,35,N/A
3721,2025-01-13 08:18:46.894797,24,N/A
3722,2025-01-13 08:18:48.920118,25,N/A
3723,2025-01-13 08:34:16.357157,17,N/A
3724,2025-01-13 08:34:18.314710,24,N/A
3725,2025-01-13 08:34:19.944578,17,N/A
3726,2025-01-13 08:34:21.636028,20,N/A
3727,2025-01-13 08:34:23.767226,25,N/A
3728,2025-01-13 08:34:25.082903,13,N/A
3729,2025-01-13 08:34:26.130483,13,N/A
3730,2025-01-13 08:34:27.629613,19,N/A
3731,2025-01-13 08:34:29.830245,28,N/A
3732,2025-01-13 08:34:31.461349,21,N/A
3733,2025-01-13 08:34:32.592437,11,N/A
3734,2025-01-13 08:34:33.550310,8,N/A
3735,2025-01-13 08:34:34.783195,11,N/A
3736,2025-01-13 08:34:36.475553,25,N/A
3737,2025-01-13 08:50:03.166940,23,N/A
3738,2025-01-13 08:50:05.333014,24,N/A
3739,2025-01-13 08:50:07.155961,23,N/A
3740,2025-01-13 08:50:08.946658,21,N/A
3741,2025-01-13 08:50:10.422956,24,N/A
3742,2025-01-13 08:50:11.418550,8,N/A
3743,2025-01-13 08:50:13.183087,22,N/A
3744,2025-01-13 08:50:14.684356,18,N/A
3745,2025-01-13 08:50:16.641876,21,N/A
3746,2025-01-13 08:50:17.897991,12,N/A
3747,2025-01-13 08:50:19.751745,25,N/A
3748,2025-01-13 08:50:21.396591,20,N/A
3749,2025-01-13 08:50:23.110850,22,N/A
3750,2025-01-13 08:50:24.388813,18,N/A
3751,2025-01-13 08:50:26.128671,22,N/A
3752,2025-01-13 08:50:27.789115,19,N/A
3753,2025-01-13 08:50:29.679939,23,N/A
3754,2025-01-13 08:50:31.577084,25,N/A
3755,2025-01-13 08:50:33.262032,22,N/A
3756,2025-01-13 08:50:34.345515,12,N/A
3757,2025-01-13 08:50:36.308952,21,N/A
3758,2025-01-13 08:50:37.723137,14,N/A
3759,2025-01-13 08:50:40.599825,33,N/A
3760,2025-01-13 08:50:42.053431,21,N/A
3761,2025-01-13 08:50:44.635491,35,N/A
3762,2025-01-13 09:03:00.792177,32,N/A
3763,2025-01-13 09:03:02.648708,26,N/A
3764,2025-01-13 09:03:04.160090,18,N/A
3765,2025-01-13 09:03:05.805699,21,N/A
3766,2025-01-13 09:03:07.450605,19,N/A
3767,2025-01-13 09:03:08.800917,18,N/A
3768,2025-01-13 09:03:10.629136,24,N/A
3769,2025-01-13 09:03:11.969633,16,N/A
3770,2025-01-13 09:03:13.553956,19,N/A
3771,2025-01-13 09:03:15.473823,25,N/A
3772,2025-01-13 09:03:16.869824,16,N/A
3773,2025-01-13 09:03:18.914471,29,N/A
3774,2025-01-13 09:03:21.460575,29,N/A
3775,2025-01-13 09:03:26.324887,24,N/A
3776,2025-01-13 09:03:28.377206,32,N/A
3777,2025-01-13 09:03:30.180005,19,N/A
3778,2025-01-13 09:03:31.615197,16,N/A
3779,2025-01-13 09:03:33.791642,27,N/A
3780,2025-01-13 09:03:35.639397,23,N/A
3781,2025-01-13 09:03:37.285213,20,N/A
3782,2025-01-13 09:03:38.300789,11,N/A
3783,2025-01-13 09:03:39.745902,14,N/A
3784,2025-01-13 09:19:09.295065,43,N/A
3785,2025-01-13 09:19:10.711561,17,N/A
3786,2025-01-13 09:19:12.291592,26,N/A
3787,2025-01-13 09:19:13.660375,18,N/A
3788,2025-01-13 09:19:15.571716,23,N/A
3789,2025-01-13 09:19:18.134102,34,N/A
3790,2025-01-13 09:19:20.040021,20,N/A
3791,2025-01-13 09:19:22.438187,22,N/A
3792,2025-01-13 09:19:23.129191,13,N/A
3793,2025-01-13 09:19:24.213872,12,N/A
3794,2025-01-13 09:19:25.348464,15,N/A
3795,2025-01-13 09:19:27.599152,29,N/A
3796,2025-01-13 09:19:29.755810,30,N/A
3797,2025-01-13 09:19:31.029189,15,N/A
3798,2025-01-13 09:19:32.722925,21,N/A
3799,2025-01-13 09:19:34.426237,22,N/A
3800,2025-01-13 09:19:36.402447,23,N/A
3801,2025-01-13 09:19:37.339884,9,N/A
3802,2025-01-13 09:19:39.737432,35,N/A
3803,2025-01-13 09:19:41.591695,23,N/A
3804,2025-01-13 09:19:43.150276,18,N/A
3805,2025-01-13 09:19:44.415911,13,N/A
3806,2025-01-13 09:19:46.208132,26,N/A
3807,2025-01-13 09:19:47.407450,12,N/A
3808,2025-01-13 09:19:48.573603,11,N/A
3809,2025-01-13 09:19:50.076529,15,N/A
3810,2025-01-13 09:35:17.462469,14,N/A
3811,2025-01-13 09:35:19.142427,20,N/A
3812,2025-01-13 09:35:20.629859,20,N/A
3813,2025-01-13 09:35:23.066962,30,N/A
3814,2025-01-13 09:35:23.743192,3,N/A
3815,2025-01-13 09:35:25.417410,23,N/A
3816,2025-01-13 09:35:26.841656,18,N/A
3817,2025-01-13 09:35:30.112114,41,N/A
3818,2025-01-13 09:35:31.935461,22,N/A
3819,2025-01-13 09:35:33.061416,10,N/A
3820,2025-01-13 09:35:34.760172,17,N/A
3821,2025-01-13 09:35:36.609954,25,N/A
3822,2025-01-13 09:35:39.007366,27,N/A
3823,2025-01-13 09:35:40.582720,18,N/A
3824,2025-01-13 09:35:42.833932,31,N/A
3825,2025-01-13 09:35:45.287672,32,N/A
3826,2025-01-13 09:35:48.205710,36,N/A
3827,2025-01-13 09:35:49.645361,14,N/A
3828,2025-01-13 09:35:50.696708,9,N/A
3829,2025-01-13 09:35:52.026914,15,N/A
3830,2025-01-13 09:35:54.195459,31,N/A
3831,2025-01-13 09:35:56.061227,21,N/A
3832,2025-01-13 09:35:59.199119,46,N/A
3833,2025-01-13 09:51:26.783676,17,N/A
3834,2025-01-13 09:51:27.963717,11,N/A
3835,2025-01-13 09:51:29.369412,18,N/A
3836,2025-01-13 09:51:30.714991,13,N/A
3837,2025-01-13 09:51:32.218777,19,N/A
3838,2025-01-13 09:51:33.712895,14,N/A
3839,2025-01-13 09:51:35.912306,29,N/A
3840,2025-01-13 09:51:37.224358,15,N/A
3841,2025-01-13 09:51:39.436915,27,N/A
3842,2025-01-13 09:51:40.336926,7,N/A
3843,2025-01-13 09:51:42.549162,26,N/A
3844,2025-01-13 09:51:44.396141,26,N/A
3845,2025-01-13 09:51:46.657407,24,N/A
3846,2025-01-13 09:51:48.392259,19,N/A
3847,2025-01-13 09:51:50.092047,24,N/A
3848,2025-01-13 09:51:51.411886,10,N/A
3849,2025-01-13 09:51:54.329145,39,N/A
3850,2025-01-13 09:51:55.698865,16,N/A
3851,2025-01-13 09:51:57.015145,12,N/A
3852,2025-01-13 09:51:58.912271,23,N/A
3853,2025-01-13 09:52:00.487918,18,N/A
3854,2025-01-13 09:52:02.074779,24,N/A
3855,2025-01-13 09:52:04.055966,23,N/A
3856,2025-01-13 09:52:07.037770,39,N/A
3857,2025-01-13 09:52:08.417400,14,N/A
3858,2025-01-13 10:03:59.667082,23,N/A
3859,2025-01-13 10:04:00.301583,50,N/A
3860,2025-01-13 10:04:01.997430,27,N/A
3861,2025-01-13 10:04:04.673838,34,N/A
3862,2025-01-13 10:04:06.035137,16,N/A
3863,2025-01-13 10:04:08.283407,27,N/A
3864,2025-01-13 10:04:10.485059,28,N/A
3865,2025-01-13 10:04:11.953034,15,N/A
3866,2025-01-13 10:04:13.881048,25,N/A
3867,2025-01-13 10:04:15.575194,15,N/A
3868,2025-01-13 10:04:17.178930,18,N/A
3869,2025-01-13 10:04:19.765567,31,N/A
3870,2025-01-13 10:04:20.871800,11,N/A
3871,2025-01-13 10:04:22.331562,14,N/A
3872,2025-01-13 10:04:23.557696,15,N/A
3873,2025-01-13 10:04:25.104996,14,N/A
3874,2025-01-13 10:04:26.448115,14,N/A
3875,2025-01-13 10:04:27.953450,19,N/A
3876,2025-01-13 10:04:29.294461,15,N/A
3877,2025-01-13 10:04:31.541334,25,N/A
3878,2025-01-13 10:04:33.723494,29,N/A
3879,2025-01-13 10:04:36.118970,29,N/A
3880,2025-01-13 10:04:37.840627,19,N/A
3881,2025-01-13 10:04:39.533019,17,N/A
3882,2025-01-13 10:19:45.032248,37,N/A
3883,2025-01-13 10:19:47.436084,26,N/A
3884,2025-01-13 10:19:48.465621,16,N/A
3885,2025-01-13 10:19:50.413759,31,N/A
3886,2025-01-13 10:19:52.086201,18,N/A
3887,2025-01-13 10:19:53.590930,15,N/A
3888,2025-01-13 10:19:56.512189,24,N/A
3889,2025-01-13 10:19:58.654769,26,N/A
3890,2025-01-13 10:19:59.935111,24,N/A
3891,2025-01-13 10:20:01.459940,22,N/A
3892,2025-01-13 10:20:02.624476,11,N/A
3893,2025-01-13 10:20:04.780743,28,N/A
3894,2025-01-13 10:20:06.736191,23,N/A
3895,2025-01-13 10:20:08.587204,21,N/A
3896,2025-01-13 10:20:10.724954,28,N/A
3897,2025-01-13 10:20:13.616625,33,N/A
3898,2025-01-13 10:20:15.470177,27,N/A
3899,2025-01-13 10:20:16.424963,8,N/A
3900,2025-01-13 10:20:18.545984,30,N/A
3901,2025-01-13 10:20:19.411673,7,N/A
3902,2025-01-13 10:20:20.944144,19,N/A
3903,2025-01-13 10:20:22.547786,21,N/A
3904,2025-01-13 10:20:24.839824,32,N/A
3905,2025-01-13 10:20:25.890309,10,N/A
3906,2025-01-13 10:35:52.900226,13,N/A
3907,2025-01-13 10:35:54.843420,27,N/A
3908,2025-01-13 10:35:57.484396,39,N/A
3909,2025-01-13 10:35:59.267687,24,N/A
3910,2025-01-13 10:36:00.505617,15,N/A
3911,2025-01-13 10:36:02.045573,21,N/A
3912,2025-01-13 10:36:04.892381,45,N/A
3913,2025-01-13 10:36:06.037697,11,N/A
3914,2025-01-13 10:36:08.032397,27,N/A
3915,2025-01-13 10:36:09.753023,22,N/A
3916,2025-01-13 10:36:10.993851,15,N/A
3917,2025-01-13 10:36:12.823896,19,N/A
3918,2025-01-13 10:36:14.064068,17,N/A
3919,2025-01-13 10:36:16.376274,30,N/A
3920,2025-01-13 10:36:18.100692,23,N/A
3921,2025-01-13 10:36:19.949949,23,N/A
3922,2025-01-13 10:36:21.597070,22,N/A
3923,2025-01-13 10:36:23.650085,32,N/A
3924,2025-01-13 10:36:25.375108,23,N/A
3925,2025-01-13 10:36:27.857600,24,N/A
3926,2025-01-13 10:36:29.258546,16,N/A
3927,2025-01-13 10:36:30.675605,16,N/A
3928,2025-01-13 10:36:33.407437,33,N/A
3929,2025-01-13 10:52:01.195929,19,N/A
3930,2025-01-13 10:52:02.595869,15,N/A
3931,2025-01-13 10:52:04.091161,14,N/A
3932,2025-01-13 10:52:06.454624,33,N/A
3933,2025-01-13 10:52:08.293963,23,N/A
3934,2025-01-13 10:52:10.758836,33,N/A
3935,2025-01-13 10:52:12.374714,16,N/A
3936,2025-01-13 10:52:14.795399,27,N/A
3937,2025-01-13 10:52:16.721360,22,N/A
3938,2025-01-13 10:52:18.765114,25,N/A
3939,2025-01-13 10:52:20.709732,23,N/A
3940,2025-01-13 10:52:22.273566,21,N/A
3941,2025-01-13 10:52:24.636714,33,N/A
3942,2025-01-13 10:52:26.306179,18,N/A
3943,2025-01-13 10:52:28.014372,16,N/A
3944,2025-01-13 10:52:29.440093,16,N/A
3945,2025-01-13 10:52:30.940309,15,N/A
3946,2025-01-13 10:52:32.613180,23,N/A
3947,2025-01-13 10:52:34.362615,20,N/A
3948,2025-01-13 10:52:36.257406,26,N/A
3949,2025-01-13 10:52:38.182388,27,N/A
3950,2025-01-13 10:52:39.807772,18,N/A
3951,2025-01-13 10:52:41.502693,23,N/A
3952,2025-01-13 11:05:00.548833,26,N/A
3953,2025-01-13 11:05:02.718799,30,N/A
3954,2025-01-13 11:05:04.691942,25,N/A
3955,2025-01-13 11:05:07.589976,38,N/A
3956,2025-01-13 11:05:09.705022,24,N/A
3957,2025-01-13 11:05:11.773166,26,N/A
3958,2025-01-13 11:05:13.416220,17,N/A
3959,2025-01-13 11:05:15.858388,32,N/A
3960,2025-01-13 11:05:18.229444,34,N/A
3961,2025-01-13 11:05:19.664941,16,N/A
3962,2025-01-13 11:05:20.846391,12,N/A
3963,2025-01-13 11:05:23.164279,30,N/A
3964,2025-01-13 11:05:25.632127,36,N/A
3965,2025-01-13 11:05:27.463354,24,N/A
3966,2025-01-13 11:05:29.159567,19,N/A
3967,2025-01-13 11:05:30.497310,16,N/A
3968,2025-01-13 11:05:31.722250,12,N/A
3969,2025-01-13 11:05:33.248809,20,N/A
3970,2025-01-13 11:05:34.516114,15,N/A
3971,2025-01-13 11:05:36.115805,20,N/A
3972,2025-01-13 11:05:37.256094,13,N/A
3973,2025-01-13 11:05:39.502406,29,N/A
3974,2025-01-13 11:05:42.111645,31,N/A
3975,2025-01-13 11:20:45.828114,17,N/A
3976,2025-01-13 11:20:47.974565,26,N/A
3977,2025-01-13 11:20:49.508542,24,N/A
3978,2025-01-13 11:20:51.647975,25,N/A
3979,2025-01-13 11:20:53.244141,18,N/A
3980,2025-01-13 11:20:55.569317,24,N/A
3981,2025-01-13 11:20:57.247037,18,N/A
3982,2025-01-13 11:20:58.710779,17,N/A
3983,2025-01-13 11:21:00.149865,17,N/A
3984,2025-01-13 11:21:01.435087,19,N/A
3985,2025-01-13 11:21:03.244355,23,N/A
3986,2025-01-13 11:21:04.800853,20,N/A
3987,2025-01-13 11:21:06.118749,19,N/A
3988,2025-01-13 11:21:07.420217,11,N/A
3989,2025-01-13 11:21:08.753024,17,N/A
3990,2025-01-13 11:21:09.397698,17,N/A
3991,2025-01-13 11:21:10.879350,17,N/A
3992,2025-01-13 11:21:12.442129,19,N/A
3993,2025-01-13 11:21:14.878671,35,N/A
3994,2025-01-13 11:21:17.028109,33,N/A
3995,2025-01-13 11:21:19.014742,27,N/A
3996,2025-01-13 11:21:20.744914,20,N/A
3997,2025-01-13 11:21:22.095846,13,N/A
3998,2025-01-13 11:21:23.992731,21,N/A
3999,2025-01-13 11:21:25.800797,20,N/A
4000,2025-01-13 11:36:56.411363,16,N/A
4001,2025-01-13 11:36:58.065095,18,N/A
4002,2025-01-13 11:36:59.673697,18,N/A
4003,2025-01-13 11:37:02.276102,33,N/A
4004,2025-01-13 11:37:04.310096,28,N/A
4005,2025-01-13 11:37:06.171860,21,N/A
4006,2025-01-13 11:37:08.118347,21,N/A
4007,2025-01-13 11:37:09.884746,21,N/A
4008,2025-01-13 11:37:11.587724,19,N/A
4009,2025-01-13 11:37:13.623201,27,N/A
4010,2025-01-13 11:37:14.381925,3,N/A
4011,2025-01-13 11:37:15.875767,17,N/A
4012,2025-01-13 11:37:17.708472,21,N/A
4013,2025-01-13 11:37:19.229059,18,N/A
4014,2025-01-13 11:37:21.506446,33,N/A
4015,2025-01-13 11:37:23.293109,20,N/A
4016,2025-01-13 11:37:25.183931,25,N/A
4017,2025-01-13 11:37:26.486108,15,N/A
4018,2025-01-13 11:37:28.049535,16,N/A
4019,2025-01-13 11:37:28.870924,3,N/A
4020,2025-01-13 11:37:31.020650,27,N/A
4021,2025-01-13 11:37:32.779618,20,N/A
4022,2025-01-13 11:37:34.565673,23,N/A
4023,2025-01-13 11:53:03.389337,36,N/A
4024,2025-01-13 11:53:05.191047,20,N/A
4025,2025-01-13 11:53:06.517981,17,N/A
4026,2025-01-13 11:53:08.054476,15,N/A
4027,2025-01-13 11:53:10.435595,28,N/A
4028,2025-01-13 11:53:12.114199,19,N/A
4029,2025-01-13 11:53:14.751379,37,N/A
4030,2025-01-13 11:53:16.752288,21,N/A
4031,2025-01-13 11:53:19.234495,28,N/A
4032,2025-01-13 11:53:21.393931,28,N/A
4033,2025-01-13 11:53:22.939213,15,N/A
4034,2025-01-13 11:53:24.850855,22,N/A
4035,2025-01-13 11:53:26.612925,19,N/A
4036,2025-01-13 11:53:28.616822,25,N/A
4037,2025-01-13 11:53:31.101861,33,N/A
4038,2025-01-13 11:53:32.206736,9,N/A
4039,2025-01-13 11:53:34.315200,27,N/A
4040,2025-01-13 11:53:36.024941,17,N/A
4041,2025-01-13 11:53:38.001866,20,N/A
4042,2025-01-13 11:53:39.945602,23,N/A
4043,2025-01-13 11:53:41.956843,36,N/A
4044,2025-01-13 11:53:43.543953,18,N/A
4045,2025-01-13 12:05:59.660334,28,N/A
4046,2025-01-13 12:06:00.216761,17,N/A
4047,2025-01-13 12:06:01.838748,16,N/A
4048,2025-01-13 12:06:04.262546,35,N/A
4049,2025-01-13 12:06:06.177726,25,N/A
4050,2025-01-13 12:06:07.502492,16,N/A
4051,2025-01-13 12:06:09.426817,26,N/A
4052,2025-01-13 12:06:11.042018,19,N/A
4053,2025-01-13 12:06:12.276284,16,N/A
4054,2025-01-13 12:06:14.254392,28,N/A
4055,2025-01-13 12:06:15.365624,10,N/A
4056,2025-01-13 12:06:17.838744,33,N/A
4057,2025-01-13 12:06:19.127253,15,N/A
4058,2025-01-13 12:06:20.409755,13,N/A
4059,2025-01-13 12:06:22.263192,25,N/A
4060,2025-01-13 12:06:24.859308,31,N/A
4061,2025-01-13 12:06:26.925385,26,N/A
4062,2025-01-13 12:06:28.677378,22,N/A
4063,2025-01-13 12:06:30.606331,23,N/A
4064,2025-01-13 12:06:32.326290,23,N/A
4065,2025-01-13 12:06:33.795710,14,N/A
4066,2025-01-13 12:06:35.372262,18,N/A
4067,2025-01-13 12:06:37.433434,23,N/A
4068,2025-01-13 12:06:39.130330,20,N/A
4069,2025-01-13 12:06:40.349651,13,N/A
4070,2025-01-13 12:22:08.803120,30,N/A
4071,2025-01-13 12:22:10.431239,21,N/A
4072,2025-01-13 12:22:11.590434,21,N/A
4073,2025-01-13 12:22:13.092674,21,N/A
4074,2025-01-13 12:22:14.682237,14,N/A
4075,2025-01-13 12:22:18.003396,35,N/A
4076,2025-01-13 12:22:19.632790,18,N/A
4077,2025-01-13 12:22:21.816164,30,N/A
4078,2025-01-13 12:22:23.880417,31,N/A
4079,2025-01-13 12:22:25.408455,17,N/A
4080,2025-01-13 12:22:26.955966,14,N/A
4081,2025-01-13 12:22:29.263008,25,N/A
4082,2025-01-13 12:22:31.978906,28,N/A
4083,2025-01-13 12:22:34.177377,29,N/A
4084,2025-01-13 12:22:36.462379,30,N/A
4085,2025-01-13 12:22:38.187683,20,N/A
4086,2025-01-13 12:22:39.913020,20,N/A
4087,2025-01-13 12:22:41.706326,16,N/A
4088,2025-01-13 12:22:43.765681,24,N/A
4089,2025-01-13 12:22:45.511709,18,N/A
4090,2025-01-13 12:22:47.283866,20,N/A
4091,2025-01-13 12:22:49.743586,32,N/A
4092,2025-01-13 12:38:16.888112,12,N/A
4093,2025-01-13 12:38:18.012614,9,N/A
4094,2025-01-13 12:38:19.209779,12,N/A
4095,2025-01-13 12:38:20.746237,16,N/A
4096,2025-01-13 12:38:22.105933,14,N/A
4097,2025-01-13 12:38:23.867070,21,N/A
4098,2025-01-13 12:38:26.087066,30,N/A
4099,2025-01-13 12:38:29.110234,45,N/A
4100,2025-01-13 12:38:31.204141,29,N/A
4101,2025-01-13 12:38:32.760955,20,N/A
4102,2025-01-13 12:38:34.626099,20,N/A
4103,2025-01-13 12:38:36.091134,17,N/A
4104,2025-01-13 12:38:37.921146,24,N/A
4105,2025-01-13 12:38:40.105360,28,N/A
4106,2025-01-13 12:38:41.778540,18,N/A
4107,2025-01-13 12:38:43.316107,16,N/A
4108,2025-01-13 12:38:45.437559,32,N/A
4109,2025-01-13 12:38:46.881859,14,N/A
4110,2025-01-13 12:38:48.405492,19,N/A
4111,2025-01-13 12:38:49.920698,16,N/A
4112,2025-01-13 12:38:52.084451,24,N/A
4113,2025-01-13 12:38:53.992439,24,N/A
4114,2025-01-13 12:38:56.242547,30,N/A
4115,2025-01-13 12:38:58.036413,20,N/A
4116,2025-01-13 12:54:25.846808,23,N/A
4117,2025-01-13 12:54:27.323028,18,N/A
4118,2025-01-13 12:54:28.722622,14,N/A
4119,2025-01-13 12:54:31.208991,32,N/A
4120,2025-01-13 12:54:33.144875,24,N/A
4121,2025-01-13 12:54:35.039199,24,N/A
4122,2025-01-13 12:54:37.277438,28,N/A
4123,2025-01-13 12:54:38.358841,9,N/A
4124,2025-01-13 12:54:40.499873,29,N/A
4125,2025-01-13 12:54:41.350433,7,N/A
4126,2025-01-13 12:54:43.875805,30,N/A
4127,2025-01-13 12:54:46.795665,35,N/A
4128,2025-01-13 12:54:48.902449,29,N/A
4129,2025-01-13 12:54:50.755098,19,N/A
4130,2025-01-13 12:54:52.074937,14,N/A
4131,2025-01-13 12:54:53.654905,17,N/A
4132,2025-01-13 12:54:55.650169,24,N/A
4133,2025-01-13 12:54:57.129501,17,N/A
4134,2025-01-13 12:54:59.199429,25,N/A
4135,2025-01-13 12:55:00.651166,17,N/A
4136,2025-01-13 12:55:02.397767,22,N/A
4137,2025-01-13 12:55:03.441918,9,N/A
4138,2025-01-13 12:55:05.859631,29,N/A
4139,2025-01-13 13:06:59.530296,30,N/A
4140,2025-01-13 13:06:59.998638,38,N/A
4141,2025-01-13 13:07:00.287801,13,N/A
4142,2025-01-13 13:07:01.529305,16,N/A
4143,2025-01-13 13:07:03.903935,25,N/A
4144,2025-01-13 13:07:05.283149,13,N/A
4145,2025-01-13 13:07:07.755094,24,N/A
4146,2025-01-13 13:07:09.086621,12,N/A
4147,2025-01-13 13:07:11.237021,24,N/A
4148,2025-01-13 13:07:14.087065,36,N/A
4149,2025-01-13 13:07:15.811301,22,N/A
4150,2025-01-13 13:07:17.540706,16,N/A
4151,2025-01-13 13:07:19.316535,22,N/A
4152,2025-01-13 13:07:21.433355,33,N/A
4153,2025-01-13 13:07:24.130636,39,N/A
4154,2025-01-13 13:07:25.288487,12,N/A
4155,2025-01-13 13:07:27.181228,23,N/A
4156,2025-01-13 13:07:29.992664,35,N/A
4157,2025-01-13 13:07:31.339051,10,N/A
4158,2025-01-13 13:07:33.656788,31,N/A
4159,2025-01-13 13:07:35.033417,15,N/A
4160,2025-01-13 13:07:37.507238,30,N/A
4161,2025-01-13 13:07:39.029076,15,N/A
4162,2025-01-13 13:07:40.416168,18,N/A
4163,2025-01-13 13:23:09.416252,34,N/A
4164,2025-01-13 13:23:10.814153,17,N/A
4165,2025-01-13 13:23:12.161487,22,N/A
4166,2025-01-13 13:23:13.609007,18,N/A
4167,2025-01-13 13:23:15.292466,17,N/A
4168,2025-01-13 13:23:17.687016,30,N/A
4169,2025-01-13 13:23:18.647320,10,N/A
4170,2025-01-13 13:23:20.412439,17,N/A
4171,2025-01-13 13:23:21.525537,17,N/A
4172,2025-01-13 13:23:23.336470,29,N/A
4173,2025-01-13 13:23:24.692486,16,N/A
4174,2025-01-13 13:23:26.884030,28,N/A
4175,2025-01-13 13:23:28.421852,17,N/A
4176,2025-01-13 13:23:30.662717,24,N/A
4177,2025-01-13 13:23:32.882816,28,N/A
4178,2025-01-13 13:23:34.511930,16,N/A
4179,2025-01-13 13:23:36.256623,21,N/A
4180,2025-01-13 13:23:38.334420,27,N/A
4181,2025-01-13 13:23:40.473684,27,N/A
4182,2025-01-13 13:23:41.940967,16,N/A
4183,2025-01-13 13:23:43.835470,26,N/A
4184,2025-01-13 13:23:45.466254,21,N/A
4185,2025-01-13 13:23:47.338735,23,N/A
4186,2025-01-13 13:23:48.909702,15,N/A
4187,2025-01-13 13:39:16.509790,21,N/A
4188,2025-01-13 13:39:17.828989,13,N/A
4189,2025-01-13 13:39:20.009143,26,N/A
4190,2025-01-13 13:39:21.709950,24,N/A
4191,2025-01-13 13:39:23.334234,24,N/A
4192,2025-01-13 13:39:24.770230,19,N/A
4193,2025-01-13 13:39:26.813006,28,N/A
4194,2025-01-13 13:39:28.429199,21,N/A
4195,2025-01-13 13:39:31.288929,37,N/A
4196,2025-01-13 13:39:33.201160,29,N/A
4197,2025-01-13 13:39:34.303997,12,N/A
4198,2025-01-13 13:39:35.229300,6,N/A
4199,2025-01-13 13:39:37.371911,34,N/A
4200,2025-01-13 13:39:39.114243,23,N/A
4201,2025-01-13 13:39:40.378606,14,N/A
4202,2025-01-13 13:39:42.212203,24,N/A
4203,2025-01-13 13:39:43.576515,17,N/A
4204,2025-01-13 13:39:45.201697,21,N/A
4205,2025-01-13 13:39:47.311311,20,N/A
4206,2025-01-13 13:39:49.346596,27,N/A
4207,2025-01-13 13:39:51.651713,30,N/A
4208,2025-01-13 13:39:52.741434,11,N/A
4209,2025-01-13 13:39:54.981330,27,N/A
4210,2025-01-13 13:55:11.352036,25,N/A
4211,2025-01-13 13:55:13.355855,26,N/A
4212,2025-01-13 13:55:15.812623,29,N/A
4213,2025-01-13 13:55:16.955718,11,N/A
4214,2025-01-13 13:55:18.662366,14,N/A
4215,2025-01-13 13:55:19.943025,13,N/A
4216,2025-01-13 13:55:21.581536,16,N/A
4217,2025-01-13 13:55:23.655218,27,N/A
4218,2025-01-13 13:55:25.100425,15,N/A
4219,2025-01-13 13:55:26.767906,19,N/A
4220,2025-01-13 13:55:28.249047,19,N/A
4221,2025-01-13 13:55:30.432505,33,N/A
4222,2025-01-13 13:55:32.823772,31,N/A
4223,2025-01-13 13:55:34.259635,16,N/A
4224,2025-01-13 13:55:35.768820,15,N/A
4225,2025-01-13 13:55:36.145977,9,N/A
4226,2025-01-13 13:55:36.898572,22,N/A
4227,2025-01-13 13:55:38.176392,15,N/A
4228,2025-01-13 13:55:39.529380,15,N/A
4229,2025-01-13 13:55:41.237485,22,N/A
4230,2025-01-13 13:55:43.016820,24,N/A
4231,2025-01-13 13:55:44.063634,12,N/A
4232,2025-01-13 13:55:45.896886,17,N/A
4233,2025-01-13 13:55:46.926960,8,N/A
4234,2025-01-13 13:55:49.090415,25,N/A
4235,2025-01-13 13:55:50.819608,25,N/A
4236,2025-01-13 14:07:59.851153,32,N/A
4237,2025-01-13 14:08:01.325722,15,N/A
4238,2025-01-13 14:08:03.303798,22,N/A
4239,2025-01-13 14:08:04.705784,14,N/A
4240,2025-01-13 14:08:05.996033,14,N/A
4241,2025-01-13 14:08:08.430258,34,N/A
4242,2025-01-13 14:08:10.139939,16,N/A
4243,2025-01-13 14:08:11.836635,18,N/A
4244,2025-01-13 14:08:13.284481,16,N/A
4245,2025-01-13 14:08:14.921435,16,N/A
4246,2025-01-13 14:08:16.491231,19,N/A
4247,2025-01-13 14:08:17.811848,12,N/A
4248,2025-01-13 14:08:19.227215,15,N/A
4249,2025-01-13 14:08:20.859032,21,N/A
4250,2025-01-13 14:08:22.621863,23,N/A
4251,2025-01-13 14:08:25.580432,32,N/A
4252,2025-01-13 14:08:27.768791,23,N/A
4253,2025-01-13 14:08:32.357674,21,N/A
4254,2025-01-13 14:08:34.262044,23,N/A
4255,2025-01-13 14:08:35.882328,23,N/A
4256,2025-01-13 14:08:37.492741,18,N/A
4257,2025-01-13 14:08:38.707569,14,N/A
4258,2025-01-13 14:08:40.201672,15,N/A
4259,2025-01-13 14:24:07.801643,28,N/A
4260,2025-01-13 14:24:09.320354,26,N/A
4261,2025-01-13 14:24:10.573101,9,N/A
4262,2025-01-13 14:24:12.307107,25,N/A
4263,2025-01-13 14:24:13.919902,24,N/A
4264,2025-01-13 14:24:15.155999,12,N/A
4265,2025-01-13 14:24:16.607196,16,N/A
4266,2025-01-13 14:24:18.370955,19,N/A
4267,2025-01-13 14:24:19.906172,19,N/A
4268,2025-01-13 14:24:21.025595,5,N/A
4269,2025-01-13 14:24:22.857053,29,N/A
4270,2025-01-13 14:24:24.512490,20,N/A
4271,2025-01-13 14:24:26.207598,24,N/A
4272,2025-01-13 14:24:27.983917,19,N/A
4273,2025-01-13 14:24:29.636431,25,N/A
4274,2025-01-13 14:24:31.435228,21,N/A
4275,2025-01-13 14:24:32.367834,10,N/A
4276,2025-01-13 14:24:34.381791,21,N/A
4277,2025-01-13 14:24:37.005725,32,N/A
4278,2025-01-13 14:24:38.227972,13,N/A
4279,2025-01-13 14:24:39.961375,19,N/A
4280,2025-01-13 14:24:41.469014,16,N/A
4281,2025-01-13 14:24:44.505504,40,N/A
4282,2025-01-13 14:24:46.382925,23,N/A
4283,2025-01-13 14:24:48.034120,19,N/A
4284,2025-01-13 14:40:16.834040,39,N/A
4285,2025-01-13 14:40:19.416165,31,N/A
4286,2025-01-13 14:40:22.525983,37,N/A
4287,2025-01-13 14:40:24.392201,20,N/A
4288,2025-01-13 14:40:26.604973,27,N/A
4289,2025-01-13 14:40:29.157417,36,N/A
4290,2025-01-13 14:40:31.795349,38,N/A
4291,2025-01-13 14:40:33.360031,19,N/A
4292,2025-01-13 14:40:35.383236,24,N/A
4293,2025-01-13 14:40:37.232621,22,N/A
4294,2025-01-13 14:40:39.278343,23,N/A
4295,2025-01-13 14:56:05.302977,6,N/A
4296,2025-01-13 14:56:06.845796,18,N/A
4297,2025-01-13 14:56:07.697618,37,N/A
4298,2025-01-13 14:56:08.296111,19,N/A
4299,2025-01-13 14:56:08.877399,23,N/A
4300,2025-01-13 14:56:09.646232,27,N/A
4301,2025-01-13 14:56:10.131117,14,N/A
4302,2025-01-13 14:56:10.646150,15,N/A
4303,2025-01-13 14:56:11.479770,33,N/A
4304,2025-01-13 14:56:11.844402,10,N/A
4305,2025-01-13 14:56:13.347482,23,N/A
4306,2025-01-13 14:56:14.779592,18,N/A
4307,2025-01-13 14:56:15.813911,19,N/A
4308,2025-01-13 14:56:17.269646,19,N/A
4309,2025-01-13 14:56:19.206959,24,N/A
4310,2025-01-13 14:56:20.842829,18,N/A
4311,2025-01-13 14:56:22.696243,22,N/A
4312,2025-01-13 14:56:24.666574,26,N/A
4313,2025-01-13 14:56:26.399801,19,N/A
4314,2025-01-13 14:56:27.676093,13,N/A
4315,2025-01-13 14:56:29.944818,29,N/A
4316,2025-01-13 14:56:31.401267,15,N/A
4317,2025-01-13 14:56:32.759933,14,N/A
4318,2025-01-13 14:56:34.606590,21,N/A
4319,2025-01-13 14:56:36.814575,26,N/A
4320,2025-01-13 14:56:39.836116,34,N/A
4321,2025-01-13 14:56:41.703962,19,N/A
4322,2025-01-13 14:56:43.521422,22,N/A
4323,2025-01-13 14:56:45.885070,27,N/A
4324,2025-01-13 14:56:48.290672,30,N/A
4325,2025-01-13 15:09:00.555216,19,N/A
4326,2025-01-13 15:09:02.224870,20,N/A
4327,2025-01-13 15:09:03.402391,12,N/A
4328,2025-01-13 15:09:04.899932,15,N/A
4329,2025-01-13 15:09:07.102657,28,N/A
4330,2025-01-13 15:09:08.570143,19,N/A
4331,2025-01-13 15:09:10.212980,20,N/A
4332,2025-01-13 15:09:12.067193,25,N/A
4333,2025-01-13 15:09:13.321142,14,N/A
4334,2025-01-13 15:09:15.827324,29,N/A
4335,2025-01-13 15:09:17.717097,31,N/A
4336,2025-01-13 15:09:19.284293,16,N/A
4337,2025-01-13 15:09:20.659193,16,N/A
4338,2025-01-13 15:09:21.897764,10,N/A
4339,2025-01-13 15:09:24.034607,22,N/A
4340,2025-01-13 15:09:25.293556,15,N/A
4341,2025-01-13 15:09:27.496773,26,N/A
4342,2025-01-13 15:09:30.108536,34,N/A
4343,2025-01-13 15:09:31.910032,22,N/A
4344,2025-01-13 15:09:33.196453,13,N/A
4345,2025-01-13 15:09:34.912554,18,N/A
4346,2025-01-13 15:09:37.247372,27,N/A
4347,2025-01-13 15:09:39.066516,23,N/A
4348,2025-01-13 15:25:07.428248,29,N/A
4349,2025-01-13 15:25:08.663372,13,N/A
4350,2025-01-13 15:25:09.701403,19,N/A
4351,2025-01-13 15:25:10.284097,15,N/A
4352,2025-01-13 15:25:11.248065,33,N/A
4353,2025-01-13 15:25:11.968226,18,N/A
4354,2025-01-13 15:25:12.767625,26,N/A
4355,2025-01-13 15:25:13.534187,21,N/A
4356,2025-01-13 15:25:14.453828,30,N/A
4357,2025-01-13 15:25:15.954066,19,N/A
4358,2025-01-13 15:25:18.728108,34,N/A
4359,2025-01-13 15:25:21.023080,24,N/A
4360,2025-01-13 15:25:22.545776,27,N/A
4361,2025-01-13 15:25:23.579032,9,N/A
4362,2025-01-13 15:25:24.750369,11,N/A
4363,2025-01-13 15:25:26.053007,13,N/A
4364,2025-01-13 15:25:27.864950,21,N/A
4365,2025-01-13 15:25:28.869805,12,N/A
4366,2025-01-13 15:25:30.489661,21,N/A
4367,2025-01-13 15:25:32.021220,16,N/A
4368,2025-01-13 15:25:33.965280,24,N/A
4369,2025-01-13 15:25:36.037454,27,N/A
4370,2025-01-13 15:25:38.558230,33,N/A
4371,2025-01-13 15:25:40.288228,20,N/A
4372,2025-01-13 15:25:41.496518,14,N/A
4373,2025-01-13 15:25:43.139474,21,N/A
4374,2025-01-13 15:25:44.828120,18,N/A
4375,2025-01-13 15:25:47.144484,28,N/A
4376,2025-01-13 15:37:37.366742,24,N/A
4377,2025-01-13 15:37:39.798852,27,N/A
4378,2025-01-13 15:37:41.816309,27,N/A
4379,2025-01-13 15:37:43.123641,13,N/A
4380,2025-01-13 15:37:45.363956,26,N/A
4381,2025-01-13 15:37:46.842361,15,N/A
4382,2025-01-13 15:37:48.528997,20,N/A
4383,2025-01-13 15:37:49.546388,8,N/A
4384,2025-01-13 15:37:51.574989,27,N/A
4385,2025-01-13 15:37:52.745249,14,N/A
4386,2025-01-13 15:37:54.776326,25,N/A
4387,2025-01-13 15:37:56.011883,16,N/A
4388,2025-01-13 15:37:57.948425,26,N/A
4389,2025-01-13 15:38:00.040233,26,N/A
4390,2025-01-13 15:38:02.486273,40,N/A
4391,2025-01-13 15:38:04.344893,24,N/A
4392,2025-01-13 15:38:07.792119,40,N/A
4393,2025-01-13 15:38:10.663061,35,N/A
4394,2025-01-13 15:38:13.234907,35,N/A
4395,2025-01-13 15:38:15.047889,20,N/A
4396,2025-01-13 15:38:16.507342,17,N/A
4397,2025-01-13 15:38:18.601142,26,N/A
4398,2025-01-13 15:53:46.321832,25,N/A
4399,2025-01-13 15:53:47.276684,13,N/A
4400,2025-01-13 15:53:48.718978,24,N/A
4401,2025-01-13 15:53:49.356374,20,N/A
4402,2025-01-13 15:53:50.086596,26,N/A
4403,2025-01-13 15:53:50.708643,17,N/A
4404,2025-01-13 15:53:51.455663,30,N/A
4405,2025-01-13 15:53:51.955956,11,N/A
4406,2025-01-13 15:53:52.706263,26,N/A
4407,2025-01-13 15:53:54.370173,17,N/A
4408,2025-01-13 15:53:55.189445,12,N/A
4409,2025-01-13 15:53:56.735270,18,N/A
4410,2025-01-13 15:53:59.681926,37,N/A
4411,2025-01-13 15:54:03.209846,41,N/A
4412,2025-01-13 15:54:04.832290,17,N/A
4413,2025-01-13 15:54:07.337557,28,N/A
4414,2025-01-13 15:54:09.691085,26,N/A
4415,2025-01-13 15:54:11.083921,15,N/A
4416,2025-01-13 15:54:12.573621,17,N/A
4417,2025-01-13 15:54:13.732524,7,N/A
4418,2025-01-13 15:54:15.538498,24,N/A
4419,2025-01-13 15:54:16.946649,13,N/A
4420,2025-01-13 15:54:19.228929,23,N/A
4421,2025-01-13 15:54:20.189953,8,N/A
4422,2025-01-13 15:54:21.780549,20,N/A
4423,2025-01-13 15:54:23.007377,13,N/A
4424,2025-01-13 15:54:25.151533,24,N/A
4425,2025-01-13 15:54:26.701463,18,N/A
4426,2025-01-13 15:54:28.072411,16,N/A
4427,2025-01-13 16:09:54.988713,14,N/A
4428,2025-01-13 16:09:55.767880,30,N/A
4429,2025-01-13 16:09:56.345682,15,N/A
4430,2025-01-13 16:09:56.896053,13,N/A
4431,2025-01-13 16:09:57.559228,19,N/A
4432,2025-01-13 16:09:58.201283,17,N/A
4433,2025-01-13 16:09:59.949971,27,N/A
4434,2025-01-13 16:10:01.076884,29,N/A
4435,2025-01-13 16:10:01.707104,22,N/A
4436,2025-01-13 16:10:02.318967,9,N/A
4437,2025-01-13 16:10:04.004737,24,N/A
4438,2025-01-13 16:10:06.495170,38,N/A
4439,2025-01-13 16:10:08.334450,23,N/A
4440,2025-01-13 16:10:10.245244,24,N/A
4441,2025-01-13 16:10:11.565267,12,N/A
4442,2025-01-13 16:10:13.051974,13,N/A
4443,2025-01-13 16:10:15.379054,27,N/A
4444,2025-01-13 16:10:16.511987,9,N/A
4445,2025-01-13 16:10:19.297528,29,N/A
4446,2025-01-13 16:10:21.542561,32,N/A
4447,2025-01-13 16:10:23.209721,20,N/A
4448,2025-01-13 16:10:25.121628,24,N/A
4449,2025-01-13 16:10:27.095239,30,N/A
4450,2025-01-13 16:10:28.758264,16,N/A
4451,2025-01-13 16:10:30.485955,21,N/A
4452,2025-01-13 16:10:32.502861,25,N/A
4453,2025-01-13 16:10:33.509649,7,N/A
4454,2025-01-13 16:10:35.014239,17,N/A
4455,2025-01-13 16:26:01.928870,29,N/A
4456,2025-01-13 16:26:03.280622,27,N/A
4457,2025-01-13 16:26:04.518648,15,N/A
4458,2025-01-13 16:26:05.417349,9,N/A
4459,2025-01-13 16:26:06.506092,21,N/A
4460,2025-01-13 16:26:09.221948,34,N/A
4461,2025-01-13 16:26:11.072439,26,N/A
4462,2025-01-13 16:26:12.607031,15,N/A
4463,2025-01-13 16:26:14.430110,21,N/A
4464,2025-01-13 16:26:17.034443,33,N/A
4465,2025-01-13 16:26:18.860869,22,N/A
4466,2025-01-13 16:26:20.838293,26,N/A
4467,2025-01-13 16:26:22.803581,26,N/A
4468,2025-01-13 16:26:24.406237,17,N/A
4469,2025-01-13 16:26:26.184883,24,N/A
4470,2025-01-13 16:26:28.222574,29,N/A
4471,2025-01-13 16:26:29.619083,15,N/A
4472,2025-01-13 16:26:31.683216,27,N/A
4473,2025-01-13 16:26:32.980255,13,N/A
4474,2025-01-13 16:26:34.961005,27,N/A
4475,2025-01-13 16:26:36.855325,26,N/A
4476,2025-01-13 16:26:39.181447,26,N/A
4477,2025-01-13 16:26:41.086347,27,N/A
4478,2025-01-13 16:26:42.605045,17,N/A
4479,2025-01-13 16:26:44.236406,20,N/A
4480,2025-01-13 16:42:12.082083,36,N/A
4481,2025-01-13 16:42:14.038802,26,N/A
4482,2025-01-13 16:42:15.694942,21,N/A
4483,2025-01-13 16:42:17.310288,22,N/A
4484,2025-01-13 16:42:19.137857,27,N/A
4485,2025-01-13 16:42:21.800904,35,N/A
4486,2025-01-13 16:42:23.092100,14,N/A
4487,2025-01-13 16:42:25.360265,26,N/A
4488,2025-01-13 16:42:27.071011,20,N/A
4489,2025-01-13 16:42:29.124137,27,N/A
4490,2025-01-13 16:42:30.629039,18,N/A
4491,2025-01-13 16:42:33.796070,44,N/A
4492,2025-01-13 16:42:34.700158,12,N/A
4493,2025-01-13 16:42:36.571969,28,N/A
4494,2025-01-13 16:42:38.426228,21,N/A
4495,2025-01-13 16:42:40.421225,25,N/A
4496,2025-01-13 16:42:41.952695,17,N/A
4497,2025-01-13 16:42:43.853408,22,N/A
4498,2025-01-13 16:42:45.805003,25,N/A
4499,2025-01-13 16:42:47.938745,29,N/A
4500,2025-01-13 16:42:49.529351,19,N/A
4501,2025-01-13 16:42:51.506403,20,N/A
4502,2025-01-13 16:58:19.451550,27,N/A
4503,2025-01-13 16:58:21.581490,25,N/A
4504,2025-01-13 16:58:23.851690,25,N/A
4505,2025-01-13 16:58:25.483126,18,N/A
4506,2025-01-13 16:58:26.765932,16,N/A
4507,2025-01-13 16:58:28.455210,19,N/A
4508,2025-01-13 16:58:29.846640,17,N/A
4509,2025-01-13 16:58:31.555646,21,N/A
4510,2025-01-13 16:58:34.185492,37,N/A
4511,2025-01-13 16:58:35.319510,13,N/A
4512,2025-01-13 16:58:37.679523,32,N/A
4513,2025-01-13 16:58:39.089955,17,N/A
4514,2025-01-13 16:58:40.442450,15,N/A
4515,2025-01-13 16:58:42.660608,34,N/A
4516,2025-01-13 16:58:44.446116,23,N/A
4517,2025-01-13 16:58:45.894344,18,N/A
4518,2025-01-13 16:58:47.719337,29,N/A
4519,2025-01-13 16:58:49.131255,14,N/A
4520,2025-01-13 16:58:50.782623,22,N/A
4521,2025-01-13 16:58:52.237476,15,N/A
4522,2025-01-13 16:58:53.969729,19,N/A
4523,2025-01-13 16:58:55.743768,20,N/A
4524,2025-01-13 16:58:57.585132,23,N/A
4525,2025-01-13 16:59:00.070797,29,N/A
4526,2025-01-13 17:10:54.660389,22,N/A
4527,2025-01-13 17:10:56.584791,23,N/A
4528,2025-01-13 17:10:57.582463,7,N/A
4529,2025-01-13 17:10:58.710294,14,N/A
4530,2025-01-13 17:11:00.241361,17,N/A
4531,2025-01-13 17:11:01.587674,13,N/A
4532,2025-01-13 17:11:03.740530,27,N/A
4533,2025-01-13 17:11:05.905467,29,N/A
4534,2025-01-13 17:11:08.535142,31,N/A
4535,2025-01-13 17:11:10.421940,24,N/A
4536,2025-01-13 17:11:11.908731,19,N/A
4537,2025-01-13 17:11:14.414640,29,N/A
4538,2025-01-13 17:11:16.093608,19,N/A
4539,2025-01-13 17:11:20.926436,16,N/A
4540,2025-01-13 17:11:23.136132,29,N/A
4541,2025-01-13 17:11:24.841860,17,N/A
4542,2025-01-13 17:11:27.410145,31,N/A
4543,2025-01-13 17:11:29.472429,24,N/A
4544,2025-01-13 17:11:30.474703,7,N/A
4545,2025-01-13 17:11:32.933087,30,N/A
4546,2025-01-13 17:11:34.773856,18,N/A
4547,2025-01-13 17:26:39.940530,7,N/A
4548,2025-01-13 17:26:42.142363,28,N/A
4549,2025-01-13 17:26:43.393092,14,N/A
4550,2025-01-13 17:26:44.544804,15,N/A
4551,2025-01-13 17:26:46.004135,19,N/A
4552,2025-01-13 17:26:47.600678,16,N/A
4553,2025-01-13 17:26:49.309870,19,N/A
4554,2025-01-13 17:26:50.763433,17,N/A
4555,2025-01-13 17:26:52.719336,24,N/A
4556,2025-01-13 17:26:54.005094,9,N/A
4557,2025-01-13 17:26:55.424034,25,N/A
4558,2025-01-13 17:26:56.179200,3,N/A
4559,2025-01-13 17:26:57.338819,10,N/A
4560,2025-01-13 17:26:59.048329,19,N/A
4561,2025-01-13 17:27:00.546671,17,N/A
4562,2025-01-13 17:27:02.118830,16,N/A
4563,2025-01-13 17:27:03.691946,17,N/A
4564,2025-01-13 17:27:04.679837,7,N/A
4565,2025-01-13 17:27:07.745223,35,N/A
4566,2025-01-13 17:27:09.653322,21,N/A
4567,2025-01-13 17:27:11.322592,20,N/A
4568,2025-01-13 17:27:12.952783,15,N/A
4569,2025-01-13 17:27:14.838147,21,N/A
4570,2025-01-13 17:27:16.229960,14,N/A
4571,2025-01-13 17:27:17.892293,19,N/A
4572,2025-01-13 17:27:19.938205,23,N/A
4573,2025-01-13 17:42:24.360696,17,N/A
4574,2025-01-13 17:42:25.817999,15,N/A
4575,2025-01-13 17:42:27.649751,22,N/A
4576,2025-01-13 17:42:29.119634,16,N/A
4577,2025-01-13 17:42:30.555919,14,N/A
4578,2025-01-13 17:42:32.069120,14,N/A
4579,2025-01-13 17:42:34.621533,27,N/A
4580,2025-01-13 17:42:36.006571,16,N/A
4581,2025-01-13 17:42:37.469454,15,N/A
4582,2025-01-13 17:42:39.312875,24,N/A
4583,2025-01-13 17:42:41.546886,33,N/A
4584,2025-01-13 17:42:43.540371,26,N/A
4585,2025-01-13 17:42:45.045139,15,N/A
4586,2025-01-13 17:42:46.436061,16,N/A
4587,2025-01-13 17:42:47.821287,14,N/A
4588,2025-01-13 17:42:50.877104,45,N/A
4589,2025-01-13 17:42:52.357492,16,N/A
4590,2025-01-13 17:42:53.878795,16,N/A
4591,2025-01-13 17:42:56.097940,27,N/A
4592,2025-01-13 17:42:57.843195,18,N/A
4593,2025-01-13 17:43:00.095529,25,N/A
4594,2025-01-13 17:43:01.183635,10,N/A
4595,2025-01-13 17:43:03.203129,27,N/A
4596,2025-01-13 17:43:05.357559,25,N/A
4597,2025-01-13 17:58:33.525021,32,N/A
4598,2025-01-13 17:58:34.913879,11,N/A
4599,2025-01-13 17:58:38.529565,42,N/A
4600,2025-01-13 17:58:39.653412,10,N/A
4601,2025-01-13 17:58:41.695082,23,N/A
4602,2025-01-13 17:58:42.822143,14,N/A
4603,2025-01-13 17:58:44.693297,25,N/A
4604,2025-01-13 17:58:46.569165,21,N/A
4605,2025-01-13 17:58:48.491440,23,N/A
4606,2025-01-13 17:58:49.743900,13,N/A
4607,2025-01-13 17:58:51.202978,15,N/A
4608,2025-01-13 17:58:53.356694,25,N/A
4609,2025-01-13 17:58:55.054618,19,N/A
4610,2025-01-13 17:58:57.512591,33,N/A
4611,2025-01-13 17:58:59.349901,21,N/A
4612,2025-01-13 17:59:00.570346,8,N/A
4613,2025-01-13 17:59:02.103827,14,N/A
4614,2025-01-13 17:59:03.390493,14,N/A
4615,2025-01-13 17:59:05.167298,23,N/A
4616,2025-01-13 17:59:06.547861,16,N/A
4617,2025-01-13 17:59:08.974191,35,N/A
4618,2025-01-13 17:59:11.091111,25,N/A
4619,2025-01-13 17:59:13.386103,30,N/A
4620,2025-01-13 17:59:14.883557,18,N/A
4621,2025-01-13 18:11:54.049418,15,N/A
4622,2025-01-13 18:11:55.519032,16,N/A
4623,2025-01-13 18:11:57.246470,22,N/A
4624,2025-01-13 18:11:58.435854,11,N/A
4625,2025-01-13 18:12:00.013043,16,N/A
4626,2025-01-13 18:12:02.112787,26,N/A
4627,2025-01-13 18:12:04.392700,29,N/A
4628,2025-01-13 18:12:06.304616,26,N/A
4629,2025-01-13 18:12:08.158396,20,N/A
4630,2025-01-13 18:12:09.704123,15,N/A
4631,2025-01-13 18:12:11.196609,16,N/A
4632,2025-01-13 18:12:12.073187,4,N/A
4633,2025-01-13 18:12:13.818192,22,N/A
4634,2025-01-13 18:12:16.967385,45,N/A
4635,2025-01-13 18:12:18.629346,16,N/A
4636,2025-01-13 18:12:19.617528,18,N/A
4637,2025-01-13 18:12:21.156911,22,N/A
4638,2025-01-13 18:12:22.358463,13,N/A
4639,2025-01-13 18:12:24.670539,31,N/A
4640,2025-01-13 18:12:27.298932,35,N/A
4641,2025-01-13 18:12:29.467047,21,N/A
4642,2025-01-13 18:12:30.548035,24,N/A
4643,2025-01-13 18:12:32.533011,22,N/A
4644,2025-01-13 18:12:34.230442,22,N/A
4645,2025-01-13 18:12:35.569541,14,N/A
4646,2025-01-13 18:28:03.187985,21,N/A
4647,2025-01-13 18:28:05.162418,21,N/A
4648,2025-01-13 18:28:06.592210,14,N/A
4649,2025-01-13 18:28:09.011411,26,N/A
4650,2025-01-13 18:28:10.845391,20,N/A
4651,2025-01-13 18:28:13.135434,26,N/A
4652,2025-01-13 18:28:14.737165,18,N/A
4653,2025-01-13 18:28:16.262753,15,N/A
4654,2025-01-13 18:28:17.813206,14,N/A
4655,2025-01-13 18:28:19.520470,19,N/A
4656,2025-01-13 18:28:21.557683,20,N/A
4657,2025-01-13 18:28:23.345781,26,N/A
4658,2025-01-13 18:28:24.542734,10,N/A
4659,2025-01-13 18:28:25.529104,7,N/A
4660,2025-01-13 18:28:27.681408,27,N/A
4661,2025-01-13 18:28:29.765109,27,N/A
4662,2025-01-13 18:28:31.493850,19,N/A
4663,2025-01-13 18:28:32.439417,8,N/A
4664,2025-01-13 18:28:33.819550,13,N/A
4665,2025-01-13 18:28:36.186967,29,N/A
4666,2025-01-13 18:28:38.351360,30,N/A
4667,2025-01-13 18:28:40.006714,17,N/A
4668,2025-01-13 18:28:42.028502,23,N/A
4669,2025-01-13 18:44:11.117006,42,N/A
4670,2025-01-13 18:44:14.361675,38,N/A
4671,2025-01-13 18:44:15.941747,17,N/A
4672,2025-01-13 18:44:17.727645,25,N/A
4673,2025-01-13 18:44:19.969629,28,N/A
4674,2025-01-13 18:44:21.381641,15,N/A
4675,2025-01-13 18:44:22.742858,16,N/A
4676,2025-01-13 18:44:24.276511,15,N/A
4677,2025-01-13 18:44:25.979584,24,N/A
4678,2025-01-13 18:44:27.456455,17,N/A
4679,2025-01-13 18:44:29.022133,16,N/A
4680,2025-01-13 18:44:30.264142,12,N/A
4681,2025-01-13 18:44:32.316879,23,N/A
4682,2025-01-13 18:44:33.650915,14,N/A
4683,2025-01-13 18:44:36.660907,42,N/A
4684,2025-01-13 18:44:38.087175,17,N/A
4685,2025-01-13 18:44:39.266357,11,N/A
4686,2025-01-13 18:44:41.001345,25,N/A
4687,2025-01-13 18:44:41.997713,8,N/A
4688,2025-01-13 18:44:43.484486,16,N/A
4689,2025-01-13 18:44:45.688858,26,N/A
4690,2025-01-13 18:44:46.696643,9,N/A
4691,2025-01-13 18:44:48.033895,13,N/A
4692,2025-01-13 18:44:49.036391,8,N/A
4693,2025-01-13 18:44:51.217302,29,N/A
4694,2025-01-13 18:44:52.634157,17,N/A
4695,2025-01-13 19:00:20.065616,19,N/A
4696,2025-01-13 19:00:21.634224,14,N/A
4697,2025-01-13 19:00:22.678416,9,N/A
4698,2025-01-13 19:00:25.616895,37,N/A
4699,2025-01-13 19:00:27.023156,13,N/A
4700,2025-01-13 19:00:28.704705,18,N/A
4701,2025-01-13 19:00:31.487442,36,N/A
4702,2025-01-13 19:00:33.607578,25,N/A
4703,2025-01-13 19:00:35.055330,16,N/A
4704,2025-01-13 19:00:37.328797,30,N/A
4705,2025-01-13 19:00:38.842982,15,N/A
4706,2025-01-13 19:00:39.905022,8,N/A
4707,2025-01-13 19:00:41.881081,22,N/A
4708,2025-01-13 19:00:43.297481,17,N/A
4709,2025-01-13 19:00:45.352705,26,N/A
4710,2025-01-13 19:00:47.169099,22,N/A
4711,2025-01-13 19:00:49.793555,36,N/A
4712,2025-01-13 19:00:51.112185,18,N/A
4713,2025-01-13 19:00:53.395410,25,N/A
4714,2025-01-13 19:00:56.107105,36,N/A
4715,2025-01-13 19:00:56.770072,3,N/A
4716,2025-01-13 19:00:58.227367,15,N/A
4717,2025-01-13 19:00:59.720039,14,N/A
4718,2025-01-13 19:12:53.264084,20,N/A
4719,2025-01-13 19:12:55.124390,18,N/A
4720,2025-01-13 19:12:56.523720,15,N/A
4721,2025-01-13 19:12:58.205713,25,N/A
4722,2025-01-13 19:13:00.082553,29,N/A
4723,2025-01-13 19:13:03.632891,41,N/A
4724,2025-01-13 19:13:05.203214,15,N/A
4725,2025-01-13 19:13:07.504179,31,N/A
4726,2025-01-13 19:13:08.945413,25,N/A
4727,2025-01-13 19:13:11.607775,35,N/A
4728,2025-01-13 19:13:13.933746,30,N/A
4729,2025-01-13 19:13:15.339240,18,N/A
4730,2025-01-13 19:13:16.975430,15,N/A
4731,2025-01-13 19:13:18.970957,24,N/A
4732,2025-01-13 19:13:20.678424,21,N/A
4733,2025-01-13 19:13:22.632321,26,N/A
4734,2025-01-13 19:13:24.258872,18,N/A
4735,2025-01-13 19:13:26.381461,23,N/A
4736,2025-01-13 19:13:28.025034,22,N/A
4737,2025-01-13 19:13:29.974764,19,N/A
4738,2025-01-13 19:13:32.241166,27,N/A
4739,2025-01-13 19:13:34.489659,32,N/A
4740,2025-01-13 19:29:03.171188,23,N/A
4741,2025-01-13 19:29:05.014083,22,N/A
4742,2025-01-13 19:29:07.104356,27,N/A
4743,2025-01-13 19:29:09.508569,35,N/A
4744,2025-01-13 19:29:11.162169,19,N/A
4745,2025-01-13 19:29:12.676227,15,N/A
4746,2025-01-13 19:29:14.008758,15,N/A
4747,2025-01-13 19:29:15.765532,21,N/A
4748,2025-01-13 19:29:17.367247,20,N/A
4749,2025-01-13 19:29:18.745767,18,N/A
4750,2025-01-13 19:29:20.936948,23,N/A
4751,2025-01-13 19:29:22.285786,11,N/A
4752,2025-01-13 19:29:24.278760,24,N/A
4753,2025-01-13 19:29:25.998960,18,N/A
4754,2025-01-13 19:29:28.054256,22,N/A
4755,2025-01-13 19:29:29.503186,14,N/A
4756,2025-01-13 19:29:31.529139,21,N/A
4757,2025-01-13 19:29:33.167348,17,N/A
4758,2025-01-13 19:29:34.857783,20,N/A
4759,2025-01-13 19:29:36.792189,20,N/A
4760,2025-01-13 19:29:38.023798,9,N/A
4761,2025-01-13 19:29:39.210172,9,N/A
4762,2025-01-13 19:29:41.653599,36,N/A
4763,2025-01-13 19:29:43.721833,28,N/A
4764,2025-01-13 19:45:11.950799,28,N/A
4765,2025-01-13 19:45:14.071302,31,N/A
4766,2025-01-13 19:45:15.774049,21,N/A
4767,2025-01-13 19:45:17.785662,25,N/A
4768,2025-01-13 19:45:19.329495,17,N/A
4769,2025-01-13 19:45:20.617679,10,N/A
4770,2025-01-13 19:45:22.235684,16,N/A
4771,2025-01-13 19:45:24.247436,21,N/A
4772,2025-01-13 19:45:25.759601,13,N/A
4773,2025-01-13 19:45:27.016572,14,N/A
4774,2025-01-13 19:45:28.093619,9,N/A
4775,2025-01-13 19:45:30.219015,26,N/A
4776,2025-01-13 19:45:31.751248,20,N/A
4777,2025-01-13 19:45:32.993124,9,N/A
4778,2025-01-13 19:45:34.345902,14,N/A
4779,2025-01-13 19:45:35.504713,9,N/A
4780,2025-01-13 19:45:38.092073,34,N/A
4781,2025-01-13 19:45:40.503018,33,N/A
4782,2025-01-13 19:45:42.476333,21,N/A
4783,2025-01-13 19:45:44.081219,19,N/A
4784,2025-01-13 19:45:45.064516,6,N/A
4785,2025-01-13 19:45:46.782152,23,N/A
4786,2025-01-13 19:45:48.486028,19,N/A
4787,2025-01-13 19:45:49.872106,13,N/A
4788,2025-01-13 19:46:39.720207,28,N/A
4789,2025-01-13 19:46:41.176353,16,N/A
4790,2025-01-13 19:46:43.274017,23,N/A
4791,2025-01-13 19:46:44.142833,4,N/A
4792,2025-01-13 19:46:47.126411,31,N/A
4793,2025-01-13 19:46:48.657760,16,N/A
4794,2025-01-13 20:02:16.540604,19,N/A
4795,2025-01-13 20:02:18.025992,16,N/A
4796,2025-01-13 20:02:19.609511,16,N/A
4797,2025-01-13 20:02:21.449020,21,N/A
4798,2025-01-13 20:02:24.738093,40,N/A
4799,2025-01-13 20:02:26.343730,13,N/A
4800,2025-01-13 20:02:28.703794,20,N/A
4801,2025-01-13 20:02:30.417633,17,N/A
4802,2025-01-13 20:02:32.102087,18,N/A
4803,2025-01-13 20:02:34.680183,29,N/A
4804,2025-01-13 20:02:36.223432,17,N/A
4805,2025-01-13 20:02:37.567546,14,N/A
4806,2025-01-13 20:02:39.721573,21,N/A
4807,2025-01-13 20:02:42.417102,33,N/A
4808,2025-01-13 20:02:44.202870,21,N/A
4809,2025-01-13 20:02:46.216009,23,N/A
4810,2025-01-13 20:02:47.399805,11,N/A
4811,2025-01-13 20:02:48.628471,8,N/A
4812,2025-01-13 20:02:50.019600,15,N/A
4813,2025-01-13 20:02:52.132325,22,N/A
4814,2025-01-13 20:02:54.521722,30,N/A
4815,2025-01-13 20:02:56.388479,19,N/A
4816,2025-01-13 20:13:54.196887,35,N/A
4817,2025-01-13 20:13:55.484861,13,N/A
4818,2025-01-13 20:13:57.755017,27,N/A
4819,2025-01-13 20:13:59.800013,27,N/A
4820,2025-01-13 20:14:00.716677,23,N/A
4821,2025-01-13 20:14:02.267161,21,N/A
4822,2025-01-13 20:14:03.678414,15,N/A
4823,2025-01-13 20:14:06.639232,31,N/A
4824,2025-01-13 20:14:08.254444,25,N/A
4825,2025-01-13 20:14:09.231412,7,N/A
4826,2025-01-13 20:14:10.066344,6,N/A
4827,2025-01-13 20:14:11.340163,11,N/A
4828,2025-01-13 20:14:12.285488,6,N/A
4829,2025-01-13 20:14:13.953434,20,N/A
4830,2025-01-13 20:14:15.428177,13,N/A
4831,2025-01-13 20:14:16.354703,7,N/A
4832,2025-01-13 20:14:18.298933,22,N/A
4833,2025-01-13 20:14:20.209212,20,N/A
4834,2025-01-13 20:14:21.189928,7,N/A
4835,2025-01-13 20:14:23.071384,22,N/A
4836,2025-01-13 20:14:24.604906,19,N/A
4837,2025-01-13 20:14:26.481029,19,N/A
4838,2025-01-13 20:14:28.469726,25,N/A
4839,2025-01-13 20:14:30.036072,16,N/A
4840,2025-01-13 20:14:31.364044,10,N/A
4841,2025-01-13 20:14:33.288842,22,N/A
4842,2025-01-13 20:14:35.145446,26,N/A
4843,2025-01-13 20:30:02.185200,11,N/A
4844,2025-01-13 20:30:04.084817,21,N/A
4845,2025-01-13 20:30:06.195557,24,N/A
4846,2025-01-13 20:30:07.907772,23,N/A
4847,2025-01-13 20:30:13.293640,24,N/A
4848,2025-01-13 20:30:14.811218,15,N/A
4849,2025-01-13 20:30:18.336610,42,N/A
4850,2025-01-13 20:30:20.476875,25,N/A
4851,2025-01-13 20:30:22.093296,17,N/A
4852,2025-01-13 20:30:23.676582,15,N/A
4853,2025-01-13 20:30:25.572378,22,N/A
4854,2025-01-13 20:30:27.328369,19,N/A
4855,2025-01-13 20:30:29.371438,27,N/A
4856,2025-01-13 20:30:31.214835,21,N/A
4857,2025-01-13 20:30:33.698091,32,N/A
4858,2025-01-13 20:30:35.196780,17,N/A
4859,2025-01-13 20:30:37.500141,25,N/A
4860,2025-01-13 20:30:38.452484,5,N/A
4861,2025-01-13 20:30:40.175775,17,N/A
4862,2025-01-13 20:30:41.648228,13,N/A
4863,2025-01-13 20:46:08.892671,15,N/A
4864,2025-01-13 20:46:11.390832,26,N/A
4865,2025-01-13 20:46:12.873236,14,N/A
4866,2025-01-13 20:46:14.401550,17,N/A
4867,2025-01-13 20:46:15.882211,15,N/A
4868,2025-01-13 20:46:16.995948,11,N/A
4869,2025-01-13 20:46:19.582268,33,N/A
4870,2025-01-13 20:46:20.788173,13,N/A
4871,2025-01-13 20:46:23.879424,37,N/A
4872,2025-01-13 20:46:25.361680,14,N/A
4873,2025-01-13 20:46:26.538171,9,N/A
4874,2025-01-13 20:46:29.221959,31,N/A
4875,2025-01-13 20:46:30.378985,11,N/A
4876,2025-01-13 20:46:31.678070,17,N/A
4877,2025-01-13 20:46:33.948151,16,N/A
4878,2025-01-13 20:46:36.007684,22,N/A
4879,2025-01-13 20:46:37.413761,13,N/A
4880,2025-01-13 20:46:39.400960,29,N/A
4881,2025-01-13 20:46:40.785490,13,N/A
4882,2025-01-13 20:46:42.567936,19,N/A
4883,2025-01-13 20:46:44.083830,15,N/A
4884,2025-01-13 20:46:46.077028,24,N/A
4885,2025-01-13 20:46:47.748988,16,N/A
4886,2025-01-13 20:46:49.383261,18,N/A
4887,2025-01-13 20:46:50.842943,16,N/A
4888,2025-01-13 20:46:51.881955,7,N/A
4889,2025-01-13 21:02:21.253404,39,N/A
4890,2025-01-13 21:02:22.560938,16,N/A
4891,2025-01-13 21:02:23.999690,13,N/A
4892,2025-01-13 21:02:25.320285,11,N/A
4893,2025-01-13 21:02:27.857302,33,N/A
4894,2025-01-13 21:02:29.360919,19,N/A
4895,2025-01-13 21:02:30.972894,16,N/A
4896,2025-01-13 21:02:32.476770,13,N/A
4897,2025-01-13 21:02:34.783537,27,N/A
4898,2025-01-13 21:02:35.833281,8,N/A
4899,2025-01-13 21:02:37.677137,20,N/A
4900,2025-01-13 21:02:40.052782,28,N/A
4901,2025-01-13 21:02:41.624747,20,N/A
4902,2025-01-13 21:02:44.346041,38,N/A
4903,2025-01-13 21:02:46.293550,24,N/A
4904,2025-01-13 21:02:48.813387,31,N/A
4905,2025-01-13 21:02:51.375888,35,N/A
4906,2025-01-13 21:02:52.619788,10,N/A
4907,2025-01-13 21:02:53.883622,11,N/A
4908,2025-01-13 21:02:54.788652,7,N/A
4909,2025-01-13 21:02:57.096294,28,N/A
4910,2025-01-13 21:02:59.085126,24,N/A
4911,2025-01-13 21:03:00.450999,15,N/A
4912,2025-01-13 21:03:02.146661,17,N/A
4913,2025-01-13 21:14:54.512297,20,N/A
4914,2025-01-13 21:14:56.540358,24,N/A
4915,2025-01-13 21:14:57.433412,13,N/A
4916,2025-01-13 21:14:58.980169,18,N/A
4917,2025-01-13 21:15:01.396972,29,N/A
4918,2025-01-13 21:15:03.295629,19,N/A
4919,2025-01-13 21:15:06.357759,34,N/A
4920,2025-01-13 21:15:08.057368,25,N/A
4921,2025-01-13 21:15:10.383914,32,N/A
4922,2025-01-13 21:15:12.500486,27,N/A
4923,2025-01-13 21:15:14.301200,20,N/A
4924,2025-01-13 21:15:16.026386,18,N/A
4925,2025-01-13 21:15:18.388994,28,N/A
4926,2025-01-13 21:15:20.308681,16,N/A
4927,2025-01-13 21:15:22.003607,16,N/A
4928,2025-01-13 21:15:23.541080,15,N/A
4929,2025-01-13 21:15:25.043517,14,N/A
4930,2025-01-13 21:15:26.738972,17,N/A
4931,2025-01-13 21:15:29.097828,27,N/A
4932,2025-01-13 21:15:30.353792,15,N/A
4933,2025-01-13 21:15:31.797363,13,N/A
4934,2025-01-13 21:15:33.750612,25,N/A
4935,2025-01-13 21:31:01.720788,19,N/A
4936,2025-01-13 21:31:03.974027,24,N/A
4937,2025-01-13 21:31:05.801643,21,N/A
4938,2025-01-13 21:31:06.889252,8,N/A
4939,2025-01-13 21:31:07.896106,6,N/A
4940,2025-01-13 21:31:10.045675,28,N/A
4941,2025-01-13 21:31:12.351948,26,N/A
4942,2025-01-13 21:31:14.751442,30,N/A
4943,2025-01-13 21:31:17.439214,31,N/A
4944,2025-01-13 21:31:19.346673,20,N/A
4945,2025-01-13 21:31:21.033284,15,N/A
4946,2025-01-13 21:31:22.404423,13,N/A
4947,2025-01-13 21:31:23.816630,14,N/A
4948,2025-01-13 21:31:25.757747,23,N/A
4949,2025-01-13 21:31:27.181398,13,N/A
4950,2025-01-13 21:31:29.785090,35,N/A
4951,2025-01-13 21:31:31.203526,15,N/A
4952,2025-01-13 21:31:33.470738,28,N/A
4953,2025-01-13 21:31:34.555917,9,N/A
4954,2025-01-13 21:31:36.268858,19,N/A
4955,2025-01-13 21:31:38.217285,25,N/A
4956,2025-01-13 21:31:39.582611,14,N/A
4957,2025-01-13 21:31:41.060012,17,N/A
4958,2025-01-13 21:31:42.656592,18,N/A
4959,2025-01-13 21:47:09.907076,16,N/A
4960,2025-01-13 21:47:10.703902,5,N/A
4961,2025-01-13 21:47:12.670025,21,N/A
4962,2025-01-13 21:47:15.129689,32,N/A
4963,2025-01-13 21:47:17.024975,21,N/A
4964,2025-01-13 21:47:19.201910,31,N/A
4965,2025-01-13 21:47:20.316613,9,N/A
4966,2025-01-13 21:47:22.155004,25,N/A
4967,2025-01-13 21:47:23.559182,12,N/A
4968,2025-01-13 21:47:25.843263,28,N/A
4969,2025-01-13 21:47:27.541256,19,N/A
4970,2025-01-13 21:47:29.262891,20,N/A
4971,2025-01-13 21:47:31.157269,24,N/A
4972,2025-01-13 21:47:32.900107,18,N/A
4973,2025-01-13 21:47:35.759711,36,N/A
4974,2025-01-13 21:47:37.882885,26,N/A
4975,2025-01-13 21:47:39.763530,25,N/A
4976,2025-01-13 21:47:41.032160,11,N/A
4977,2025-01-13 21:47:43.518063,33,N/A
4978,2025-01-13 21:47:45.712587,26,N/A
4979,2025-01-13 21:47:47.695626,23,N/A
4980,2025-01-13 21:47:50.390790,33,N/A
4981,2025-01-13 22:03:17.002325,33,N/A
4982,2025-01-13 22:03:17.371071,19,N/A
4983,2025-01-13 22:03:19.530807,27,N/A
4984,2025-01-13 22:03:21.017942,14,N/A
4985,2025-01-13 22:03:22.407131,15,N/A
4986,2025-01-13 22:03:24.615611,20,N/A
4987,2025-01-13 22:03:26.792758,26,N/A
4988,2025-01-13 22:03:28.276156,14,N/A
4989,2025-01-13 22:03:30.517197,26,N/A
4990,2025-01-13 22:03:33.218272,33,N/A
4991,2025-01-13 22:03:34.700042,16,N/A
4992,2025-01-13 22:03:36.942563,30,N/A
4993,2025-01-13 22:03:38.183084,12,N/A
4994,2025-01-13 22:03:40.515201,29,N/A
4995,2025-01-13 22:03:41.527689,9,N/A
4996,2025-01-13 22:03:43.474596,25,N/A
4997,2025-01-13 22:03:45.329740,20,N/A
4998,2025-01-13 22:03:47.144575,18,N/A
4999,2025-01-13 22:03:49.328084,23,N/A
5000,2025-01-13 22:03:52.534550,36,N/A
5001,2025-01-13 22:03:54.822518,30,N/A
5002,2025-01-13 22:03:56.616187,18,N/A
5003,2025-01-13 22:03:58.148979,14,N/A
5004,2025-01-13 22:15:54.793648,27,N/A
5005,2025-01-13 22:15:56.747769,23,N/A
5006,2025-01-13 22:15:57.516508,13,N/A
5007,2025-01-13 22:15:59.505631,28,N/A
5008,2025-01-13 22:16:01.203391,18,N/A
5009,2025-01-13 22:16:02.755867,14,N/A
5010,2025-01-13 22:16:05.261228,22,N/A
5011,2025-01-13 22:16:07.479652,24,N/A
5012,2025-01-13 22:16:08.781902,21,N/A
5013,2025-01-13 22:16:09.952573,9,N/A
5014,2025-01-13 22:16:11.354292,14,N/A
5015,2025-01-13 22:16:12.837619,17,N/A
5016,2025-01-13 22:16:14.831460,23,N/A
5017,2025-01-13 22:16:16.706019,19,N/A
5018,2025-01-13 22:16:18.496254,20,N/A
5019,2025-01-13 22:16:20.523929,22,N/A
5020,2025-01-13 22:16:22.687712,23,N/A
5021,2025-01-13 22:16:24.187306,14,N/A
5022,2025-01-13 22:16:26.124939,18,N/A
5023,2025-01-13 22:16:26.950566,3,N/A
5024,2025-01-13 22:16:28.550129,16,N/A
5025,2025-01-13 22:16:29.743850,12,N/A
5026,2025-01-13 22:16:31.325853,16,N/A
5027,2025-01-13 22:16:32.714237,13,N/A
5028,2025-01-13 22:16:33.847024,9,N/A
5029,2025-01-13 22:32:02.620910,34,N/A
5030,2025-01-13 22:32:04.143370,15,N/A
5031,2025-01-13 22:32:05.863251,15,N/A
5032,2025-01-13 22:32:06.821251,5,N/A
5033,2025-01-13 22:32:08.555844,16,N/A
5034,2025-01-13 22:32:09.842901,10,N/A
5035,2025-01-13 22:32:11.641256,18,N/A
5036,2025-01-13 22:32:13.326324,17,N/A
5037,2025-01-13 22:32:15.309337,21,N/A
5038,2025-01-13 22:32:16.860599,16,N/A
5039,2025-01-13 22:32:18.542244,16,N/A
5040,2025-01-13 22:32:20.730250,27,N/A
5041,2025-01-13 22:32:22.559011,21,N/A
5042,2025-01-13 22:32:24.139888,17,N/A
5043,2025-01-13 22:32:25.416941,12,N/A
5044,2025-01-13 22:32:27.682346,26,N/A
5045,2025-01-13 22:32:30.589337,37,N/A
5046,2025-01-13 22:32:31.962684,12,N/A
5047,2025-01-13 22:32:33.774605,25,N/A
5048,2025-01-13 22:32:35.457067,18,N/A
5049,2025-01-13 22:32:37.111863,20,N/A
5050,2025-01-13 22:32:38.471783,13,N/A
5051,2025-01-13 22:32:40.961951,31,N/A
5052,2025-01-13 22:32:42.643349,22,N/A
5053,2025-01-13 22:48:10.916364,30,N/A
5054,2025-01-13 22:48:13.398673,31,N/A
5055,2025-01-13 22:48:15.469597,23,N/A
5056,2025-01-13 22:48:17.809183,26,N/A
5057,2025-01-13 22:48:19.635930,23,N/A
5058,2025-01-13 22:48:21.927116,28,N/A
5059,2025-01-13 22:48:23.642409,19,N/A
5060,2025-01-13 22:48:25.859717,24,N/A
5061,2025-01-13 22:48:27.885472,21,N/A
5062,2025-01-13 22:48:29.578400,17,N/A
5063,2025-01-13 22:48:32.715840,40,N/A
5064,2025-01-13 22:48:35.990966,35,N/A
5065,2025-01-13 22:48:38.891830,31,N/A
5066,2025-01-13 22:48:41.879100,35,N/A
5067,2025-01-13 22:48:43.606106,21,N/A
5068,2025-01-13 22:48:45.631130,22,N/A
5069,2025-01-13 22:48:47.069437,15,N/A
5070,2025-01-13 22:48:49.599218,29,N/A
5071,2025-01-13 22:48:51.211156,16,N/A
5072,2025-01-13 23:04:17.949606,25,N/A
5073,2025-01-13 23:04:20.492079,32,N/A
5074,2025-01-13 23:04:22.105171,17,N/A
5075,2025-01-13 23:04:24.434874,26,N/A
5076,2025-01-13 23:04:25.742980,15,N/A
5077,2025-01-13 23:04:27.728023,25,N/A
5078,2025-01-13 23:04:29.308117,24,N/A
5079,2025-01-13 23:04:31.104002,22,N/A
5080,2025-01-13 23:04:33.999863,31,N/A
5081,2025-01-13 23:04:36.606103,29,N/A
5082,2025-01-13 23:04:38.473874,25,N/A
5083,2025-01-13 23:04:40.302561,22,N/A
5084,2025-01-13 23:04:42.479133,28,N/A
5085,2025-01-13 23:04:44.206951,18,N/A
5086,2025-01-13 23:04:46.711051,33,N/A
5087,2025-01-13 23:04:48.267563,17,N/A
5088,2025-01-13 23:04:51.361632,34,N/A
5089,2025-01-13 23:04:53.387086,23,N/A
5090,2025-01-13 23:04:55.458708,24,N/A
5091,2025-01-13 23:04:56.972457,15,N/A
5092,2025-01-13 23:16:54.172987,25,N/A
5093,2025-01-13 23:16:56.363045,26,N/A
5094,2025-01-13 23:16:57.444314,7,N/A
5095,2025-01-13 23:16:59.557355,37,N/A
5096,2025-01-13 23:17:02.253854,31,N/A
5097,2025-01-13 23:17:04.157514,20,N/A
5098,2025-01-13 23:17:06.205266,22,N/A
5099,2025-01-13 23:17:08.531935,24,N/A
5100,2025-01-13 23:17:09.892483,24,N/A
5101,2025-01-13 23:17:11.285087,17,N/A
5102,2025-01-13 23:17:13.590861,25,N/A
5103,2025-01-13 23:17:15.257084,22,N/A
5104,2025-01-13 23:17:17.023990,16,N/A
5105,2025-01-13 23:17:19.493346,31,N/A
5106,2025-01-13 23:17:21.380305,21,N/A
5107,2025-01-13 23:17:22.978054,20,N/A
5108,2025-01-13 23:17:25.781138,30,N/A
5109,2025-01-13 23:17:27.490250,19,N/A
5110,2025-01-13 23:17:30.016722,29,N/A
5111,2025-01-13 23:17:32.515781,34,N/A
5112,2025-01-13 23:17:34.863521,24,N/A
5113,2025-01-13 23:33:01.703364,16,N/A
5114,2025-01-13 23:33:04.014929,23,N/A
5115,2025-01-13 23:33:06.244150,24,N/A
5116,2025-01-13 23:33:08.165054,26,N/A
5117,2025-01-13 23:33:11.033751,34,N/A
5118,2025-01-13 23:33:12.649763,15,N/A
5119,2025-01-13 23:33:14.407865,21,N/A
5120,2025-01-13 23:33:16.489021,24,N/A
5121,2025-01-13 23:33:18.493755,19,N/A
5122,2025-01-13 23:33:20.271938,29,N/A
5123,2025-01-13 23:33:21.386663,12,N/A
5124,2025-01-13 23:33:23.303673,22,N/A
5125,2025-01-13 23:33:24.823196,18,N/A
5126,2025-01-13 23:33:26.724292,26,N/A
5127,2025-01-13 23:33:28.234199,14,N/A
5128,2025-01-13 23:33:29.348322,6,N/A
5129,2025-01-13 23:33:30.944762,20,N/A
5130,2025-01-13 23:33:32.701475,17,N/A
5131,2025-01-13 23:33:34.515403,19,N/A
5132,2025-01-13 23:33:36.467231,26,N/A
5133,2025-01-13 23:33:38.981225,31,N/A
5134,2025-01-13 23:33:41.799457,38,N/A
5135,2025-01-13 23:49:10.535444,34,N/A
5136,2025-01-13 23:49:12.693979,23,N/A
5137,2025-01-13 23:49:13.810119,11,N/A
5138,2025-01-13 23:49:15.160911,14,N/A
5139,2025-01-13 23:49:17.274292,24,N/A
5140,2025-01-13 23:49:19.123161,21,N/A
5141,2025-01-13 23:49:21.826300,34,N/A
5142,2025-01-13 23:49:24.245190,27,N/A
5143,2025-01-13 23:49:25.190663,9,N/A
5144,2025-01-13 23:49:26.919761,18,N/A
5145,2025-01-13 23:49:28.980521,22,N/A
5146,2025-01-13 23:50:37.768064,36,N/A
5147,2025-01-13 23:50:39.509363,19,N/A
5148,2025-01-13 23:50:41.689599,25,N/A
5149,2025-01-13 23:50:43.556376,20,N/A
5150,2025-01-13 23:50:45.074630,16,N/A
5151,2025-01-13 23:50:46.970179,21,N/A
5152,2025-01-13 23:50:49.145687,30,N/A
5153,2025-01-13 23:50:50.332873,11,N/A
5154,2025-01-13 23:50:56.076272,26,N/A
5155,2025-01-14 00:06:09.358336,15,N/A
5156,2025-01-14 00:06:09.702454,24,N/A
5157,2025-01-14 00:06:09.941053,8,N/A
5158,2025-01-14 00:06:10.484445,13,N/A
5159,2025-01-14 00:06:11.899984,16,N/A
5160,2025-01-14 00:06:14.708259,32,N/A
5161,2025-01-14 00:06:16.595707,18,N/A
5162,2025-01-14 00:06:17.627235,6,N/A
5163,2025-01-14 00:06:20.798560,40,N/A
5164,2025-01-14 00:06:22.998334,26,N/A
5165,2025-01-14 00:06:24.907669,21,N/A
5166,2025-01-14 00:06:27.049320,22,N/A
5167,2025-01-14 00:06:29.249845,23,N/A
5168,2025-01-14 00:06:31.376561,22,N/A
5169,2025-01-14 00:06:32.460397,8,N/A
5170,2025-01-14 00:06:34.846943,32,N/A
5171,2025-01-14 00:06:36.243187,10,N/A
5172,2025-01-14 00:06:38.093348,21,N/A
5173,2025-01-14 00:06:39.850062,17,N/A
5174,2025-01-14 00:06:41.561654,16,N/A
5175,2025-01-14 00:06:44.256268,30,N/A
5176,2025-01-14 00:06:45.780030,14,N/A
5177,2025-01-14 00:06:48.126376,30,N/A
5178,2025-01-14 00:06:50.383837,23,N/A
5179,2025-01-14 00:17:54.148073,15,N/A
5180,2025-01-14 00:17:56.461832,25,N/A
5181,2025-01-14 00:17:57.047882,5,N/A
5182,2025-01-14 00:17:59.299092,28,N/A
5183,2025-01-14 00:18:00.658991,13,N/A
5184,2025-01-14 00:18:01.839247,9,N/A
5185,2025-01-14 00:18:04.953628,26,N/A
5186,2025-01-14 00:18:06.650661,15,N/A
5187,2025-01-14 00:18:08.219281,22,N/A
5188,2025-01-14 00:18:10.585238,28,N/A
5189,2025-01-14 00:18:12.340368,20,N/A
5190,2025-01-14 00:18:14.720330,28,N/A
5191,2025-01-14 00:18:16.116428,16,N/A
5192,2025-01-14 00:18:18.182472,23,N/A
5193,2025-01-14 00:18:19.844288,17,N/A
5194,2025-01-14 00:18:21.285623,11,N/A
5195,2025-01-14 00:18:23.093033,17,N/A
5196,2025-01-14 00:18:25.072079,22,N/A
5197,2025-01-14 00:18:26.749470,17,N/A
5198,2025-01-14 00:18:28.924837,30,N/A
5199,2025-01-14 00:18:31.359942,31,N/A
5200,2025-01-14 00:18:33.488477,22,N/A
5201,2025-01-14 00:33:36.694870,32,N/A
5202,2025-01-14 00:33:38.569492,22,N/A
5203,2025-01-14 00:33:39.896055,11,N/A
5204,2025-01-14 00:33:41.620489,18,N/A
5205,2025-01-14 00:33:44.182863,33,N/A
5206,2025-01-14 00:33:46.477197,31,N/A
5207,2025-01-14 00:33:48.710918,25,N/A
5208,2025-01-14 00:33:51.339939,34,N/A
5209,2025-01-14 00:33:53.779541,31,N/A
5210,2025-01-14 00:33:55.511839,19,N/A
5211,2025-01-14 00:33:57.260229,16,N/A
5212,2025-01-14 00:33:58.435414,12,N/A
5213,2025-01-14 00:33:59.896703,13,N/A
5214,2025-01-14 00:34:02.616676,34,N/A
5215,2025-01-14 00:34:03.615755,8,N/A
5216,2025-01-14 00:34:04.851074,11,N/A
5217,2025-01-14 00:34:06.687714,21,N/A
5218,2025-01-14 00:34:09.387615,37,N/A
5219,2025-01-14 00:34:11.553034,28,N/A
5220,2025-01-14 00:34:13.224686,19,N/A
5221,2025-01-14 00:34:14.789302,15,N/A
5222,2025-01-14 00:34:16.055907,11,N/A
5223,2025-01-14 00:34:17.750086,21,N/A
5224,2025-01-14 00:49:46.327479,29,N/A
5225,2025-01-14 00:49:48.455458,28,N/A
5226,2025-01-14 00:49:50.364879,19,N/A
5227,2025-01-14 00:49:51.988452,18,N/A
5228,2025-01-14 00:49:53.274837,14,N/A
5229,2025-01-14 00:49:55.067661,20,N/A
5230,2025-01-14 00:49:57.016935,22,N/A
5231,2025-01-14 00:49:58.528073,15,N/A
5232,2025-01-14 00:50:00.559195,25,N/A
5233,2025-01-14 00:50:02.353603,21,N/A
5234,2025-01-14 00:50:04.667942,25,N/A
5235,2025-01-14 00:50:06.966094,29,N/A
5236,2025-01-14 00:50:08.646390,20,N/A
5237,2025-01-14 00:50:10.030482,17,N/A
5238,2025-01-14 00:50:12.685368,30,N/A
5239,2025-01-14 00:50:14.710902,21,N/A
5240,2025-01-14 00:50:17.335365,27,N/A
5241,2025-01-14 00:50:18.887291,16,N/A
5242,2025-01-14 00:50:20.000177,8,N/A
5243,2025-01-14 00:50:22.339825,29,N/A
5244,2025-01-14 00:50:24.525375,24,N/A
5245,2025-01-14 00:50:25.607252,7,N/A
5246,2025-01-14 01:05:51.966143,21,N/A
5247,2025-01-14 01:05:52.318039,18,N/A
5248,2025-01-14 01:05:53.431553,32,N/A
5249,2025-01-14 01:05:55.744408,23,N/A
5250,2025-01-14 01:05:58.107338,33,N/A
5251,2025-01-14 01:06:01.520083,43,N/A
5252,2025-01-14 01:06:03.202578,16,N/A
5253,2025-01-14 01:06:05.052820,15,N/A
5254,2025-01-14 01:06:07.893533,34,N/A
5255,2025-01-14 01:06:12.259303,47,N/A
5256,2025-01-14 01:06:13.777647,13,N/A
5257,2025-01-14 01:06:16.059400,24,N/A
5258,2025-01-14 01:06:17.713063,16,N/A
5259,2025-01-14 01:06:19.515930,20,N/A
5260,2025-01-14 01:06:21.048391,16,N/A
5261,2025-01-14 01:06:23.117101,24,N/A
5262,2025-01-14 01:06:25.306446,25,N/A
5263,2025-01-14 01:06:26.693353,11,N/A
5264,2025-01-14 01:06:28.232511,17,N/A
5265,2025-01-14 01:06:29.461390,8,N/A
5266,2025-01-14 01:06:30.921446,13,N/A
5267,2025-01-14 01:06:32.588559,16,N/A
5268,2025-01-14 01:18:53.197426,26,N/A
5269,2025-01-14 01:18:54.664376,16,N/A
5270,2025-01-14 01:18:55.654118,5,N/A
5271,2025-01-14 01:18:56.720749,7,N/A
5272,2025-01-14 01:18:58.885236,26,N/A
5273,2025-01-14 01:19:01.407068,31,N/A
5274,2025-01-14 01:19:03.497871,25,N/A
5275,2025-01-14 01:19:05.263828,24,N/A
5276,2025-01-14 01:19:06.883433,14,N/A
5277,2025-01-14 01:19:07.852447,5,N/A
5278,2025-01-14 01:19:10.057602,23,N/A
5279,2025-01-14 01:19:12.319853,29,N/A
5280,2025-01-14 01:19:14.636873,28,N/A
5281,2025-01-14 01:19:16.315903,18,N/A
5282,2025-01-14 01:19:18.405391,25,N/A
5283,2025-01-14 01:19:20.114702,17,N/A
5284,2025-01-14 01:19:21.297008,7,N/A
5285,2025-01-14 01:19:23.098824,18,N/A
5286,2025-01-14 01:19:24.878798,21,N/A
5287,2025-01-14 01:19:27.472183,26,N/A
5288,2025-01-14 01:19:30.338833,32,N/A
5289,2025-01-14 01:19:31.392751,8,N/A
5290,2025-01-14 01:19:32.625749,10,N/A
5291,2025-01-14 01:19:35.036729,26,N/A
5292,2025-01-14 01:35:03.041569,21,N/A
5293,2025-01-14 01:35:04.558375,15,N/A
5294,2025-01-14 01:35:06.588609,24,N/A
5295,2025-01-14 01:35:07.991956,16,N/A
5296,2025-01-14 01:35:11.311348,40,N/A
5297,2025-01-14 01:35:13.307812,23,N/A
5298,2025-01-14 01:35:15.541508,32,N/A
5299,2025-01-14 01:35:16.908826,13,N/A
5300,2025-01-14 01:35:18.710632,22,N/A
5301,2025-01-14 01:35:20.612937,21,N/A
5302,2025-01-14 01:35:22.487227,23,N/A
5303,2025-01-14 01:35:23.741556,8,N/A
5304,2025-01-14 01:35:25.872340,24,N/A
5305,2025-01-14 01:35:28.288278,30,N/A
5306,2025-01-14 01:35:30.254855,23,N/A
5307,2025-01-14 01:35:31.855421,18,N/A
5308,2025-01-14 01:35:34.433693,33,N/A
5309,2025-01-14 01:35:37.152646,27,N/A
5310,2025-01-14 01:35:38.944534,21,N/A
5311,2025-01-14 01:35:39.892489,5,N/A
5312,2025-01-14 01:35:41.990750,23,N/A
5313,2025-01-14 01:51:09.729323,18,N/A
5314,2025-01-14 01:51:10.945075,12,N/A
5315,2025-01-14 01:51:12.945654,23,N/A
5316,2025-01-14 01:51:14.858379,21,N/A
5317,2025-01-14 01:51:16.631343,18,N/A
5318,2025-01-14 01:51:18.178333,15,N/A
5319,2025-01-14 01:51:19.079572,5,N/A
5320,2025-01-14 01:51:20.440714,12,N/A
5321,2025-01-14 01:51:22.003968,14,N/A
5322,2025-01-14 01:51:23.221846,7,N/A
5323,2025-01-14 01:51:24.913107,17,N/A
5324,2025-01-14 01:51:26.278643,13,N/A
5325,2025-01-14 01:51:27.401112,8,N/A
5326,2025-01-14 01:51:28.531679,10,N/A
5327,2025-01-14 01:51:29.655689,10,N/A
5328,2025-01-14 01:51:31.802840,25,N/A
5329,2025-01-14 01:51:33.478722,17,N/A
5330,2025-01-14 01:51:34.885930,14,N/A
5331,2025-01-14 01:51:36.469297,16,N/A
5332,2025-01-14 01:51:38.731294,23,N/A
5333,2025-01-14 01:51:40.979921,32,N/A
5334,2025-01-14 01:51:42.394178,12,N/A
5335,2025-01-14 01:51:44.554225,21,N/A
5336,2025-01-14 01:51:46.003039,11,N/A
5337,2025-01-14 01:51:49.272882,34,N/A
5338,2025-01-14 02:07:18.192411,35,N/A
5339,2025-01-14 02:07:20.462719,27,N/A
5340,2025-01-14 02:07:21.670651,16,N/A
5341,2025-01-14 02:07:23.182107,15,N/A
5342,2025-01-14 02:07:25.196536,25,N/A
5343,2025-01-14 02:07:27.493214,24,N/A
5344,2025-01-14 02:07:30.743146,40,N/A
5345,2025-01-14 02:07:32.709372,30,N/A
5346,2025-01-14 02:07:33.840153,11,N/A
5347,2025-01-14 02:07:36.300963,28,N/A
5348,2025-01-14 02:07:38.561279,29,N/A
5349,2025-01-14 02:07:40.582133,21,N/A
5350,2025-01-14 02:07:41.987948,16,N/A
5351,2025-01-14 02:07:43.844622,19,N/A
5352,2025-01-14 02:07:46.474264,32,N/A
5353,2025-01-14 02:07:49.144865,32,N/A
5354,2025-01-14 02:07:52.220381,41,N/A
5355,2025-01-14 02:07:54.068903,17,N/A
5356,2025-01-14 02:07:55.490157,12,N/A
5357,2025-01-14 02:07:56.763533,13,N/A
5358,2025-01-14 02:07:58.912277,28,N/A
5359,2025-01-14 02:23:25.826692,19,N/A
5360,2025-01-14 02:23:28.414608,35,N/A
5361,2025-01-14 02:23:31.337558,33,N/A
5362,2025-01-14 02:23:33.509827,28,N/A
5363,2025-01-14 02:23:36.018771,33,N/A
5364,2025-01-14 02:23:38.480321,32,N/A
5365,2025-01-14 02:23:40.512091,21,N/A
5366,2025-01-14 02:23:42.512761,21,N/A
5367,2025-01-14 02:23:44.728802,33,N/A
5368,2025-01-14 02:23:46.615973,22,N/A
5369,2025-01-14 02:23:48.156746,28,N/A
5370,2025-01-14 02:23:50.053589,18,N/A
5371,2025-01-14 02:23:51.660608,16,N/A
5372,2025-01-14 02:23:53.666939,19,N/A
5373,2025-01-14 02:23:55.309913,18,N/A
5374,2025-01-14 02:23:57.450846,22,N/A
5375,2025-01-14 02:23:59.991413,31,N/A
5376,2025-01-14 02:24:01.004418,6,N/A
5377,2025-01-14 02:24:02.282813,13,N/A
5378,2025-01-14 02:24:03.970806,19,N/A
5379,2025-01-14 02:24:05.733595,14,N/A
5380,2025-01-14 02:24:06.948356,14,N/A
5381,2025-01-14 02:39:34.687435,18,N/A
5382,2025-01-14 02:39:36.264138,16,N/A
5383,2025-01-14 02:39:37.535323,9,N/A
5384,2025-01-14 02:39:39.505445,23,N/A
5385,2025-01-14 02:39:40.983482,16,N/A
5386,2025-01-14 02:39:42.530838,16,N/A
5387,2025-01-14 02:39:45.346012,39,N/A
5388,2025-01-14 02:39:48.499397,37,N/A
5389,2025-01-14 02:39:50.027129,14,N/A
5390,2025-01-14 02:39:52.010171,21,N/A
5391,2025-01-14 02:39:54.135139,26,N/A
5392,2025-01-14 02:39:57.426273,42,N/A
5393,2025-01-14 02:39:59.217061,23,N/A
5394,2025-01-14 02:40:01.264538,21,N/A
5395,2025-01-14 02:40:02.738055,15,N/A
5396,2025-01-14 02:40:04.525951,21,N/A
5397,2025-01-14 02:40:07.327817,34,N/A
5398,2025-01-14 02:40:09.496789,27,N/A
5399,2025-01-14 02:40:11.046696,15,N/A
5400,2025-01-14 02:40:12.769472,19,N/A
5401,2025-01-14 02:40:14.595265,17,N/A
5402,2025-01-14 02:55:42.494005,24,N/A
5403,2025-01-14 02:55:45.109002,33,N/A
5404,2025-01-14 02:55:47.262391,29,N/A
5405,2025-01-14 02:55:49.342622,24,N/A
5406,2025-01-14 02:55:50.671156,14,N/A
5407,2025-01-14 02:55:51.965185,13,N/A
5408,2025-01-14 02:55:53.849214,21,N/A
5409,2025-01-14 02:55:55.579628,16,N/A
5410,2025-01-14 02:55:57.712725,25,N/A
5411,2025-01-14 02:55:59.995566,27,N/A
5412,2025-01-14 02:56:01.469965,15,N/A
5413,2025-01-14 02:56:03.215004,22,N/A
5414,2025-01-14 03:11:14.273625,28,N/A
5415,2025-01-14 03:11:16.785582,37,N/A
5416,2025-01-14 03:11:18.063159,20,N/A
5417,2025-01-14 03:11:19.866723,25,N/A
5418,2025-01-14 03:11:22.102868,37,N/A
5419,2025-01-14 03:11:24.486585,24,N/A
5420,2025-01-14 03:11:26.714679,20,N/A
5421,2025-01-14 03:11:27.707648,15,N/A
5422,2025-01-14 03:11:29.421259,24,N/A
5423,2025-01-14 03:11:30.989458,15,N/A
5424,2025-01-14 03:11:34.093219,36,N/A
5425,2025-01-14 03:11:35.825467,17,N/A
5426,2025-01-14 03:11:37.389893,18,N/A
5427,2025-01-14 03:11:39.070369,22,N/A
5428,2025-01-14 03:11:41.445312,30,N/A
5429,2025-01-14 03:11:44.021157,33,N/A
5430,2025-01-14 03:11:45.472616,17,N/A
5431,2025-01-14 03:11:47.640929,22,N/A
5432,2025-01-14 03:11:49.392979,18,N/A
5433,2025-01-14 03:11:51.425810,21,N/A
5434,2025-01-14 03:11:53.544156,27,N/A
5435,2025-01-14 03:27:21.421818,35,N/A
5436,2025-01-14 03:27:23.350710,23,N/A
5437,2025-01-14 03:27:25.769903,26,N/A
5438,2025-01-14 03:27:28.030343,30,N/A
5439,2025-01-14 03:27:29.566021,19,N/A
5440,2025-01-14 03:27:30.824350,9,N/A
5441,2025-01-14 03:27:32.150048,16,N/A
5442,2025-01-14 03:27:33.755422,14,N/A
5443,2025-01-14 03:27:36.407998,34,N/A
5444,2025-01-14 03:27:38.091074,18,N/A
5445,2025-01-14 03:27:39.850817,21,N/A
5446,2025-01-14 03:27:41.842552,25,N/A
5447,2025-01-14 03:27:43.974933,26,N/A
5448,2025-01-14 03:27:45.277683,11,N/A
5449,2025-01-14 03:27:47.513297,25,N/A
5450,2025-01-14 03:27:49.369285,17,N/A
5451,2025-01-14 03:27:52.560582,38,N/A
5452,2025-01-14 03:27:55.032393,30,N/A
5453,2025-01-14 03:27:56.104250,7,N/A
5454,2025-01-14 03:27:57.783963,16,N/A
5455,2025-01-14 03:27:59.850746,22,N/A
5456,2025-01-14 03:43:28.530981,41,N/A
5457,2025-01-14 03:43:30.839645,25,N/A
5458,2025-01-14 03:43:32.796292,29,N/A
5459,2025-01-14 03:43:35.538526,35,N/A
5460,2025-01-14 03:43:38.425718,40,N/A
5461,2025-01-14 03:43:40.670744,25,N/A
5462,2025-01-14 03:43:42.993539,25,N/A
5463,2025-01-14 03:43:44.943181,22,N/A
5464,2025-01-14 03:43:46.037866,7,N/A
5465,2025-01-14 03:43:47.796070,23,N/A
5466,2025-01-14 03:43:49.706457,20,N/A
5467,2025-01-14 03:43:51.601272,26,N/A
5468,2025-01-14 03:43:53.984258,28,N/A
5469,2025-01-14 03:43:56.643551,31,N/A
5470,2025-01-14 03:43:58.315911,19,N/A
5471,2025-01-14 03:44:03.531249,12,N/A
5472,2025-01-14 03:44:05.838403,26,N/A
5473,2025-01-14 03:44:08.212233,28,N/A
5474,2025-01-14 03:44:10.024176,19,N/A
5475,2025-01-14 03:59:38.026544,24,N/A
5476,2025-01-14 03:59:38.970319,7,N/A
5477,2025-01-14 03:59:41.246131,24,N/A
5478,2025-01-14 03:59:43.509998,26,N/A
5479,2025-01-14 03:59:45.413216,21,N/A
5480,2025-01-14 03:59:46.437175,7,N/A
5481,2025-01-14 03:59:49.081681,32,N/A
5482,2025-01-14 03:59:51.325136,28,N/A
5483,2025-01-14 03:59:53.405837,25,N/A
5484,2025-01-14 03:59:54.682171,11,N/A
5485,2025-01-14 03:59:57.048482,26,N/A
5486,2025-01-14 03:59:58.958490,21,N/A
5487,2025-01-14 04:00:01.313246,26,N/A
5488,2025-01-14 04:00:03.943759,32,N/A
5489,2025-01-14 04:00:05.434627,16,N/A
5490,2025-01-14 04:00:07.217925,20,N/A
5491,2025-01-14 04:00:08.269059,6,N/A
5492,2025-01-14 04:00:09.963926,19,N/A
5493,2025-01-14 04:00:12.149106,21,N/A
5494,2025-01-14 04:00:13.878452,17,N/A
5495,2025-01-14 04:00:14.881352,5,N/A
5496,2025-01-14 04:00:16.912516,19,N/A
5497,2025-01-14 04:00:18.894282,19,N/A
5498,2025-01-14 04:15:45.960596,17,N/A
5499,2025-01-14 04:15:46.692398,22,N/A
5500,2025-01-14 04:15:47.542050,28,N/A
5501,2025-01-14 04:15:48.109060,15,N/A
5502,2025-01-14 04:15:48.680302,17,N/A
5503,2025-01-14 04:15:49.657812,33,N/A
5504,2025-01-14 04:15:50.276783,19,N/A
5505,2025-01-14 04:15:50.823835,9,N/A
5506,2025-01-14 04:15:52.623381,22,N/A
5507,2025-01-14 04:15:54.598252,22,N/A
5508,2025-01-14 04:15:56.247219,16,N/A
5509,2025-01-14 04:15:58.218988,15,N/A
5510,2025-01-14 04:15:59.636057,24,N/A
5511,2025-01-14 04:16:00.862911,11,N/A
5512,2025-01-14 04:16:02.853148,20,N/A
5513,2025-01-14 04:16:04.276009,13,N/A
5514,2025-01-14 04:16:06.076861,21,N/A
5515,2025-01-14 04:16:09.077247,31,N/A
5516,2025-01-14 04:16:11.803794,32,N/A
5517,2025-01-14 04:16:13.825136,20,N/A
5518,2025-01-14 04:16:15.296028,15,N/A
5519,2025-01-14 04:16:16.665561,13,N/A
5520,2025-01-14 04:16:18.665680,22,N/A
5521,2025-01-14 04:16:20.440148,18,N/A
5522,2025-01-14 04:16:22.782194,29,N/A
5523,2025-01-14 04:16:24.454535,17,N/A
5524,2025-01-14 04:16:26.136970,20,N/A
5525,2025-01-14 04:31:41.527231,26,N/A
5526,2025-01-14 04:31:43.074003,18,N/A
5527,2025-01-14 04:31:45.094631,21,N/A
5528,2025-01-14 04:31:46.516549,18,N/A
5529,2025-01-14 04:31:48.098332,15,N/A
5530,2025-01-14 04:31:49.474380,14,N/A
5531,2025-01-14 04:31:51.117248,17,N/A
5532,2025-01-14 04:31:52.439676,11,N/A
5533,2025-01-14 04:31:53.661349,11,N/A
5534,2025-01-14 04:31:56.099166,30,N/A
5535,2025-01-14 04:31:58.262162,26,N/A
5536,2025-01-14 04:32:00.488755,23,N/A
5537,2025-01-14 04:32:02.163972,21,N/A
5538,2025-01-14 04:32:03.347486,11,N/A
5539,2025-01-14 04:32:06.104755,33,N/A
5540,2025-01-14 04:32:08.082448,18,N/A
5541,2025-01-14 04:32:09.367001,12,N/A
5542,2025-01-14 04:32:11.440066,24,N/A
5543,2025-01-14 04:32:13.938418,33,N/A
5544,2025-01-14 04:32:15.434116,17,N/A
5545,2025-01-14 04:32:16.516566,8,N/A
5546,2025-01-14 04:32:18.400810,22,N/A
5547,2025-01-14 04:32:20.455547,20,N/A
5548,2025-01-14 04:32:22.070809,17,N/A
5549,2025-01-14 04:47:50.330529,23,N/A
5550,2025-01-14 04:47:51.242538,20,N/A
5551,2025-01-14 04:47:52.185091,38,N/A
5552,2025-01-14 04:47:52.778372,16,N/A
5553,2025-01-14 04:47:53.331808,16,N/A
5554,2025-01-14 04:47:54.005343,22,N/A
5555,2025-01-14 04:47:55.991356,27,N/A
5556,2025-01-14 04:47:57.393786,19,N/A
5557,2025-01-14 04:47:58.681031,20,N/A
5558,2025-01-14 04:48:00.823843,25,N/A
5559,2025-01-14 04:48:02.262055,13,N/A
5560,2025-01-14 04:48:04.577152,32,N/A
5561,2025-01-14 04:48:06.680833,23,N/A
5562,2025-01-14 04:48:09.259765,30,N/A
5563,2025-01-14 04:48:11.164737,18,N/A
5564,2025-01-14 04:48:13.843519,37,N/A
5565,2025-01-14 04:48:15.729924,23,N/A
5566,2025-01-14 04:48:18.127613,25,N/A
5567,2025-01-14 04:48:19.891194,17,N/A
5568,2025-01-14 04:48:22.226378,33,N/A
5569,2025-01-14 04:48:23.644421,11,N/A
5570,2025-01-14 04:48:25.385876,20,N/A
5571,2025-01-14 04:48:27.248897,21,N/A
5572,2025-01-14 04:48:28.371448,8,N/A
5573,2025-01-14 04:48:30.477542,23,N/A
5574,2025-01-14 05:03:58.094318,22,N/A
5575,2025-01-14 05:03:59.013132,20,N/A
5576,2025-01-14 05:03:59.881569,14,N/A
5577,2025-01-14 05:04:01.328049,21,N/A
5578,2025-01-14 05:04:03.924766,31,N/A
5579,2025-01-14 05:04:06.972508,38,N/A
5580,2025-01-14 05:04:08.564640,15,N/A
5581,2025-01-14 05:04:10.308957,20,N/A
5582,2025-01-14 05:04:12.235632,21,N/A
5583,2025-01-14 05:04:13.419324,10,N/A
5584,2025-01-14 05:04:15.392736,18,N/A
5585,2025-01-14 05:04:17.047512,17,N/A
5586,2025-01-14 05:04:18.825991,19,N/A
5587,2025-01-14 05:04:20.614583,15,N/A
5588,2025-01-14 05:04:22.385839,19,N/A
5589,2025-01-14 05:04:24.535017,22,N/A
5590,2025-01-14 05:04:26.836159,28,N/A
5591,2025-01-14 05:04:28.737471,16,N/A
5592,2025-01-14 05:04:30.564928,16,N/A
5593,2025-01-14 05:04:33.899935,44,N/A
5594,2025-01-14 05:04:36.469389,31,N/A
5595,2025-01-14 05:04:38.609280,19,N/A
5596,2025-01-14 05:20:06.011840,18,N/A
5597,2025-01-14 05:20:07.970847,25,N/A
5598,2025-01-14 05:20:09.892939,29,N/A
5599,2025-01-14 05:20:12.230485,25,N/A
5600,2025-01-14 05:20:14.218099,18,N/A
5601,2025-01-14 05:20:17.704419,36,N/A
5602,2025-01-14 05:20:19.781727,23,N/A
5603,2025-01-14 05:20:21.164736,22,N/A
5604,2025-01-14 05:20:22.366033,10,N/A
5605,2025-01-14 05:20:24.136807,18,N/A
5606,2025-01-14 05:20:26.482977,25,N/A
5607,2025-01-14 05:20:28.171049,19,N/A
5608,2025-01-14 05:20:29.306336,10,N/A
5609,2025-01-14 05:20:31.500687,25,N/A
5610,2025-01-14 05:20:32.877218,11,N/A
5611,2025-01-14 05:20:34.572572,15,N/A
5612,2025-01-14 05:20:36.333448,16,N/A
5613,2025-01-14 05:20:39.227557,34,N/A
5614,2025-01-14 05:20:41.215318,26,N/A
5615,2025-01-14 05:20:43.889572,33,N/A
5616,2025-01-14 05:20:46.577025,32,N/A
5617,2025-01-14 05:36:14.927960,29,N/A
5618,2025-01-14 05:36:16.411953,16,N/A
5619,2025-01-14 05:36:19.478315,32,N/A
5620,2025-01-14 05:36:21.103087,17,N/A
5621,2025-01-14 05:36:23.594308,38,N/A
5622,2025-01-14 05:36:25.097104,20,N/A
5623,2025-01-14 05:36:27.422224,31,N/A
5624,2025-01-14 05:36:28.714081,9,N/A
5625,2025-01-14 05:36:31.149917,32,N/A
5626,2025-01-14 05:36:32.763480,14,N/A
5627,2025-01-14 05:36:35.216863,30,N/A
5628,2025-01-14 05:36:36.750625,18,N/A
5629,2025-01-14 05:36:38.408070,19,N/A
5630,2025-01-14 05:36:40.380020,24,N/A
5631,2025-01-14 05:36:42.832050,28,N/A
5632,2025-01-14 05:36:44.736734,21,N/A
5633,2025-01-14 05:36:46.258653,14,N/A
5634,2025-01-14 05:36:48.397599,18,N/A
5635,2025-01-14 05:36:49.871653,14,N/A
5636,2025-01-14 05:36:51.482573,15,N/A
5637,2025-01-14 05:36:53.539635,26,N/A
5638,2025-01-14 05:52:20.422897,20,N/A
5639,2025-01-14 05:52:22.047581,17,N/A
5640,2025-01-14 05:52:23.889801,19,N/A
5641,2025-01-14 05:52:25.515922,20,N/A
5642,2025-01-14 05:52:27.578534,23,N/A
5643,2025-01-14 05:52:29.177066,17,N/A
5644,2025-01-14 05:52:30.672392,20,N/A
5645,2025-01-14 05:52:33.101123,28,N/A
5646,2025-01-14 05:52:34.867693,18,N/A
5647,2025-01-14 05:52:37.154987,29,N/A
5648,2025-01-14 05:52:39.052305,22,N/A
5649,2025-01-14 05:52:41.051072,21,N/A
5650,2025-01-14 05:52:43.642631,27,N/A
5651,2025-01-14 05:52:45.110942,16,N/A
5652,2025-01-14 05:52:47.012845,21,N/A
5653,2025-01-14 05:52:48.711424,21,N/A
5654,2025-01-14 05:52:50.288630,13,N/A
5655,2025-01-14 05:52:52.664323,24,N/A
5656,2025-01-14 05:52:56.285377,40,N/A
5657,2025-01-14 05:52:59.027841,38,N/A
5658,2025-01-14 05:53:00.723256,17,N/A
5659,2025-01-14 05:53:03.162726,30,N/A
5660,2025-01-14 06:01:00.934018,16,N/A
5661,2025-01-14 06:01:03.022026,34,N/A
5662,2025-01-14 06:01:04.633827,14,N/A
5663,2025-01-14 06:01:05.893029,15,N/A
5664,2025-01-14 06:01:07.285876,14,N/A
5665,2025-01-14 06:01:10.305843,29,N/A
5666,2025-01-14 06:01:13.260520,33,N/A
5667,2025-01-14 06:01:14.888196,24,N/A
5668,2025-01-14 06:01:16.737868,20,N/A
5669,2025-01-14 06:01:18.361995,17,N/A
5670,2025-01-14 06:01:20.588502,27,N/A
5671,2025-01-14 06:01:22.516436,20,N/A
5672,2025-01-14 06:01:24.133485,17,N/A
5673,2025-01-14 06:01:25.497402,9,N/A
5674,2025-01-14 06:01:27.433012,20,N/A
5675,2025-01-14 06:01:29.643993,24,N/A
5676,2025-01-14 06:01:30.915308,10,N/A
5677,2025-01-14 06:01:32.655859,14,N/A
5678,2025-01-14 06:01:34.287909,16,N/A
5679,2025-01-14 06:01:36.029047,21,N/A
5680,2025-01-14 06:01:38.639220,30,N/A
5681,2025-01-14 06:01:41.006616,28,N/A
5682,2025-01-14 06:01:42.502202,13,N/A
5683,2025-01-14 06:17:10.767717,25,N/A
5684,2025-01-14 06:17:12.234945,13,N/A
5685,2025-01-14 06:17:13.977916,18,N/A
5686,2025-01-14 06:17:15.475835,15,N/A
5687,2025-01-14 06:17:17.222568,20,N/A
5688,2025-01-14 06:17:19.108689,18,N/A
5689,2025-01-14 06:17:20.015509,9,N/A
5690,2025-01-14 06:17:21.349629,26,N/A
5691,2025-01-14 06:17:22.990294,21,N/A
5692,2025-01-14 06:17:24.411240,15,N/A
5693,2025-01-14 06:17:25.980631,18,N/A
5694,2025-01-14 06:17:28.631471,34,N/A
5695,2025-01-14 06:17:29.884447,13,N/A
5696,2025-01-14 06:17:32.482536,33,N/A
5697,2025-01-14 06:17:34.430179,26,N/A
5698,2025-01-14 06:17:36.179954,17,N/A
5699,2025-01-14 06:17:38.260801,22,N/A
5700,2025-01-14 06:17:40.243241,26,N/A
5701,2025-01-14 06:17:41.604447,13,N/A
5702,2025-01-14 06:17:43.665302,27,N/A
5703,2025-01-14 06:17:46.736441,37,N/A
5704,2025-01-14 06:17:49.160066,29,N/A
5705,2025-01-14 06:21:10.966730,29,N/A
5706,2025-01-14 06:21:12.197034,22,N/A
5707,2025-01-14 06:21:13.778627,10,N/A
5708,2025-01-14 06:21:15.526402,24,N/A
5709,2025-01-14 06:21:18.124093,29,N/A
5710,2025-01-14 06:21:20.299753,27,N/A
5711,2025-01-14 06:21:21.921630,15,N/A
5712,2025-01-14 06:36:49.775017,21,N/A
5713,2025-01-14 06:36:51.587515,21,N/A
5714,2025-01-14 06:36:52.345719,9,N/A
5715,2025-01-14 06:36:53.172173,8,N/A
5716,2025-01-14 06:36:54.216522,10,N/A
5717,2025-01-14 06:36:55.621826,15,N/A
5718,2025-01-14 06:36:58.589099,30,N/A
5719,2025-01-14 06:37:01.868880,29,N/A
5720,2025-01-14 06:37:03.165809,18,N/A
5721,2025-01-14 06:37:04.612438,18,N/A
5722,2025-01-14 06:37:06.376546,16,N/A
5723,2025-01-14 06:37:08.211230,18,N/A
5724,2025-01-14 06:37:10.575913,26,N/A
5725,2025-01-14 06:37:12.562006,20,N/A
5726,2025-01-14 06:37:14.279944,15,N/A
5727,2025-01-14 06:37:15.854516,11,N/A
5728,2025-01-14 06:37:17.672262,18,N/A
5729,2025-01-14 06:37:19.209270,13,N/A
5730,2025-01-14 06:37:20.518397,11,N/A
5731,2025-01-14 06:37:22.950837,23,N/A
5732,2025-01-14 06:37:24.866046,21,N/A
5733,2025-01-14 06:37:26.005463,7,N/A
5734,2025-01-14 06:37:27.767278,15,N/A
5735,2025-01-14 06:37:29.430733,14,N/A
5736,2025-01-14 06:52:57.677441,32,N/A
5737,2025-01-14 06:53:00.688709,31,N/A
5738,2025-01-14 06:53:03.279070,29,N/A
5739,2025-01-14 06:53:05.266855,21,N/A
5740,2025-01-14 06:53:07.005667,21,N/A
5741,2025-01-14 06:53:09.045139,21,N/A
5742,2025-01-14 06:53:10.865806,20,N/A
5743,2025-01-14 06:53:12.489934,13,N/A
5744,2025-01-14 06:53:14.070101,15,N/A
5745,2025-01-14 06:53:15.973197,21,N/A
5746,2025-01-14 06:53:18.514867,29,N/A
5747,2025-01-14 06:53:19.736392,10,N/A
5748,2025-01-14 06:53:21.577447,17,N/A
5749,2025-01-14 06:53:23.777093,21,N/A
5750,2025-01-14 06:53:25.302621,15,N/A
5751,2025-01-14 06:53:27.080246,18,N/A
5752,2025-01-14 06:53:29.239407,26,N/A
5753,2025-01-14 06:53:32.353877,31,N/A
5754,2025-01-14 06:53:34.623054,26,N/A
5755,2025-01-14 06:53:35.988611,11,N/A
5756,2025-01-14 07:09:04.478853,31,N/A
5757,2025-01-14 07:09:06.261360,23,N/A
5758,2025-01-14 07:09:07.602792,10,N/A
5759,2025-01-14 07:09:10.590821,37,N/A
5760,2025-01-14 07:09:12.484049,23,N/A
5761,2025-01-14 07:09:14.497036,22,N/A
5762,2025-01-14 07:09:15.862754,13,N/A
5763,2025-01-14 07:09:17.377754,13,N/A
5764,2025-01-14 07:09:18.889387,15,N/A
5765,2025-01-14 07:09:20.620221,17,N/A
5766,2025-01-14 07:09:22.754141,19,N/A
5767,2025-01-14 07:09:24.773395,21,N/A
5768,2025-01-14 07:09:26.826258,21,N/A
5769,2025-01-14 07:09:28.478149,17,N/A
5770,2025-01-14 07:09:30.123953,20,N/A
5771,2025-01-14 07:09:31.760269,15,N/A
5772,2025-01-14 07:09:34.371443,33,N/A
5773,2025-01-14 07:09:35.386543,23,N/A
5774,2025-01-14 07:09:38.465590,40,N/A
5775,2025-01-14 07:09:40.469102,22,N/A
5776,2025-01-14 07:09:42.139950,19,N/A
5777,2025-01-14 07:09:43.874193,18,N/A
5778,2025-01-14 07:25:12.097643,27,N/A
5779,2025-01-14 07:25:14.209242,23,N/A
5780,2025-01-14 07:25:14.904041,8,N/A
5781,2025-01-14 07:25:15.994283,8,N/A
5782,2025-01-14 07:25:17.852882,22,N/A
5783,2025-01-14 07:25:19.465380,17,N/A
5784,2025-01-14 07:25:21.445936,13,N/A
5785,2025-01-14 07:25:24.892579,37,N/A
5786,2025-01-14 07:25:25.794456,16,N/A
5787,2025-01-14 07:25:28.329341,28,N/A
5788,2025-01-14 07:25:30.089264,17,N/A
5789,2025-01-14 07:25:32.925278,36,N/A
5790,2025-01-14 07:25:35.093699,26,N/A
5791,2025-01-14 07:25:36.700514,16,N/A
5792,2025-01-14 07:25:39.144247,28,N/A
5793,2025-01-14 07:25:40.797348,17,N/A
5794,2025-01-14 07:25:42.631947,23,N/A
5795,2025-01-14 07:25:44.331080,16,N/A
5796,2025-01-14 07:25:46.181532,19,N/A
5797,2025-01-14 07:25:47.735510,18,N/A
5798,2025-01-14 07:25:48.760930,6,N/A
5799,2025-01-14 07:25:51.368016,29,N/A
5800,2025-01-14 07:41:19.615068,28,N/A
5801,2025-01-14 07:41:21.427093,20,N/A
5802,2025-01-14 07:41:22.956755,16,N/A
5803,2025-01-14 07:41:25.060482,22,N/A
5804,2025-01-14 07:41:26.446670,13,N/A
5805,2025-01-14 07:41:28.658900,29,N/A
5806,2025-01-14 07:41:31.197060,30,N/A
5807,2025-01-14 07:41:32.737849,13,N/A
5808,2025-01-14 07:41:34.558818,18,N/A
5809,2025-01-14 07:41:40.125614,16,N/A
5810,2025-01-14 07:41:42.289285,19,N/A
5811,2025-01-14 07:41:43.915335,15,N/A
5812,2025-01-14 07:41:46.189045,22,N/A
5813,2025-01-14 07:41:48.177061,20,N/A
5814,2025-01-14 07:41:49.672128,12,N/A
5815,2025-01-14 07:41:51.100987,14,N/A
5816,2025-01-14 07:41:53.041141,20,N/A
5817,2025-01-14 07:41:54.506417,11,N/A
5818,2025-01-14 07:41:56.100913,19,N/A
5819,2025-01-14 07:41:57.808748,14,N/A
5820,2025-01-14 07:41:58.999103,8,N/A
5821,2025-01-14 07:42:00.796064,20,N/A
5822,2025-01-14 07:57:28.724054,21,N/A
5823,2025-01-14 07:57:30.796825,21,N/A
5824,2025-01-14 07:57:31.835201,6,N/A
5825,2025-01-14 07:57:33.505575,15,N/A
5826,2025-01-14 07:57:35.066344,14,N/A
5827,2025-01-14 07:57:37.550320,30,N/A
5828,2025-01-14 07:57:39.961785,27,N/A
5829,2025-01-14 07:57:43.742521,50,N/A
5830,2025-01-14 07:57:46.112273,30,N/A
5831,2025-01-14 07:57:47.580417,15,N/A
5832,2025-01-14 07:57:49.813139,29,N/A
5833,2025-01-14 07:57:51.892202,25,N/A
5834,2025-01-14 07:57:54.585624,34,N/A
5835,2025-01-14 07:57:55.742012,10,N/A
5836,2025-01-14 07:57:57.318103,18,N/A
5837,2025-01-14 07:57:58.753351,15,N/A
5838,2025-01-14 07:58:01.771389,43,N/A
5839,2025-01-14 07:58:03.183634,14,N/A
5840,2025-01-14 07:58:06.085878,34,N/A
5841,2025-01-14 07:58:07.639222,16,N/A
5842,2025-01-14 07:58:09.710735,26,N/A
5843,2025-01-14 08:02:01.603501,28,N/A
5844,2025-01-14 08:02:03.985920,28,N/A
5845,2025-01-14 08:02:06.303633,27,N/A
5846,2025-01-14 08:03:38.692850,18,N/A
5847,2025-01-14 08:03:41.389627,36,N/A
5848,2025-01-14 08:03:43.788974,29,N/A
5849,2025-01-14 08:03:44.905238,6,N/A
5850,2025-01-14 08:19:12.024466,18,N/A
5851,2025-01-14 08:19:14.644881,33,N/A
5852,2025-01-14 08:19:15.960754,19,N/A
5853,2025-01-14 08:19:17.507153,18,N/A
5854,2025-01-14 08:19:18.703409,10,N/A
5855,2025-01-14 08:19:20.907597,28,N/A
5856,2025-01-14 08:19:22.354237,13,N/A
5857,2025-01-14 08:19:23.853059,19,N/A
5858,2025-01-14 08:19:25.888432,17,N/A
5859,2025-01-14 08:19:27.365785,22,N/A
5860,2025-01-14 08:19:30.093712,33,N/A
5861,2025-01-14 08:19:31.890965,19,N/A
5862,2025-01-14 08:19:33.875381,21,N/A
5863,2025-01-14 08:19:36.017714,26,N/A
5864,2025-01-14 08:19:37.791140,18,N/A
5865,2025-01-14 08:19:39.459584,19,N/A
5866,2025-01-14 08:19:42.139805,31,N/A
5867,2025-01-14 08:19:43.769991,16,N/A
5868,2025-01-14 08:19:45.597669,17,N/A
5869,2025-01-14 08:19:46.956542,12,N/A
5870,2025-01-14 08:19:49.936976,35,N/A
5871,2025-01-14 08:19:52.144731,21,N/A
5872,2025-01-14 08:35:18.824540,18,N/A
5873,2025-01-14 08:35:20.804934,21,N/A
5874,2025-01-14 08:35:22.852883,25,N/A
5875,2025-01-14 08:35:24.394685,17,N/A
5876,2025-01-14 08:35:26.643803,29,N/A
5877,2025-01-14 08:35:27.909084,12,N/A
5878,2025-01-14 08:35:29.942695,25,N/A
5879,2025-01-14 08:35:31.431935,16,N/A
5880,2025-01-14 08:35:33.503599,27,N/A
5881,2025-01-14 08:35:34.995094,18,N/A
5882,2025-01-14 08:35:36.459804,17,N/A
5883,2025-01-14 08:35:38.625746,26,N/A
5884,2025-01-14 08:35:40.983306,29,N/A
5885,2025-01-14 08:35:42.371858,15,N/A
5886,2025-01-14 08:35:44.754049,30,N/A
5887,2025-01-14 08:35:47.306445,25,N/A
5888,2025-01-14 08:35:49.166893,17,N/A
5889,2025-01-14 08:35:51.537713,30,N/A
5890,2025-01-14 08:35:54.337812,37,N/A
5891,2025-01-14 08:35:55.728020,17,N/A
5892,2025-01-14 08:35:57.314104,19,N/A
5893,2025-01-14 08:35:59.094763,20,N/A
5894,2025-01-14 08:44:40.165215,27,N/A
5895,2025-01-14 08:44:42.282904,26,N/A
5896,2025-01-14 08:44:45.027638,34,N/A
5897,2025-01-14 08:44:47.491773,28,N/A
5898,2025-01-14 08:44:49.338819,23,N/A
5899,2025-01-14 08:44:51.078992,21,N/A
5900,2025-01-14 08:44:53.533917,28,N/A
5901,2025-01-14 08:44:54.854860,13,N/A
5902,2025-01-14 08:44:57.530985,29,N/A
5903,2025-01-14 08:45:00.151006,37,N/A
5904,2025-01-14 08:45:02.350545,25,N/A
5905,2025-01-14 08:45:04.642602,27,N/A
5906,2025-01-14 08:45:06.051532,16,N/A
5907,2025-01-14 08:45:07.498194,12,N/A
5908,2025-01-14 08:45:08.980187,16,N/A
5909,2025-01-14 08:45:11.244041,30,N/A
5910,2025-01-14 08:45:13.542544,34,N/A
5911,2025-01-14 08:45:15.178609,14,N/A
5912,2025-01-14 08:45:16.774174,14,N/A
5913,2025-01-14 08:45:18.277865,14,N/A
5914,2025-01-14 08:45:20.293959,21,N/A
5915,2025-01-14 09:00:47.696962,14,N/A
5916,2025-01-14 09:00:48.875415,9,N/A
5917,2025-01-14 09:00:50.922208,23,N/A
5918,2025-01-14 09:00:53.106524,27,N/A
5919,2025-01-14 09:00:54.052262,5,N/A
5920,2025-01-14 09:00:56.497903,31,N/A
5921,2025-01-14 09:00:57.865883,13,N/A
5922,2025-01-14 09:01:00.134468,22,N/A
5923,2025-01-14 09:01:01.836507,15,N/A
5924,2025-01-14 09:01:03.462337,17,N/A
5925,2025-01-14 09:01:05.486879,22,N/A
5926,2025-01-14 09:01:07.495658,26,N/A
5927,2025-01-14 09:01:09.459969,25,N/A
5928,2025-01-14 09:01:10.806264,12,N/A
5929,2025-01-14 09:01:12.241784,10,N/A
5930,2025-01-14 09:01:14.841459,33,N/A
5931,2025-01-14 09:01:16.627643,22,N/A
5932,2025-01-14 09:01:19.048979,32,N/A
5933,2025-01-14 09:01:21.794980,32,N/A
5934,2025-01-14 09:01:23.607288,19,N/A
5935,2025-01-14 09:01:27.831503,45,N/A
5936,2025-01-14 09:03:02.637056,33,N/A
5937,2025-01-14 09:03:05.746369,34,N/A
5938,2025-01-14 09:18:34.459290,31,N/A
5939,2025-01-14 09:18:38.098048,41,N/A
5940,2025-01-14 09:18:41.315139,40,N/A
5941,2025-01-14 09:18:43.574850,22,N/A
5942,2025-01-14 09:18:45.211942,13,N/A
5943,2025-01-14 09:18:47.014511,12,N/A
5944,2025-01-14 09:18:48.115881,19,N/A
5945,2025-01-14 09:18:49.359995,11,N/A
5946,2025-01-14 09:18:51.642959,27,N/A
5947,2025-01-14 09:18:53.586942,20,N/A
5948,2025-01-14 09:18:55.613088,25,N/A
5949,2025-01-14 09:18:57.308606,23,N/A
5950,2025-01-14 09:18:59.730926,31,N/A
5951,2025-01-14 09:19:00.798882,7,N/A
5952,2025-01-14 09:19:02.565724,18,N/A
5953,2025-01-14 09:19:04.169732,16,N/A
5954,2025-01-14 09:19:06.071639,20,N/A
5955,2025-01-14 09:19:07.596875,15,N/A
5956,2025-01-14 09:19:10.096390,29,N/A
5957,2025-01-14 09:19:13.100063,42,N/A
5958,2025-01-14 09:19:15.302321,28,N/A
5959,2025-01-14 09:19:16.887953,17,N/A
5960,2025-01-14 09:34:44.808618,21,N/A
5961,2025-01-14 09:34:46.406925,19,N/A
5962,2025-01-14 09:34:48.364317,22,N/A
5963,2025-01-14 09:34:49.825092,16,N/A
5964,2025-01-14 09:34:52.071250,29,N/A
5965,2025-01-14 09:34:53.304541,10,N/A
5966,2025-01-14 09:34:55.451114,23,N/A
5967,2025-01-14 09:34:57.693720,27,N/A
5968,2025-01-14 09:35:00.514595,33,N/A
5969,2025-01-14 09:35:02.527241,23,N/A
5970,2025-01-14 09:35:05.536423,35,N/A
5971,2025-01-14 09:35:07.817880,29,N/A
5972,2025-01-14 09:35:09.952150,26,N/A
5973,2025-01-14 09:35:11.198068,9,N/A
5974,2025-01-14 09:35:13.275403,26,N/A
5975,2025-01-14 09:35:15.097130,19,N/A
5976,2025-01-14 09:35:18.040767,31,N/A
5977,2025-01-14 09:35:20.390878,26,N/A
5978,2025-01-14 09:35:22.275569,19,N/A
5979,2025-01-14 09:35:23.819160,16,N/A
5980,2025-01-14 09:50:52.463442,34,N/A
5981,2025-01-14 09:50:53.792474,10,N/A
5982,2025-01-14 09:50:55.559009,19,N/A
5983,2025-01-14 09:50:57.311861,17,N/A
5984,2025-01-14 09:50:59.180747,18,N/A
5985,2025-01-14 09:51:00.661359,13,N/A
5986,2025-01-14 09:51:02.581071,22,N/A
5987,2025-01-14 09:51:03.648661,9,N/A
5988,2025-01-14 10:04:00.996068,16,N/A
5989,2025-01-14 10:04:01.443332,28,N/A
5990,2025-01-14 10:04:01.807025,18,N/A
5991,2025-01-14 10:04:02.116728,23,N/A
5992,2025-01-14 10:04:03.821768,28,N/A
5993,2025-01-14 10:04:07.114531,41,N/A
5994,2025-01-14 10:04:09.105519,24,N/A
5995,2025-01-14 10:04:11.209839,25,N/A
5996,2025-01-14 10:04:12.631020,14,N/A
5997,2025-01-14 10:04:15.108235,28,N/A
5998,2025-01-14 10:04:16.930706,26,N/A
5999,2025-01-14 10:04:19.579345,34,N/A
6000,2025-01-14 10:04:21.403309,18,N/A
6001,2025-01-14 10:04:23.708713,27,N/A
6002,2025-01-14 10:04:26.123145,30,N/A
6003,2025-01-14 10:04:28.127447,20,N/A
6004,2025-01-14 10:04:30.059687,23,N/A
6005,2025-01-14 10:04:31.917986,17,N/A
6006,2025-01-14 10:04:33.437504,13,N/A
6007,2025-01-14 10:04:35.440658,21,N/A
6008,2025-01-14 10:04:36.779477,10,N/A
6009,2025-01-14 10:04:40.093503,34,N/A
6010,2025-01-14 10:04:41.919558,17,N/A
6011,2025-01-14 10:20:09.509125,24,N/A
6012,2025-01-14 10:20:10.866411,11,N/A
6013,2025-01-14 10:20:12.574763,20,N/A
6014,2025-01-14 10:20:13.737312,14,N/A
6015,2025-01-14 10:20:15.441679,19,N/A
6016,2025-01-14 10:20:17.622869,23,N/A
6017,2025-01-14 10:20:21.141957,33,N/A
6018,2025-01-14 10:20:22.872654,14,N/A
6019,2025-01-14 10:20:24.157811,28,N/A
6020,2025-01-14 10:20:26.109695,25,N/A
6021,2025-01-14 10:20:27.752016,15,N/A
6022,2025-01-14 10:20:30.051199,28,N/A
6023,2025-01-14 10:20:31.495919,14,N/A
6024,2025-01-14 10:20:32.625205,9,N/A
6025,2025-01-14 10:20:33.714418,17,N/A
6026,2025-01-14 10:20:34.846477,14,N/A
6027,2025-01-14 10:20:37.172410,27,N/A
6028,2025-01-14 10:20:39.300638,20,N/A
6029,2025-01-14 10:20:41.776926,28,N/A
6030,2025-01-14 10:20:43.299458,14,N/A
6031,2025-01-14 10:20:44.713303,15,N/A
6032,2025-01-14 10:20:46.751744,21,N/A
6033,2025-01-14 10:20:48.771459,23,N/A
6034,2025-01-14 10:20:50.532360,18,N/A
6035,2025-01-14 10:36:18.642896,21,N/A
6036,2025-01-14 10:36:21.067570,24,N/A
6037,2025-01-14 10:36:23.675522,28,N/A
6038,2025-01-14 10:36:25.271152,19,N/A
6039,2025-01-14 10:36:27.512787,22,N/A
6040,2025-01-14 10:36:29.489933,20,N/A
6041,2025-01-14 10:36:31.707797,22,N/A
6042,2025-01-14 10:36:34.004271,27,N/A
6043,2025-01-14 10:36:36.361426,28,N/A
6044,2025-01-14 10:36:38.059430,13,N/A
6045,2025-01-14 10:36:40.828600,28,N/A
6046,2025-01-14 10:36:42.606994,18,N/A
6047,2025-01-14 10:36:45.725591,33,N/A
6048,2025-01-14 10:36:47.573909,23,N/A
6049,2025-01-14 10:36:48.998906,10,N/A
6050,2025-01-14 10:36:51.135256,25,N/A
6051,2025-01-14 10:36:52.936945,19,N/A
6052,2025-01-14 10:36:54.836409,19,N/A
6053,2025-01-14 10:36:56.773094,19,N/A
6054,2025-01-14 10:36:59.129348,22,N/A
6055,2025-01-14 10:52:26.494398,14,N/A
6056,2025-01-14 10:52:28.332756,20,N/A
6057,2025-01-14 10:52:30.285873,18,N/A
6058,2025-01-14 10:52:32.146258,18,N/A
6059,2025-01-14 10:52:33.711093,14,N/A
6060,2025-01-14 10:52:36.162330,30,N/A
6061,2025-01-14 10:52:39.199314,33,N/A
6062,2025-01-14 10:52:42.083748,32,N/A
6063,2025-01-14 10:52:43.836140,19,N/A
6064,2025-01-14 10:52:45.963387,30,N/A
6065,2025-01-14 10:52:48.563857,35,N/A
6066,2025-01-14 10:52:50.506159,19,N/A
6067,2025-01-14 10:52:52.565136,21,N/A
6068,2025-01-14 10:52:55.562485,35,N/A
6069,2025-01-14 10:52:57.661103,25,N/A
6070,2025-01-14 10:53:00.477694,34,N/A
6071,2025-01-14 10:53:02.363129,20,N/A
6072,2025-01-14 10:53:04.743649,28,N/A
6073,2025-01-14 10:53:07.017768,26,N/A
6074,2025-01-14 11:05:01.751598,14,N/A
6075,2025-01-14 11:05:03.479108,22,N/A
6076,2025-01-14 11:05:05.771306,27,N/A
6077,2025-01-14 11:05:07.812790,24,N/A
6078,2025-01-14 11:05:09.756049,24,N/A
6079,2025-01-14 11:05:11.887051,27,N/A
6080,2025-01-14 11:05:13.822495,26,N/A
6081,2025-01-14 11:05:15.221552,13,N/A
6082,2025-01-14 11:05:16.742318,17,N/A
6083,2025-01-14 11:05:18.653932,21,N/A
6084,2025-01-14 11:05:20.234636,17,N/A
6085,2025-01-14 11:05:22.267175,23,N/A
6086,2025-01-14 11:05:24.159279,19,N/A
6087,2025-01-14 11:05:26.400905,32,N/A
6088,2025-01-14 11:05:27.737537,12,N/A
6089,2025-01-14 11:05:30.379996,36,N/A
6090,2025-01-14 11:05:32.248718,22,N/A
6091,2025-01-14 11:05:34.481922,27,N/A
6092,2025-01-14 11:05:36.959785,31,N/A
6093,2025-01-14 11:05:38.443184,15,N/A
6094,2025-01-14 11:05:41.221003,36,N/A
6095,2025-01-14 11:21:09.395563,33,N/A
6096,2025-01-14 11:21:12.455757,33,N/A
6097,2025-01-14 11:21:13.495957,16,N/A
6098,2025-01-14 11:21:15.519028,23,N/A
6099,2025-01-14 11:21:17.527389,21,N/A
6100,2025-01-14 11:21:19.285744,10,N/A
6101,2025-01-14 11:21:21.459684,15,N/A
6102,2025-01-14 11:21:23.076622,17,N/A
6103,2025-01-14 11:21:24.906510,24,N/A
6104,2025-01-14 11:21:26.229853,15,N/A
6105,2025-01-14 11:21:27.743878,13,N/A
6106,2025-01-14 11:21:28.986617,12,N/A
6107,2025-01-14 11:21:31.026324,21,N/A
6108,2025-01-14 11:21:32.701058,21,N/A
6109,2025-01-14 11:21:34.058536,15,N/A
6110,2025-01-14 11:21:36.837924,31,N/A
6111,2025-01-14 11:21:39.116522,25,N/A
6112,2025-01-14 11:21:41.481940,30,N/A
6113,2025-01-14 11:21:43.620385,25,N/A
6114,2025-01-14 11:21:45.434503,20,N/A
6115,2025-01-14 11:21:47.324340,19,N/A
6116,2025-01-14 11:21:49.534862,28,N/A
6117,2025-01-14 11:37:17.418341,19,N/A
6118,2025-01-14 11:37:20.851492,40,N/A
6119,2025-01-14 11:37:22.415652,14,N/A
6120,2025-01-14 11:37:23.716777,11,N/A
6121,2025-01-14 11:37:26.589266,37,N/A
6122,2025-01-14 11:37:28.800564,22,N/A
6123,2025-01-14 11:37:30.932833,32,N/A
6124,2025-01-14 11:37:32.921477,22,N/A
6125,2025-01-14 11:37:34.930033,22,N/A
6126,2025-01-14 11:37:37.135895,25,N/A
6127,2025-01-14 11:37:39.337917,28,N/A
6128,2025-01-14 11:37:40.936719,17,N/A
6129,2025-01-14 11:37:42.839039,23,N/A
6130,2025-01-14 11:37:44.440759,15,N/A
6131,2025-01-14 11:37:46.954932,32,N/A
6132,2025-01-14 11:37:48.490920,15,N/A
6133,2025-01-14 11:37:49.991309,13,N/A
6134,2025-01-14 11:37:52.386162,27,N/A
6135,2025-01-14 11:37:54.573884,19,N/A
6136,2025-01-14 11:37:55.990286,13,N/A
6137,2025-01-14 11:37:58.174015,22,N/A
6138,2025-01-14 11:37:59.339296,8,N/A
6139,2025-01-14 11:53:20.004658,7,N/A
6140,2025-01-14 11:53:22.683414,27,N/A
6141,2025-01-14 11:53:24.761939,21,N/A
6142,2025-01-14 11:53:26.394344,14,N/A
6143,2025-01-14 11:53:28.577215,20,N/A
6144,2025-01-14 11:53:29.800675,9,N/A
6145,2025-01-14 11:53:31.541022,16,N/A
6146,2025-01-14 11:53:33.881410,24,N/A
6147,2025-01-14 11:53:36.519952,33,N/A
6148,2025-01-14 11:53:37.711861,8,N/A
6149,2025-01-14 11:53:40.220658,27,N/A
6150,2025-01-14 11:53:42.715871,28,N/A
6151,2025-01-14 11:53:44.170181,12,N/A
6152,2025-01-14 11:53:46.117429,24,N/A
6153,2025-01-14 11:53:47.567389,15,N/A
6154,2025-01-14 11:53:48.986651,13,N/A
6155,2025-01-14 11:53:54.785864,17,N/A
6156,2025-01-14 11:53:56.899190,24,N/A
6157,2025-01-14 11:53:59.441641,30,N/A
6158,2025-01-14 11:54:01.093441,16,N/A
6159,2025-01-14 12:06:01.296512,39,N/A
6160,2025-01-14 12:06:01.887874,31,N/A
6161,2025-01-14 12:06:04.119901,28,N/A
6162,2025-01-14 12:06:05.996387,19,N/A
6163,2025-01-14 12:06:07.874817,18,N/A
6164,2025-01-14 12:06:10.492971,31,N/A
6165,2025-01-14 12:06:12.516777,22,N/A
6166,2025-01-14 12:06:14.657594,22,N/A
6167,2025-01-14 12:06:16.673941,20,N/A
6168,2025-01-14 12:06:17.779075,7,N/A
6169,2025-01-14 12:06:21.309105,42,N/A
6170,2025-01-14 12:06:23.935938,32,N/A
6171,2025-01-14 12:06:27.772801,41,N/A
6172,2025-01-14 12:06:30.435393,34,N/A
6173,2025-01-14 12:06:32.129264,20,N/A
6174,2025-01-14 12:06:34.887696,29,N/A
6175,2025-01-14 12:06:37.373728,33,N/A
6176,2025-01-14 12:06:40.253438,34,N/A
6177,2025-01-14 12:06:42.058553,20,N/A
6178,2025-01-14 12:22:09.576775,17,N/A
6179,2025-01-14 12:22:11.018694,13,N/A
6180,2025-01-14 12:22:12.289488,9,N/A
6181,2025-01-14 12:22:13.398928,18,N/A
6182,2025-01-14 12:22:15.305844,21,N/A
6183,2025-01-14 12:22:17.571633,26,N/A
6184,2025-01-14 12:22:19.848384,21,N/A
6185,2025-01-14 12:22:22.586656,26,N/A
6186,2025-01-14 12:22:23.426124,13,N/A
6187,2025-01-14 12:22:25.506013,28,N/A
6188,2025-01-14 12:22:27.598229,27,N/A
6189,2025-01-14 12:22:29.743907,22,N/A
6190,2025-01-14 12:22:31.647304,19,N/A
6191,2025-01-14 12:37:59.162876,31,N/A
6192,2025-01-14 12:38:02.006811,38,N/A
6193,2025-01-14 12:38:04.025534,23,N/A
6194,2025-01-14 12:38:06.829815,32,N/A
6195,2025-01-14 12:38:09.234351,31,N/A
6196,2025-01-14 12:38:10.900226,15,N/A
6197,2025-01-14 12:38:11.955794,6,N/A
6198,2025-01-14 12:38:13.233793,12,N/A
6199,2025-01-14 12:38:15.106229,24,N/A
6200,2025-01-14 12:38:17.180335,21,N/A
6201,2025-01-14 12:38:19.951959,33,N/A
6202,2025-01-14 12:38:22.236813,29,N/A
6203,2025-01-14 12:38:23.805017,15,N/A
6204,2025-01-14 12:38:24.954293,6,N/A
6205,2025-01-14 12:38:26.518569,13,N/A
6206,2025-01-14 12:38:28.660100,28,N/A
6207,2025-01-14 12:38:30.258009,14,N/A
6208,2025-01-14 12:38:32.866444,31,N/A
6209,2025-01-14 12:38:34.938427,21,N/A
6210,2025-01-14 12:38:36.405607,14,N/A
6211,2025-01-14 12:38:38.324702,18,N/A
6212,2025-01-14 12:54:06.249413,23,N/A
6213,2025-01-14 12:54:07.831513,17,N/A
6214,2025-01-14 12:54:09.756734,20,N/A
6215,2025-01-14 12:54:11.984754,26,N/A
6216,2025-01-14 12:54:13.483667,15,N/A
6217,2025-01-14 12:54:14.657154,9,N/A
6218,2025-01-14 12:54:15.940957,10,N/A
6219,2025-01-14 12:54:17.531337,17,N/A
6220,2025-01-14 12:54:19.296647,14,N/A
6221,2025-01-14 12:54:21.546323,28,N/A
6222,2025-01-14 12:54:22.710446,7,N/A
6223,2025-01-14 12:54:24.871327,29,N/A
6224,2025-01-14 12:54:27.268498,28,N/A
6225,2025-01-14 12:54:28.926359,17,N/A
6226,2025-01-14 12:54:30.981214,25,N/A
6227,2025-01-14 12:54:32.848804,20,N/A
6228,2025-01-14 12:54:35.105654,27,N/A
6229,2025-01-14 12:54:36.652983,15,N/A
6230,2025-01-14 12:54:39.425200,26,N/A
6231,2025-01-14 12:54:41.992825,29,N/A
6232,2025-01-14 12:54:43.908034,20,N/A
6233,2025-01-14 12:54:45.694273,18,N/A
6234,2025-01-14 13:07:01.155315,33,N/A
6235,2025-01-14 13:07:01.581411,28,N/A
6236,2025-01-14 13:07:01.818689,6,N/A
6237,2025-01-14 13:07:03.189761,17,N/A
6238,2025-01-14 13:07:05.137545,18,N/A
6239,2025-01-14 13:07:07.717064,34,N/A
6240,2025-01-14 13:07:09.342450,13,N/A
6241,2025-01-14 13:07:11.877341,28,N/A
6242,2025-01-14 13:07:13.570300,15,N/A
6243,2025-01-14 13:07:15.773424,23,N/A
6244,2025-01-14 13:07:17.717391,19,N/A
6245,2025-01-14 13:07:19.681681,21,N/A
6246,2025-01-14 13:07:21.903180,23,N/A
6247,2025-01-14 13:07:23.385123,13,N/A
6248,2025-01-14 13:07:25.496657,21,N/A
6249,2025-01-14 13:07:27.984303,25,N/A
6250,2025-01-14 13:07:29.842142,21,N/A
6251,2025-01-14 13:07:31.630776,18,N/A
6252,2025-01-14 13:07:34.178202,30,N/A
6253,2025-01-14 13:07:36.437627,32,N/A
6254,2025-01-14 13:07:38.291835,24,N/A
6255,2025-01-14 13:07:40.204161,21,N/A
6256,2025-01-14 13:07:42.331897,29,N/A
6257,2025-01-14 13:23:11.134338,32,N/A
6258,2025-01-14 13:23:12.802342,26,N/A
6259,2025-01-14 13:23:14.983205,25,N/A
6260,2025-01-14 13:23:17.231337,28,N/A
6261,2025-01-14 13:23:20.608885,33,N/A
6262,2025-01-14 13:23:22.693538,20,N/A
6263,2025-01-14 13:23:24.255098,27,N/A
6264,2025-01-14 13:23:26.092599,19,N/A
6265,2025-01-14 13:23:28.058898,18,N/A
6266,2025-01-14 13:23:30.076891,21,N/A
6267,2025-01-14 13:23:31.329994,11,N/A
6268,2025-01-14 13:23:32.960151,15,N/A
6269,2025-01-14 13:23:36.809303,44,N/A
6270,2025-01-14 13:23:38.612673,20,N/A
6271,2025-01-14 13:23:40.656377,27,N/A
6272,2025-01-14 13:23:42.548185,18,N/A
6273,2025-01-14 13:23:44.910482,25,N/A
6274,2025-01-14 13:23:47.241142,25,N/A
6275,2025-01-14 13:23:50.230303,32,N/A
6276,2025-01-14 13:39:18.063031,25,N/A
6277,2025-01-14 13:39:20.172131,22,N/A
6278,2025-01-14 13:39:23.158983,38,N/A
6279,2025-01-14 13:39:25.538205,28,N/A
6280,2025-01-14 13:39:29.002531,42,N/A
6281,2025-01-14 13:39:31.689951,31,N/A
6282,2025-01-14 13:39:34.884922,37,N/A
6283,2025-01-14 13:39:37.235684,24,N/A
6284,2025-01-14 13:39:39.723952,29,N/A
6285,2025-01-14 13:39:41.249476,18,N/A
6286,2025-01-14 13:39:41.990791,10,N/A
6287,2025-01-14 13:39:43.742863,17,N/A
6288,2025-01-14 13:39:46.366535,30,N/A
6289,2025-01-14 13:39:48.669027,26,N/A
6290,2025-01-14 13:39:50.349745,15,N/A
6291,2025-01-14 13:39:52.269819,21,N/A
6292,2025-01-14 13:39:55.161142,33,N/A
6293,2025-01-14 13:39:56.652474,15,N/A
6294,2025-01-14 13:55:25.430733,36,N/A
6295,2025-01-14 13:55:29.887377,40,N/A
6296,2025-01-14 13:55:31.276944,15,N/A
6297,2025-01-14 13:55:33.991442,32,N/A
6298,2025-01-14 13:55:35.957726,21,N/A
6299,2025-01-14 13:55:37.546447,16,N/A
6300,2025-01-14 13:55:39.075098,17,N/A
6301,2025-01-14 13:55:41.546949,24,N/A
6302,2025-01-14 13:55:43.380816,16,N/A
6303,2025-01-14 13:55:45.224219,18,N/A
6304,2025-01-14 13:55:48.113732,38,N/A
6305,2025-01-14 13:55:49.980941,21,N/A
6306,2025-01-14 13:55:51.927967,21,N/A
6307,2025-01-14 13:55:54.661545,35,N/A
6308,2025-01-14 13:55:56.431110,19,N/A
6309,2025-01-14 13:55:58.632479,27,N/A
6310,2025-01-14 13:56:00.468437,19,N/A
6311,2025-01-14 13:56:03.617598,34,N/A
6312,2025-01-14 13:56:05.321978,19,N/A
6313,2025-01-14 13:56:06.722726,12,N/A
6314,2025-01-14 14:08:01.987201,19,N/A
6315,2025-01-14 14:08:03.104689,7,N/A
6316,2025-01-14 14:08:05.153528,21,N/A
6317,2025-01-14 14:08:06.646185,13,N/A
6318,2025-01-14 14:08:08.545003,17,N/A
6319,2025-01-14 14:08:09.952090,14,N/A
6320,2025-01-14 14:08:11.405054,12,N/A
6321,2025-01-14 14:08:13.787601,26,N/A
6322,2025-01-14 14:08:15.625028,17,N/A
6323,2025-01-14 14:08:17.549757,22,N/A
6324,2025-01-14 14:08:19.794515,26,N/A
6325,2025-01-14 14:08:20.874545,6,N/A
6326,2025-01-14 14:08:23.263869,27,N/A
6327,2025-01-14 14:08:26.461236,39,N/A
6328,2025-01-14 14:08:28.333678,17,N/A
6329,2025-01-14 14:08:30.014860,15,N/A
6330,2025-01-14 14:08:32.083213,21,N/A
6331,2025-01-14 14:08:33.766501,20,N/A
6332,2025-01-14 14:08:35.747530,19,N/A
6333,2025-01-14 14:08:37.335089,17,N/A
6334,2025-01-14 14:08:39.334966,21,N/A
6335,2025-01-14 14:08:40.888156,17,N/A
6336,2025-01-14 14:24:07.956686,23,N/A
6337,2025-01-14 14:24:10.395886,40,N/A
6338,2025-01-14 14:24:12.088058,20,N/A
6339,2025-01-14 14:24:13.442182,16,N/A
6340,2025-01-14 14:24:15.443732,27,N/A
6341,2025-01-14 14:24:17.699440,28,N/A
6342,2025-01-14 14:24:20.588037,37,N/A
6343,2025-01-14 14:24:23.163441,31,N/A
6344,2025-01-14 14:24:24.279846,14,N/A
6345,2025-01-14 14:24:26.396274,21,N/A
6346,2025-01-14 14:24:27.739567,13,N/A
6347,2025-01-14 14:24:29.764309,21,N/A
6348,2025-01-14 14:24:31.192276,12,N/A
6349,2025-01-14 14:24:32.873088,20,N/A
6350,2025-01-14 14:24:34.921193,18,N/A
6351,2025-01-14 14:24:36.857540,23,N/A
6352,2025-01-14 14:24:39.598057,37,N/A
6353,2025-01-14 14:24:40.972108,12,N/A
6354,2025-01-14 14:24:42.623197,17,N/A
6355,2025-01-14 14:24:44.248668,16,N/A
6356,2025-01-14 14:24:45.867667,16,N/A
6357,2025-01-14 14:24:47.059295,8,N/A
6358,2025-01-14 14:40:16.274816,38,N/A
6359,2025-01-14 14:40:18.777560,27,N/A
6360,2025-01-14 14:40:20.312594,18,N/A
6361,2025-01-14 14:40:22.399585,24,N/A
6362,2025-01-14 14:40:25.239680,30,N/A
6363,2025-01-14 14:40:27.184717,25,N/A
6364,2025-01-14 14:40:28.893443,17,N/A
6365,2025-01-14 14:40:30.658841,19,N/A
6366,2025-01-14 14:40:33.295911,29,N/A
6367,2025-01-14 14:40:35.798981,24,N/A
6368,2025-01-14 14:40:37.615238,18,N/A
6369,2025-01-14 14:40:39.106518,10,N/A
6370,2025-01-14 14:40:41.650665,35,N/A
6371,2025-01-14 14:40:44.193007,35,N/A
6372,2025-01-14 14:40:46.401237,25,N/A
6373,2025-01-14 14:40:49.226970,31,N/A
6374,2025-01-14 14:40:51.663586,30,N/A
6375,2025-01-14 14:40:53.539167,22,N/A
6376,2025-01-14 14:40:54.624682,5,N/A
6377,2025-01-14 14:40:56.908615,31,N/A
6378,2025-01-14 14:56:24.362229,21,N/A
6379,2025-01-14 14:56:25.932514,20,N/A
6380,2025-01-14 14:56:28.315016,28,N/A
6381,2025-01-14 14:56:30.872491,33,N/A
6382,2025-01-14 14:56:33.244407,27,N/A
6383,2025-01-14 14:56:35.679959,30,N/A
6384,2025-01-14 14:56:37.321273,15,N/A
6385,2025-01-14 14:56:39.309422,22,N/A
6386,2025-01-14 14:56:41.926674,32,N/A
6387,2025-01-14 14:56:43.886228,24,N/A
6388,2025-01-14 14:56:45.949122,25,N/A
6389,2025-01-14 14:56:48.505953,27,N/A
6390,2025-01-14 14:56:50.709295,25,N/A
6391,2025-01-14 14:56:52.204443,12,N/A
6392,2025-01-14 14:56:54.410460,20,N/A
6393,2025-01-14 14:56:56.678654,24,N/A
6394,2025-01-14 14:56:59.448350,31,N/A
6395,2025-01-14 14:57:00.775283,11,N/A
6396,2025-01-14 14:57:02.546307,16,N/A
6397,2025-01-14 14:57:04.386794,17,N/A
6398,2025-01-14 14:57:05.992082,13,N/A
6399,2025-01-14 15:09:02.929291,30,N/A
6400,2025-01-14 15:09:05.040493,24,N/A
6401,2025-01-14 15:09:07.344149,24,N/A
6402,2025-01-14 15:09:09.133789,19,N/A
6403,2025-01-14 15:09:11.781243,29,N/A
6404,2025-01-14 15:09:13.917100,23,N/A
6405,2025-01-14 15:09:15.501379,14,N/A
6406,2025-01-14 15:09:17.178721,16,N/A
6407,2025-01-14 15:09:19.637378,30,N/A
6408,2025-01-14 15:09:21.812000,31,N/A
6409,2025-01-14 15:09:23.401975,15,N/A
6410,2025-01-14 15:09:24.488752,7,N/A
6411,2025-01-14 15:09:25.448776,7,N/A
6412,2025-01-14 15:09:26.672495,7,N/A
6413,2025-01-14 15:09:28.776944,24,N/A
6414,2025-01-14 15:09:30.918921,23,N/A
6415,2025-01-14 15:09:32.334566,15,N/A
6416,2025-01-14 15:09:34.491181,24,N/A
6417,2025-01-14 15:09:37.507861,33,N/A
6418,2025-01-14 15:09:39.327818,19,N/A
6419,2025-01-14 15:09:41.027865,16,N/A
6420,2025-01-14 15:25:09.939179,36,N/A
6421,2025-01-14 15:25:12.292990,25,N/A
6422,2025-01-14 15:25:13.562081,21,N/A
6423,2025-01-14 15:25:15.704059,28,N/A
6424,2025-01-14 15:25:18.648423,27,N/A
6425,2025-01-14 15:25:20.527771,17,N/A
6426,2025-01-14 15:25:22.909289,23,N/A
6427,2025-01-14 15:25:24.429350,33,N/A
6428,2025-01-14 15:25:25.696088,14,N/A
6429,2025-01-14 15:25:28.237113,30,N/A
6430,2025-01-14 15:25:30.101690,20,N/A
6431,2025-01-14 15:25:31.744632,18,N/A
6432,2025-01-14 15:25:33.913933,21,N/A
6433,2025-01-14 15:25:36.253891,26,N/A
6434,2025-01-14 15:25:37.949409,21,N/A
6435,2025-01-14 15:25:40.031976,22,N/A
6436,2025-01-14 15:25:41.871289,23,N/A
6437,2025-01-14 15:25:43.387778,14,N/A
6438,2025-01-14 15:25:45.064805,17,N/A
6439,2025-01-14 15:25:47.190073,26,N/A
6440,2025-01-14 15:25:48.669914,13,N/A
6441,2025-01-14 15:25:50.409171,16,N/A
6442,2025-01-14 15:25:52.806100,26,N/A
6443,2025-01-14 15:41:20.939382,23,N/A
6444,2025-01-14 15:41:23.005558,23,N/A
6445,2025-01-14 15:41:24.775954,16,N/A
6446,2025-01-14 15:41:26.872323,23,N/A
6447,2025-01-14 15:41:28.221798,10,N/A
6448,2025-01-14 15:41:30.349257,24,N/A
6449,2025-01-14 15:41:33.314840,33,N/A
6450,2025-01-14 15:41:35.475695,24,N/A
6451,2025-01-14 15:41:37.142078,20,N/A
6452,2025-01-14 15:41:39.280997,23,N/A
6453,2025-01-14 15:41:41.943832,28,N/A
6454,2025-01-14 15:41:44.315726,28,N/A
6455,2025-01-14 15:41:46.076218,18,N/A
6456,2025-01-14 15:41:47.725493,16,N/A
6457,2025-01-14 15:41:50.542726,35,N/A
6458,2025-01-14 15:41:52.716454,24,N/A
6459,2025-01-14 15:41:54.436017,17,N/A
6460,2025-01-14 15:41:56.580355,22,N/A
6461,2025-01-14 15:41:58.336770,15,N/A
6462,2025-01-14 15:42:00.919523,26,N/A
6463,2025-01-14 15:42:01.966735,6,N/A
6464,2025-01-14 15:57:29.696300,22,N/A
6465,2025-01-14 15:57:31.826693,20,N/A
6466,2025-01-14 15:57:33.979664,26,N/A
6467,2025-01-14 15:57:35.827949,18,N/A
6468,2025-01-14 15:57:38.311107,36,N/A
6469,2025-01-14 15:57:40.530956,29,N/A
6470,2025-01-14 15:57:42.744749,31,N/A
6471,2025-01-14 15:57:45.486601,33,N/A
6472,2025-01-14 15:57:47.295722,22,N/A
6473,2025-01-14 15:57:48.782169,13,N/A
6474,2025-01-14 15:57:50.272696,18,N/A
6475,2025-01-14 15:57:51.723844,13,N/A
6476,2025-01-14 15:57:54.219553,30,N/A
6477,2025-01-14 15:57:57.409938,34,N/A
6478,2025-01-14 15:57:59.797426,30,N/A
6479,2025-01-14 15:58:02.731522,34,N/A
6480,2025-01-14 15:58:05.389361,31,N/A
6481,2025-01-14 15:58:07.798954,26,N/A
6482,2025-01-14 15:58:09.764248,22,N/A
6483,2025-01-14 16:10:02.650813,18,N/A
6484,2025-01-14 16:10:04.106544,14,N/A
6485,2025-01-14 16:10:06.213355,21,N/A
6486,2025-01-14 16:10:08.177983,23,N/A
6487,2025-01-14 16:10:10.027742,21,N/A
6488,2025-01-14 16:10:11.408096,9,N/A
6489,2025-01-14 16:10:13.563917,27,N/A
6490,2025-01-14 16:10:16.157795,37,N/A
6491,2025-01-14 16:10:19.229650,41,N/A
6492,2025-01-14 16:10:21.120218,21,N/A
6493,2025-01-14 16:10:22.284046,10,N/A
6494,2025-01-14 16:10:23.461144,12,N/A
6495,2025-01-14 16:10:25.724818,30,N/A
6496,2025-01-14 16:10:27.653680,15,N/A
6497,2025-01-14 16:10:29.888464,21,N/A
6498,2025-01-14 16:10:31.308305,12,N/A
6499,2025-01-14 16:10:33.219656,22,N/A
6500,2025-01-14 16:10:35.572145,24,N/A
6501,2025-01-14 16:10:37.185831,16,N/A
6502,2025-01-14 16:10:39.285426,27,N/A
6503,2025-01-14 16:10:41.244026,17,N/A
6504,2025-01-14 16:16:39.062246,19,N/A
6505,2025-01-14 16:16:40.986201,20,N/A
6506,2025-01-14 16:16:42.549574,15,N/A
6507,2025-01-14 16:16:44.508678,33,N/A
6508,2025-01-14 16:16:46.504975,24,N/A
6509,2025-01-14 16:16:48.426216,18,N/A
6510,2025-01-14 16:16:50.192588,15,N/A
6511,2025-01-14 16:16:52.917317,29,N/A
6512,2025-01-14 16:16:53.639213,13,N/A
6513,2025-01-14 16:16:55.217968,15,N/A
6514,2025-01-14 16:16:56.800676,17,N/A
6515,2025-01-14 16:17:00.684814,45,N/A
6516,2025-01-14 16:17:03.209969,29,N/A
6517,2025-01-14 16:17:04.648843,12,N/A
6518,2025-01-14 16:17:12.414654,33,N/A
6519,2025-01-14 16:17:14.904376,33,N/A
6520,2025-01-14 16:17:16.248317,10,N/A
6521,2025-01-14 16:17:18.177672,21,N/A
6522,2025-01-14 16:17:20.220974,23,N/A
6523,2025-01-14 16:32:48.537596,21,N/A
6524,2025-01-14 16:32:50.321135,19,N/A
6525,2025-01-14 16:32:51.717140,10,N/A
6526,2025-01-14 16:32:52.928577,7,N/A
6527,2025-01-14 16:32:55.077278,23,N/A
6528,2025-01-14 16:32:57.353266,26,N/A
6529,2025-01-14 16:32:59.498238,25,N/A
6530,2025-01-14 16:33:01.233226,18,N/A
6531,2025-01-14 16:33:02.995132,20,N/A
6532,2025-01-14 16:33:04.182157,9,N/A
6533,2025-01-14 16:33:06.208202,22,N/A
6534,2025-01-14 16:33:08.282010,29,N/A
6535,2025-01-14 16:33:10.248255,22,N/A
6536,2025-01-14 16:33:11.719739,11,N/A
6537,2025-01-14 16:33:13.642146,25,N/A
6538,2025-01-14 16:33:15.950764,21,N/A
6539,2025-01-14 16:33:18.163919,24,N/A
6540,2025-01-14 16:33:20.311738,22,N/A
6541,2025-01-14 16:33:21.859990,14,N/A
6542,2025-01-14 16:33:23.843426,20,N/A
6543,2025-01-14 16:33:25.278852,13,N/A
6544,2025-01-14 16:33:27.796461,31,N/A
6545,2025-01-14 16:48:46.549239,16,N/A
6546,2025-01-14 16:48:48.277696,20,N/A
6547,2025-01-14 16:48:49.844969,15,N/A
6548,2025-01-14 16:48:51.520600,14,N/A
6549,2025-01-14 16:48:53.187451,15,N/A
6550,2025-01-14 16:48:56.361911,37,N/A
6551,2025-01-14 16:48:58.400044,18,N/A
6552,2025-01-14 16:49:00.471666,24,N/A
6553,2025-01-14 16:49:03.071965,31,N/A
6554,2025-01-14 16:49:05.605280,26,N/A
6555,2025-01-14 16:49:07.606012,25,N/A
6556,2025-01-14 16:49:09.513882,22,N/A
6557,2025-01-14 16:49:11.732611,21,N/A
6558,2025-01-14 16:49:14.475837,30,N/A
6559,2025-01-14 16:49:16.787217,27,N/A
6560,2025-01-14 16:49:18.453287,14,N/A
6561,2025-01-14 16:49:20.575482,26,N/A
6562,2025-01-14 16:49:22.017232,10,N/A
6563,2025-01-14 16:49:23.314222,13,N/A
6564,2025-01-14 16:49:24.600004,9,N/A
6565,2025-01-14 16:49:26.426768,20,N/A
6566,2025-01-14 17:04:55.079425,32,N/A
6567,2025-01-14 17:04:56.902459,17,N/A
6568,2025-01-14 17:04:59.397797,30,N/A
6569,2025-01-14 17:05:01.886989,25,N/A
6570,2025-01-14 17:05:03.402935,14,N/A
6571,2025-01-14 17:05:04.883969,12,N/A
6572,2025-01-14 17:05:07.106045,27,N/A
6573,2025-01-14 17:05:09.997308,36,N/A
6574,2025-01-14 17:05:12.854808,29,N/A
6575,2025-01-14 17:05:15.818834,37,N/A
6576,2025-01-14 17:05:18.190823,32,N/A
6577,2025-01-14 17:05:20.165251,19,N/A
6578,2025-01-14 17:05:22.330242,21,N/A
6579,2025-01-14 17:05:25.156019,35,N/A
6580,2025-01-14 17:05:26.668626,11,N/A
6581,2025-01-14 17:05:28.617481,19,N/A
6582,2025-01-14 17:05:31.389430,29,N/A
6583,2025-01-14 17:05:32.874752,14,N/A
6584,2025-01-14 17:05:34.602879,16,N/A
6585,2025-01-14 17:11:01.024997,23,N/A
6586,2025-01-14 17:11:03.398038,29,N/A
6587,2025-01-14 17:11:06.163588,32,N/A
6588,2025-01-14 17:11:08.732944,27,N/A
6589,2025-01-14 17:11:11.513892,33,N/A
6590,2025-01-14 17:11:13.295147,17,N/A
6591,2025-01-14 17:11:16.952537,33,N/A
6592,2025-01-14 17:11:18.772848,15,N/A
6593,2025-01-14 17:11:20.704505,22,N/A
6594,2025-01-14 17:11:23.070295,27,N/A
6595,2025-01-14 17:11:25.085501,20,N/A
6596,2025-01-14 17:11:26.789900,13,N/A
6597,2025-01-14 17:11:29.591409,36,N/A
6598,2025-01-14 17:11:32.233580,29,N/A
6599,2025-01-14 17:11:34.552982,30,N/A
6600,2025-01-14 17:11:36.028473,12,N/A
6601,2025-01-14 17:11:38.244277,24,N/A
6602,2025-01-14 17:11:40.211657,17,N/A
6603,2025-01-14 17:11:42.316131,19,N/A
6604,2025-01-14 17:27:05.633842,21,N/A
6605,2025-01-14 17:27:07.094895,11,N/A
6606,2025-01-14 17:27:09.022899,29,N/A
6607,2025-01-14 17:27:11.385101,29,N/A
6608,2025-01-14 17:27:14.427877,29,N/A
6609,2025-01-14 17:27:17.618026,37,N/A
6610,2025-01-14 17:27:18.922739,21,N/A
6611,2025-01-14 17:27:22.300927,40,N/A
6612,2025-01-14 17:27:24.431209,22,N/A
6613,2025-01-14 17:27:26.174888,25,N/A
6614,2025-01-14 17:27:28.735668,29,N/A
6615,2025-01-14 17:27:30.248485,16,N/A
6616,2025-01-14 17:27:31.762332,16,N/A
6617,2025-01-14 17:27:34.036596,24,N/A
6618,2025-01-14 17:27:36.013889,20,N/A
6619,2025-01-14 17:27:37.376650,14,N/A
6620,2025-01-14 17:27:40.217809,35,N/A
6621,2025-01-14 17:27:42.117461,18,N/A
6622,2025-01-14 17:27:43.265531,14,N/A
6623,2025-01-14 17:43:11.016699,35,N/A
6624,2025-01-14 17:43:13.819910,30,N/A
6625,2025-01-14 17:43:15.752409,18,N/A
6626,2025-01-14 17:43:17.727097,23,N/A
6627,2025-01-14 17:43:19.418586,17,N/A
6628,2025-01-14 17:43:22.257383,31,N/A
6629,2025-01-14 17:43:24.542473,27,N/A
6630,2025-01-14 17:43:27.417166,37,N/A
6631,2025-01-14 17:43:28.909888,12,N/A
6632,2025-01-14 17:43:31.511401,28,N/A
6633,2025-01-14 17:43:32.808642,25,N/A
6634,2025-01-14 17:43:36.086793,31,N/A
6635,2025-01-14 17:43:38.095321,24,N/A
6636,2025-01-14 17:43:40.335772,26,N/A
6637,2025-01-14 17:43:41.928662,11,N/A
6638,2025-01-14 17:43:43.955504,21,N/A
6639,2025-01-14 17:43:45.478710,14,N/A
6640,2025-01-14 17:43:47.604147,27,N/A
6641,2025-01-14 17:43:50.438834,27,N/A
6642,2025-01-14 17:58:57.001644,30,N/A
6643,2025-01-14 17:58:59.161104,21,N/A
6644,2025-01-14 17:59:01.219423,17,N/A
6645,2025-01-14 17:59:03.498107,22,N/A
6646,2025-01-14 17:59:05.073336,14,N/A
6647,2025-01-14 17:59:07.123233,25,N/A
6648,2025-01-14 17:59:09.855667,30,N/A
6649,2025-01-14 17:59:11.864298,19,N/A
6650,2025-01-14 17:59:13.345646,13,N/A
6651,2025-01-14 17:59:15.484815,25,N/A
6652,2025-01-14 17:59:16.757381,9,N/A
6653,2025-01-14 17:59:18.851648,20,N/A
6654,2025-01-14 17:59:20.968818,23,N/A
6655,2025-01-14 17:59:22.897696,19,N/A
6656,2025-01-14 17:59:24.337114,11,N/A
6657,2025-01-14 17:59:26.600649,29,N/A
6658,2025-01-14 17:59:29.288801,30,N/A
6659,2025-01-14 17:59:30.719114,13,N/A
6660,2025-01-14 17:59:33.381915,27,N/A
6661,2025-01-14 17:59:35.294848,15,N/A
6662,2025-01-14 17:59:37.277906,18,N/A
6663,2025-01-14 17:59:38.820020,13,N/A
6664,2025-01-14 18:12:02.596704,13,N/A
6665,2025-01-14 18:12:04.332801,15,N/A
6666,2025-01-14 18:12:06.401992,22,N/A
6667,2025-01-14 18:12:08.245244,17,N/A
6668,2025-01-14 18:12:10.374759,23,N/A
6669,2025-01-14 18:12:11.882752,13,N/A
6670,2025-01-14 18:12:14.573152,37,N/A
6671,2025-01-14 18:12:16.116764,15,N/A
6672,2025-01-14 18:12:18.139567,26,N/A
6673,2025-01-14 18:12:19.950285,25,N/A
6674,2025-01-14 18:12:21.110430,9,N/A
6675,2025-01-14 18:12:23.027734,23,N/A
6676,2025-01-14 18:12:25.537511,29,N/A
6677,2025-01-14 18:12:27.179948,11,N/A
6678,2025-01-14 18:12:29.019231,24,N/A
6679,2025-01-14 18:12:30.348160,11,N/A
6680,2025-01-14 18:12:31.672350,14,N/A
6681,2025-01-14 18:12:34.313648,33,N/A
6682,2025-01-14 18:12:36.156064,20,N/A
6683,2025-01-14 18:12:38.930025,31,N/A
6684,2025-01-14 18:12:40.396528,16,N/A
6685,2025-01-14 18:12:41.949763,12,N/A
6686,2025-01-14 18:12:43.490783,12,N/A
6687,2025-01-14 18:28:12.113364,28,N/A
6688,2025-01-14 18:28:13.975527,20,N/A
6689,2025-01-14 18:28:15.569654,13,N/A
6690,2025-01-14 18:28:18.541804,33,N/A
6691,2025-01-14 18:28:20.989065,26,N/A
6692,2025-01-14 18:28:22.434816,12,N/A
6693,2025-01-14 18:28:24.409486,24,N/A
6694,2025-01-14 18:28:25.991308,13,N/A
6695,2025-01-14 18:28:28.046844,22,N/A
6696,2025-01-14 18:28:30.263196,22,N/A
6697,2025-01-14 18:28:32.272545,19,N/A
6698,2025-01-14 18:28:35.103188,31,N/A
6699,2025-01-14 18:28:36.927148,18,N/A
6700,2025-01-14 18:28:38.654613,17,N/A
6701,2025-01-14 18:28:40.977085,25,N/A
6702,2025-01-14 18:28:42.547818,15,N/A
6703,2025-01-14 18:28:44.914642,28,N/A
6704,2025-01-14 18:28:47.277580,26,N/A
6705,2025-01-14 18:28:50.012957,33,N/A
6706,2025-01-14 18:28:52.722909,32,N/A
6707,2025-01-14 18:44:19.696631,8,N/A
6708,2025-01-14 18:44:22.512915,30,N/A
6709,2025-01-14 18:44:23.887024,14,N/A
6710,2025-01-14 18:44:25.342353,15,N/A
6711,2025-01-14 18:44:27.065630,19,N/A
6712,2025-01-14 18:44:29.296123,25,N/A
6713,2025-01-14 18:44:31.165205,21,N/A
6714,2025-01-14 18:44:32.758693,17,N/A
6715,2025-01-14 18:44:34.485116,14,N/A
6716,2025-01-14 18:44:36.760540,23,N/A
6717,2025-01-14 18:44:38.446340,18,N/A
6718,2025-01-14 18:44:39.996273,13,N/A
6719,2025-01-14 18:44:41.506315,13,N/A
6720,2025-01-14 18:44:43.067907,14,N/A
6721,2025-01-14 18:44:44.236902,5,N/A
6722,2025-01-14 18:44:45.252434,4,N/A
6723,2025-01-14 18:44:48.057262,34,N/A
6724,2025-01-14 18:44:50.112992,20,N/A
6725,2025-01-14 18:44:52.268964,26,N/A
6726,2025-01-14 18:44:54.796928,29,N/A
6727,2025-01-14 18:44:56.605848,20,N/A
6728,2025-01-14 18:44:58.353476,17,N/A
6729,2025-01-14 19:00:27.183077,31,N/A
6730,2025-01-14 19:00:29.152112,21,N/A
6731,2025-01-14 19:00:31.078843,19,N/A
6732,2025-01-14 19:00:32.743935,14,N/A
6733,2025-01-14 19:00:35.613465,33,N/A
6734,2025-01-14 19:00:36.720674,7,N/A
6735,2025-01-14 19:00:38.503137,19,N/A
6736,2025-01-14 19:00:41.776223,44,N/A
6737,2025-01-14 19:00:44.626855,34,N/A
6738,2025-01-14 19:00:46.750064,21,N/A
6739,2025-01-14 19:00:48.726491,21,N/A
6740,2025-01-14 19:00:50.886271,25,N/A
6741,2025-01-14 19:00:52.052892,9,N/A
6742,2025-01-14 19:00:53.836806,17,N/A
6743,2025-01-14 19:00:55.487135,16,N/A
6744,2025-01-14 19:00:57.167430,20,N/A
6745,2025-01-14 19:00:58.846409,16,N/A
6746,2025-01-14 19:01:00.633317,14,N/A
6747,2025-01-14 19:01:02.952932,25,N/A
6748,2025-01-14 19:01:04.614476,18,N/A
6749,2025-01-14 19:01:06.709567,23,N/A
6750,2025-01-14 19:01:08.343291,18,N/A
6751,2025-01-14 19:13:02.820937,26,N/A
6752,2025-01-14 19:13:04.654168,18,N/A
6753,2025-01-14 19:13:05.994344,17,N/A
6754,2025-01-14 19:13:07.622626,19,N/A
6755,2025-01-14 19:13:09.190300,14,N/A
6756,2025-01-14 19:13:10.698871,13,N/A
6757,2025-01-14 19:13:13.184641,25,N/A
6758,2025-01-14 19:13:15.847133,27,N/A
6759,2025-01-14 19:13:17.764964,21,N/A
6760,2025-01-14 19:13:19.713533,20,N/A
6761,2025-01-14 19:13:21.587645,24,N/A
6762,2025-01-14 19:13:23.606093,21,N/A
6763,2025-01-14 19:13:26.425442,29,N/A
6764,2025-01-14 19:13:28.832773,28,N/A
6765,2025-01-14 19:13:30.614543,18,N/A
6766,2025-01-14 19:13:32.113398,13,N/A
6767,2025-01-14 19:13:33.672263,13,N/A
6768,2025-01-14 19:13:35.500426,15,N/A
6769,2025-01-14 19:13:37.966928,26,N/A
6770,2025-01-14 19:13:39.861685,17,N/A
6771,2025-01-14 19:13:41.073236,8,N/A
6772,2025-01-14 19:28:46.143046,21,N/A
6773,2025-01-14 19:28:48.790643,33,N/A
6774,2025-01-14 19:28:50.457880,18,N/A
6775,2025-01-14 19:28:52.399762,18,N/A
6776,2025-01-14 19:28:54.323993,21,N/A
6777,2025-01-14 19:28:55.773341,12,N/A
6778,2025-01-14 19:28:57.948720,24,N/A
6779,2025-01-14 19:28:59.944113,18,N/A
6780,2025-01-14 19:29:01.885054,20,N/A
6781,2025-01-14 19:29:03.862649,18,N/A
6782,2025-01-14 19:29:06.896322,39,N/A
6783,2025-01-14 19:29:09.363941,28,N/A
6784,2025-01-14 19:29:12.024705,31,N/A
6785,2025-01-14 19:29:14.075877,21,N/A
6786,2025-01-14 19:29:16.603490,24,N/A
6787,2025-01-14 19:29:18.283112,16,N/A
6788,2025-01-14 19:29:19.753543,17,N/A
6789,2025-01-14 19:29:21.569199,18,N/A
6790,2025-01-14 19:29:23.388117,19,N/A
6791,2025-01-14 19:29:25.068279,17,N/A
6792,2025-01-14 19:29:26.840155,20,N/A
6793,2025-01-14 19:44:54.341867,21,N/A
6794,2025-01-14 19:44:55.011922,19,N/A
6795,2025-01-14 19:44:55.843722,28,N/A
6796,2025-01-14 19:44:56.585732,25,N/A
6797,2025-01-14 19:44:57.234835,20,N/A
6798,2025-01-14 19:44:57.780595,15,N/A
6799,2025-01-14 19:44:58.391220,19,N/A
6800,2025-01-14 19:44:59.115447,23,N/A
6801,2025-01-14 19:45:00.206667,19,N/A
6802,2025-01-14 19:45:02.632630,26,N/A
6803,2025-01-14 19:45:04.189967,30,N/A
6804,2025-01-14 19:45:06.488627,27,N/A
6805,2025-01-14 19:45:08.514193,22,N/A
6806,2025-01-14 19:45:10.356882,21,N/A
6807,2025-01-14 19:45:12.780514,25,N/A
6808,2025-01-14 19:45:16.877872,41,N/A
6809,2025-01-14 19:45:19.775332,34,N/A
6810,2025-01-14 19:45:21.348793,12,N/A
6811,2025-01-14 19:45:23.190451,24,N/A
6812,2025-01-14 19:45:25.520167,25,N/A
6813,2025-01-14 19:45:27.716999,26,N/A
6814,2025-01-14 19:45:29.406909,20,N/A
6815,2025-01-14 19:45:31.443452,21,N/A
6816,2025-01-14 19:45:33.007392,14,N/A
6817,2025-01-14 19:45:34.890544,21,N/A
6818,2025-01-14 19:45:35.944749,6,N/A
6819,2025-01-14 20:01:04.163224,24,N/A
6820,2025-01-14 20:01:06.345851,30,N/A
6821,2025-01-14 20:01:08.213815,26,N/A
6822,2025-01-14 20:01:09.967815,15,N/A
6823,2025-01-14 20:01:12.864365,28,N/A
6824,2025-01-14 20:01:14.857590,20,N/A
6825,2025-01-14 20:01:16.338400,16,N/A
6826,2025-01-14 20:01:18.435448,25,N/A
6827,2025-01-14 20:01:20.405324,19,N/A
6828,2025-01-14 20:01:22.506651,22,N/A
6829,2025-01-14 20:01:25.125712,32,N/A
6830,2025-01-14 20:01:27.649020,26,N/A
6831,2025-01-14 20:01:29.559652,23,N/A
6832,2025-01-14 20:01:32.212360,27,N/A
6833,2025-01-14 20:01:34.487748,29,N/A
6834,2025-01-14 20:01:36.590282,23,N/A
6835,2025-01-14 20:01:38.665839,19,N/A
6836,2025-01-14 20:01:39.918937,8,N/A
6837,2025-01-14 20:01:41.454193,12,N/A
6838,2025-01-14 20:01:43.535500,23,N/A
6839,2025-01-14 20:14:02.450574,31,N/A
6840,2025-01-14 20:14:04.099370,19,N/A
6841,2025-01-14 20:14:05.443744,21,N/A
6842,2025-01-14 20:14:08.212122,40,N/A
6843,2025-01-14 20:14:10.440689,26,N/A
6844,2025-01-14 20:14:12.520749,21,N/A
6845,2025-01-14 20:14:14.380420,15,N/A
6846,2025-01-14 20:14:15.941797,24,N/A
6847,2025-01-14 20:14:17.294388,15,N/A
6848,2025-01-14 20:14:18.751303,11,N/A
6849,2025-01-14 20:14:20.278163,17,N/A
6850,2025-01-14 20:14:22.728094,28,N/A
6851,2025-01-14 20:14:24.352765,16,N/A
6852,2025-01-14 20:14:26.727666,33,N/A
6853,2025-01-14 20:14:29.335948,26,N/A
6854,2025-01-14 20:14:30.904810,10,N/A
6855,2025-01-14 20:14:32.879557,19,N/A
6856,2025-01-14 20:14:35.426587,29,N/A
6857,2025-01-14 20:14:36.938760,13,N/A
6858,2025-01-14 20:14:38.647954,13,N/A
6859,2025-01-14 20:14:40.994456,29,N/A
6860,2025-01-14 20:30:09.054986,21,N/A
6861,2025-01-14 20:30:09.948107,28,N/A
6862,2025-01-14 20:30:10.519172,16,N/A
6863,2025-01-14 20:30:11.407559,28,N/A
6864,2025-01-14 20:30:12.067392,14,N/A
6865,2025-01-14 20:30:12.506913,3,N/A
6866,2025-01-14 20:30:14.071065,22,N/A
6867,2025-01-14 20:30:15.072887,13,N/A
6868,2025-01-14 20:30:17.482827,29,N/A
6869,2025-01-14 20:30:19.491376,21,N/A
6870,2025-01-14 20:30:22.779410,32,N/A
6871,2025-01-14 20:30:24.804173,20,N/A
6872,2025-01-14 20:30:26.598311,18,N/A
6873,2025-01-14 20:30:29.039176,27,N/A
6874,2025-01-14 20:30:30.504123,13,N/A
6875,2025-01-14 20:30:32.192420,18,N/A
6876,2025-01-14 20:30:33.837707,17,N/A
6877,2025-01-14 20:30:35.800659,20,N/A
6878,2025-01-14 20:30:38.875926,34,N/A
6879,2025-01-14 20:30:42.202389,35,N/A
6880,2025-01-14 20:30:43.539451,8,N/A
6881,2025-01-14 20:30:46.362430,30,N/A
6882,2025-01-14 20:30:48.271988,20,N/A
6883,2025-01-14 20:30:50.521267,25,N/A
6884,2025-01-14 20:46:06.033553,9,N/A
6885,2025-01-14 20:46:07.209813,29,N/A
6886,2025-01-14 20:46:08.037753,9,N/A
6887,2025-01-14 20:46:10.223509,34,N/A
6888,2025-01-14 20:46:11.653923,13,N/A
6889,2025-01-14 20:46:14.151582,27,N/A
6890,2025-01-14 20:46:16.351226,23,N/A
6891,2025-01-14 20:46:17.817706,12,N/A
6892,2025-01-14 20:46:19.435989,14,N/A
6893,2025-01-14 20:46:22.607214,33,N/A
6894,2025-01-14 20:46:29.769099,27,N/A
6895,2025-01-14 20:46:31.755549,23,N/A
6896,2025-01-14 20:46:34.070197,28,N/A
6897,2025-01-14 20:46:36.107155,21,N/A
6898,2025-01-14 20:46:38.446467,27,N/A
6899,2025-01-14 20:46:41.084912,24,N/A
6900,2025-01-14 20:46:43.068397,21,N/A
6901,2025-01-14 20:46:44.376015,7,N/A
6902,2025-01-14 20:46:46.164948,15,N/A
6903,2025-01-14 20:46:48.594285,25,N/A
6904,2025-01-14 21:02:16.516086,22,N/A
6905,2025-01-14 21:02:18.605632,21,N/A
6906,2025-01-14 21:02:20.241203,13,N/A
6907,2025-01-14 21:02:21.969729,15,N/A
6908,2025-01-14 21:02:23.204913,8,N/A
6909,2025-01-14 21:02:25.380179,21,N/A
6910,2025-01-14 21:02:27.599237,22,N/A
6911,2025-01-14 21:02:29.802856,21,N/A
6912,2025-01-14 21:02:31.424070,15,N/A
6913,2025-01-14 21:02:32.488833,5,N/A
6914,2025-01-14 21:02:33.948283,14,N/A
6915,2025-01-14 21:02:35.976972,23,N/A
6916,2025-01-14 21:02:38.625731,36,N/A
6917,2025-01-14 21:02:40.281801,15,N/A
6918,2025-01-14 21:02:42.727031,28,N/A
6919,2025-01-14 21:02:44.940817,21,N/A
6920,2025-01-14 21:02:47.093710,22,N/A
6921,2025-01-14 21:02:49.700895,33,N/A
6922,2025-01-14 21:02:51.704654,21,N/A
6923,2025-01-14 21:02:53.345909,19,N/A
6924,2025-01-14 21:02:55.122036,14,N/A
6925,2025-01-14 21:15:01.401157,24,N/A
6926,2025-01-14 21:15:03.284087,20,N/A
6927,2025-01-14 21:15:04.987646,25,N/A
6928,2025-01-14 21:15:06.661437,17,N/A
6929,2025-01-14 21:15:09.882905,39,N/A
6930,2025-01-14 21:15:12.986574,29,N/A
6931,2025-01-14 21:15:15.505562,31,N/A
6932,2025-01-14 21:15:16.985583,20,N/A
6933,2025-01-14 21:15:19.207226,25,N/A
6934,2025-01-14 21:15:20.340682,6,N/A
6935,2025-01-14 21:15:22.351396,23,N/A
6936,2025-01-14 21:15:24.947022,31,N/A
6937,2025-01-14 21:15:27.030063,24,N/A
6938,2025-01-14 21:15:29.443874,29,N/A
6939,2025-01-14 21:15:31.475390,22,N/A
6940,2025-01-14 21:15:33.907975,29,N/A
6941,2025-01-14 21:15:34.864605,2,N/A
6942,2025-01-14 21:15:36.770404,21,N/A
6943,2025-01-14 21:15:38.091294,11,N/A
6944,2025-01-14 21:15:40.171631,27,N/A
6945,2025-01-14 21:15:41.527906,10,N/A
6946,2025-01-14 21:31:09.897036,28,N/A
6947,2025-01-14 21:31:11.404507,14,N/A
6948,2025-01-14 21:31:14.100112,36,N/A
6949,2025-01-14 21:31:15.642527,13,N/A
6950,2025-01-14 21:31:17.892308,25,N/A
6951,2025-01-14 21:31:20.537881,31,N/A
6952,2025-01-14 21:31:23.552296,31,N/A
6953,2025-01-14 21:31:26.085940,29,N/A
6954,2025-01-14 21:31:28.441684,24,N/A
6955,2025-01-14 21:31:30.048261,17,N/A
6956,2025-01-14 21:46:56.925812,20,N/A
6957,2025-01-14 21:46:59.586623,29,N/A
6958,2025-01-14 21:47:01.599262,25,N/A
6959,2025-01-14 21:47:04.449666,33,N/A
6960,2025-01-14 21:47:06.139894,16,N/A
6961,2025-01-14 21:47:07.970894,18,N/A
6962,2025-01-14 21:47:10.944353,36,N/A
6963,2025-01-14 21:47:13.317047,25,N/A
6964,2025-01-14 21:47:15.256490,19,N/A
6965,2025-01-14 21:47:16.734524,16,N/A
6966,2025-01-14 21:47:18.478382,16,N/A
6967,2025-01-14 21:47:21.403386,30,N/A
6968,2025-01-14 21:47:23.960513,31,N/A
6969,2025-01-14 21:47:26.301013,24,N/A
6970,2025-01-14 21:47:28.542754,25,N/A
6971,2025-01-14 21:47:30.704188,22,N/A
6972,2025-01-14 21:47:33.466501,30,N/A
6973,2025-01-14 21:47:36.331512,33,N/A
6974,2025-01-14 21:47:37.777126,9,N/A
6975,2025-01-14 22:03:05.153510,20,N/A
6976,2025-01-14 22:03:05.579140,20,N/A
6977,2025-01-14 22:03:06.187113,29,N/A
6978,2025-01-14 22:03:08.095129,19,N/A
6979,2025-01-14 22:03:10.134566,23,N/A
6980,2025-01-14 22:03:11.782321,21,N/A
6981,2025-01-14 22:03:13.508143,16,N/A
6982,2025-01-14 22:03:15.452570,18,N/A
6983,2025-01-14 22:03:17.680365,25,N/A
6984,2025-01-14 22:03:18.996909,7,N/A
6985,2025-01-14 22:03:20.915099,19,N/A
6986,2025-01-14 22:03:22.808219,17,N/A
6987,2025-01-14 22:03:24.626588,18,N/A
6988,2025-01-14 22:03:26.415828,16,N/A
6989,2025-01-14 22:03:28.654644,33,N/A
6990,2025-01-14 22:03:31.014548,26,N/A
6991,2025-01-14 22:03:32.426865,9,N/A
6992,2025-01-14 22:03:34.283266,22,N/A
6993,2025-01-14 22:03:36.812793,29,N/A
6994,2025-01-14 22:03:38.761277,17,N/A
6995,2025-01-14 22:03:40.808004,21,N/A
6996,2025-01-14 22:03:42.880645,19,N/A
6997,2025-01-14 22:03:45.016968,26,N/A
6998,2025-01-14 22:03:49.437469,39,N/A
6999,2025-01-14 22:03:52.234019,33,N/A
7000,2025-01-14 22:03:54.155072,16,N/A
7001,2025-01-14 22:16:01.500065,20,N/A
7002,2025-01-14 22:16:02.902992,10,N/A
7003,2025-01-14 22:16:04.662497,19,N/A
7004,2025-01-14 22:16:05.866658,14,N/A
7005,2025-01-14 22:16:07.749105,22,N/A
7006,2025-01-14 22:16:10.218413,29,N/A
7007,2025-01-14 22:16:12.776113,31,N/A
7008,2025-01-14 22:16:14.667294,12,N/A
7009,2025-01-14 22:16:16.697580,30,N/A
7010,2025-01-14 22:16:18.660501,22,N/A
7011,2025-01-14 22:16:20.685337,23,N/A
7012,2025-01-14 22:16:22.048576,11,N/A
7013,2025-01-14 22:16:24.276475,26,N/A
7014,2025-01-14 22:16:26.117786,22,N/A
7015,2025-01-14 22:16:28.257845,24,N/A
7016,2025-01-14 22:16:29.814224,15,N/A
7017,2025-01-14 22:16:31.794941,19,N/A
7018,2025-01-14 22:16:33.411531,14,N/A
7019,2025-01-14 22:16:36.375694,34,N/A
7020,2025-01-14 22:16:38.081144,18,N/A
7021,2025-01-14 22:16:40.650682,31,N/A
7022,2025-01-14 22:32:08.901477,28,N/A
7023,2025-01-14 22:32:11.779016,30,N/A
7024,2025-01-14 22:32:13.395233,14,N/A
7025,2025-01-14 22:32:15.669907,23,N/A
7026,2025-01-14 22:32:17.551750,18,N/A
7027,2025-01-14 22:32:19.969101,23,N/A
7028,2025-01-14 22:32:21.245133,11,N/A
7029,2025-01-14 22:32:23.221056,19,N/A
7030,2025-01-14 22:32:24.363473,6,N/A
7031,2025-01-14 22:32:26.092630,18,N/A
7032,2025-01-14 22:32:28.280711,22,N/A
7033,2025-01-14 22:32:30.385888,23,N/A
7034,2025-01-14 22:32:31.920875,14,N/A
7035,2025-01-14 22:32:34.598095,28,N/A
7036,2025-01-14 22:32:36.848185,23,N/A
7037,2025-01-14 22:32:38.753100,25,N/A
7038,2025-01-14 22:32:41.123244,23,N/A
7039,2025-01-14 22:32:43.467879,22,N/A
7040,2025-01-14 22:32:45.975450,21,N/A
7041,2025-01-14 22:32:48.711290,29,N/A
7042,2025-01-14 22:48:17.121598,26,N/A
7043,2025-01-14 22:48:19.661435,25,N/A
7044,2025-01-14 22:48:22.047090,24,N/A
7045,2025-01-14 22:48:24.241283,20,N/A
7046,2025-01-14 22:48:25.988493,17,N/A
7047,2025-01-14 22:48:26.896618,1,N/A
7048,2025-01-14 22:48:29.832166,33,N/A
7049,2025-01-14 22:48:31.554480,15,N/A
7050,2025-01-14 22:48:33.333363,19,N/A
7051,2025-01-14 22:48:34.984767,13,N/A
7052,2025-01-14 22:48:36.617328,12,N/A
7053,2025-01-14 22:48:38.646835,22,N/A
7054,2025-01-14 22:48:40.814350,21,N/A
7055,2025-01-14 22:48:42.586739,15,N/A
7056,2025-01-14 22:48:44.229764,30,N/A
7057,2025-01-14 22:48:46.550056,26,N/A
7058,2025-01-14 22:48:48.748318,18,N/A
7059,2025-01-14 22:48:51.633511,27,N/A
7060,2025-01-14 22:48:53.640946,22,N/A
7061,2025-01-14 22:48:55.160912,12,N/A
7062,2025-01-14 22:48:58.026350,30,N/A
7063,2025-01-14 22:49:07.474191,10,N/A
7064,2025-01-14 22:49:09.435628,21,N/A
7065,2025-01-14 22:49:11.970146,35,N/A
7066,2025-01-14 22:49:15.175013,29,N/A
7067,2025-01-14 22:49:16.442105,12,N/A
7068,2025-01-14 22:49:18.678115,28,N/A
7069,2025-01-14 22:49:20.282107,15,N/A
7070,2025-01-14 23:04:45.013011,25,N/A
7071,2025-01-14 23:04:48.043683,38,N/A
7072,2025-01-14 23:04:49.595310,16,N/A
7073,2025-01-14 23:04:51.939164,23,N/A
7074,2025-01-14 23:04:54.131489,24,N/A
7075,2025-01-14 23:04:56.117570,17,N/A
7076,2025-01-14 23:04:57.883870,18,N/A
7077,2025-01-14 23:05:00.606196,34,N/A
7078,2025-01-14 23:05:04.440936,47,N/A
7079,2025-01-14 23:05:05.803167,11,N/A
7080,2025-01-14 23:05:07.600139,16,N/A
7081,2025-01-14 23:05:09.717689,18,N/A
7082,2025-01-14 23:05:11.594340,16,N/A
7083,2025-01-14 23:05:14.737621,42,N/A
7084,2025-01-14 23:05:15.624382,3,N/A
7085,2025-01-14 23:05:17.166896,13,N/A
7086,2025-01-14 23:05:20.924969,42,N/A
7087,2025-01-14 23:05:23.247896,26,N/A
7088,2025-01-14 23:05:24.859711,16,N/A
7089,2025-01-14 23:05:26.547642,17,N/A
7090,2025-01-14 23:17:03.371382,23,N/A
7091,2025-01-14 23:17:05.274410,28,N/A
7092,2025-01-14 23:17:07.760820,29,N/A
7093,2025-01-14 23:17:10.308776,30,N/A
7094,2025-01-14 23:17:12.923488,30,N/A
7095,2025-01-14 23:17:14.941441,13,N/A
7096,2025-01-14 23:17:16.675006,26,N/A
7097,2025-01-14 23:17:18.346840,23,N/A
7098,2025-01-14 23:17:20.836855,29,N/A
7099,2025-01-14 23:17:22.963393,25,N/A
7100,2025-01-14 23:17:25.153188,25,N/A
7101,2025-01-14 23:17:26.169277,13,N/A
7102,2025-01-14 23:17:27.364972,32,N/A
7103,2025-01-14 23:17:28.572626,13,N/A
7104,2025-01-14 23:17:30.555960,18,N/A
7105,2025-01-14 23:17:32.092906,16,N/A
7106,2025-01-14 23:17:34.805493,37,N/A
7107,2025-01-14 23:17:38.280027,39,N/A
7108,2025-01-14 23:17:39.604384,9,N/A
7109,2025-01-14 23:17:41.888819,24,N/A
7110,2025-01-14 23:33:03.567853,19,N/A
7111,2025-01-14 23:33:05.567200,19,N/A
7112,2025-01-14 23:33:08.236221,27,N/A
7113,2025-01-14 23:33:10.127515,13,N/A
7114,2025-01-14 23:33:11.989009,20,N/A
7115,2025-01-14 23:33:13.643911,15,N/A
7116,2025-01-14 23:33:16.181326,29,N/A
7117,2025-01-14 23:33:18.549393,32,N/A
7118,2025-01-14 23:33:20.332308,18,N/A
7119,2025-01-14 23:33:23.376354,36,N/A
7120,2025-01-14 23:33:26.525937,36,N/A
7121,2025-01-14 23:33:28.357512,17,N/A
7122,2025-01-14 23:33:30.800355,22,N/A
7123,2025-01-14 23:33:33.021656,24,N/A
7124,2025-01-14 23:33:34.714842,14,N/A
7125,2025-01-14 23:33:36.578205,14,N/A
7126,2025-01-14 23:33:38.641468,18,N/A
7127,2025-01-14 23:33:40.617543,18,N/A
7128,2025-01-14 23:33:42.339061,15,N/A
7129,2025-01-14 23:49:11.345709,30,N/A
7130,2025-01-14 23:49:12.957117,19,N/A
7131,2025-01-14 23:49:15.772348,35,N/A
7132,2025-01-14 23:49:17.347343,12,N/A
7133,2025-01-14 23:49:20.225636,42,N/A
7134,2025-01-14 23:49:22.696769,27,N/A
7135,2025-01-14 23:49:25.096099,33,N/A
7136,2025-01-14 23:49:27.256581,26,N/A
7137,2025-01-14 23:49:29.499422,28,N/A
7138,2025-01-14 23:49:31.761783,26,N/A
7139,2025-01-14 23:49:34.072375,27,N/A
7140,2025-01-14 23:49:36.514412,31,N/A
7141,2025-01-14 23:49:37.859930,13,N/A
7142,2025-01-14 23:49:40.543553,31,N/A
7143,2025-01-14 23:49:42.047236,17,N/A
7144,2025-01-14 23:49:44.357787,27,N/A
7145,2025-01-14 23:49:46.156217,16,N/A
7146,2025-01-14 23:49:48.073090,25,N/A
7147,2025-01-14 23:49:50.753179,31,N/A
7148,2025-01-15 00:05:18.726235,31,N/A
7149,2025-01-15 00:05:19.234374,28,N/A
7150,2025-01-15 00:05:20.383379,17,N/A
7151,2025-01-15 00:05:22.093994,15,N/A
7152,2025-01-15 00:05:24.179074,18,N/A
7153,2025-01-15 00:05:25.442090,8,N/A
7154,2025-01-15 00:05:27.590986,20,N/A
7155,2025-01-15 00:05:29.053389,15,N/A
7156,2025-01-15 00:05:30.352418,12,N/A
7157,2025-01-15 00:05:32.157701,18,N/A
7158,2025-01-15 00:05:34.746281,27,N/A
7159,2025-01-15 00:05:37.796183,37,N/A
7160,2025-01-15 00:05:39.652343,16,N/A
7161,2025-01-15 00:05:41.754264,23,N/A
7162,2025-01-15 00:05:44.490725,26,N/A
7163,2025-01-15 00:05:47.066598,34,N/A
7164,2025-01-15 00:05:49.311771,25,N/A
7165,2025-01-15 00:05:51.087732,17,N/A
7166,2025-01-15 00:05:53.697470,33,N/A
7167,2025-01-15 00:05:56.230836,25,N/A
7168,2025-01-15 00:05:58.185870,21,N/A
7169,2025-01-15 00:05:59.600036,10,N/A
7170,2025-01-15 00:18:02.220610,39,N/A
7171,2025-01-15 00:18:04.056083,17,N/A
7172,2025-01-15 00:18:06.025834,30,N/A
7173,2025-01-15 00:18:07.675920,19,N/A
7174,2025-01-15 00:18:09.221988,13,N/A
7175,2025-01-15 00:18:12.336149,36,N/A
7176,2025-01-15 00:18:14.850315,24,N/A
7177,2025-01-15 00:18:16.735927,28,N/A
7178,2025-01-15 00:18:18.693675,28,N/A
7179,2025-01-15 00:18:21.107557,28,N/A
7180,2025-01-15 00:18:23.474076,30,N/A
7181,2025-01-15 00:18:26.664156,43,N/A
7182,2025-01-15 00:18:28.102352,16,N/A
7183,2025-01-15 00:18:30.879654,33,N/A
7184,2025-01-15 00:18:33.254692,32,N/A
7185,2025-01-15 00:18:35.359945,25,N/A
7186,2025-01-15 00:18:38.178509,30,N/A
7187,2025-01-15 00:18:40.983878,33,N/A
7188,2025-01-15 00:18:42.782472,18,N/A
7189,2025-01-15 00:29:39.741955,16,N/A
7190,2025-01-15 00:29:41.768406,22,N/A
7191,2025-01-15 00:29:43.694831,17,N/A
7192,2025-01-15 00:29:45.278138,14,N/A
7193,2025-01-15 00:29:47.054236,17,N/A
7194,2025-01-15 00:29:49.857095,32,N/A
7195,2025-01-15 00:29:51.602543,17,N/A
7196,2025-01-15 00:29:53.057847,13,N/A
7197,2025-01-15 00:29:54.971607,17,N/A
7198,2025-01-15 00:29:57.677444,34,N/A
7199,2025-01-15 00:30:00.564009,31,N/A
7200,2025-01-15 00:30:03.025020,24,N/A
7201,2025-01-15 00:30:04.936813,16,N/A
7202,2025-01-15 00:30:07.584878,30,N/A
7203,2025-01-15 00:30:10.380580,35,N/A
7204,2025-01-15 00:30:12.437502,19,N/A
7205,2025-01-15 00:30:14.059656,15,N/A
7206,2025-01-15 00:30:16.208711,23,N/A
7207,2025-01-15 00:30:18.327278,20,N/A
7208,2025-01-15 00:30:20.110863,15,N/A
7209,2025-01-15 00:45:48.152574,27,N/A
7210,2025-01-15 00:45:50.606346,27,N/A
7211,2025-01-15 00:45:54.221288,40,N/A
7212,2025-01-15 00:45:56.411262,21,N/A
7213,2025-01-15 00:45:57.920795,12,N/A
7214,2025-01-15 00:46:00.219726,27,N/A
7215,2025-01-15 00:46:02.127628,19,N/A
7216,2025-01-15 00:46:03.573485,12,N/A
7217,2025-01-15 00:46:05.784667,25,N/A
7218,2025-01-15 00:46:07.437814,15,N/A
7219,2025-01-15 00:46:09.252725,18,N/A
7220,2025-01-15 01:01:35.704270,23,N/A
7221,2025-01-15 01:01:36.085188,28,N/A
7222,2025-01-15 01:01:36.276962,10,N/A
7223,2025-01-15 01:01:37.499149,6,N/A
7224,2025-01-15 01:01:39.802604,28,N/A
7225,2025-01-15 01:01:41.804700,19,N/A
7226,2025-01-15 01:01:44.579461,35,N/A
7227,2025-01-15 01:01:47.708427,36,N/A
7228,2025-01-15 01:01:49.287803,13,N/A
7229,2025-01-15 01:01:51.091155,19,N/A
7230,2025-01-15 01:01:53.530698,24,N/A
7231,2025-01-15 01:01:55.697933,22,N/A
7232,2025-01-15 01:01:58.049553,31,N/A
7233,2025-01-15 01:02:00.707331,29,N/A
7234,2025-01-15 01:02:02.358557,13,N/A
7235,2025-01-15 01:02:03.570801,10,N/A
7236,2025-01-15 01:02:06.001892,32,N/A
7237,2025-01-15 01:02:07.547175,13,N/A
7238,2025-01-15 01:02:09.778704,27,N/A
7239,2025-01-15 01:02:12.765947,29,N/A
7240,2025-01-15 01:02:14.666734,16,N/A
7241,2025-01-15 01:02:17.168128,28,N/A
7242,2025-01-15 01:17:44.786172,14,N/A
7243,2025-01-15 01:17:46.182106,11,N/A
7244,2025-01-15 01:17:47.655496,18,N/A
7245,2025-01-15 01:17:49.742618,26,N/A
7246,2025-01-15 01:17:52.367076,24,N/A
7247,2025-01-15 01:17:56.066349,35,N/A
7248,2025-01-15 01:17:58.042283,26,N/A
7249,2025-01-15 01:17:59.761942,20,N/A
7250,2025-01-15 01:18:01.380306,13,N/A
7251,2025-01-15 01:18:03.427957,19,N/A
7252,2025-01-15 01:18:05.589079,24,N/A
7253,2025-01-15 01:18:07.598807,28,N/A
7254,2025-01-15 01:18:09.582776,22,N/A
7255,2025-01-15 01:18:11.596362,20,N/A
7256,2025-01-15 01:18:13.922334,23,N/A
7257,2025-01-15 01:18:15.410647,13,N/A
7258,2025-01-15 01:18:17.795848,27,N/A
7259,2025-01-15 01:18:19.541871,19,N/A
7260,2025-01-15 01:18:22.571337,33,N/A
7261,2025-01-15 01:18:24.647937,23,N/A
7262,2025-01-15 01:33:47.489645,23,N/A
7263,2025-01-15 01:33:49.299821,18,N/A
7264,2025-01-15 01:33:50.791966,12,N/A
7265,2025-01-15 01:33:53.608261,30,N/A
7266,2025-01-15 01:33:55.629160,17,N/A
7267,2025-01-15 01:33:57.705356,22,N/A
7268,2025-01-15 01:33:59.361540,13,N/A
7269,2025-01-15 01:34:01.372886,20,N/A
7270,2025-01-15 01:34:04.218969,32,N/A
7271,2025-01-15 01:34:06.360360,19,N/A
7272,2025-01-15 01:34:08.476046,22,N/A
7273,2025-01-15 01:34:10.395409,13,N/A
7274,2025-01-15 01:34:12.859091,26,N/A
7275,2025-01-15 01:34:15.363832,28,N/A
7276,2025-01-15 01:34:17.148820,15,N/A
7277,2025-01-15 01:34:19.077993,20,N/A
7278,2025-01-15 01:34:21.909600,32,N/A
7279,2025-01-15 01:34:24.724554,31,N/A
7280,2025-01-15 01:34:26.778280,19,N/A
7281,2025-01-15 01:34:29.520468,28,N/A
7282,2025-01-15 01:50:01.663712,7,N/A
7283,2025-01-15 01:50:03.332282,13,N/A
7284,2025-01-15 01:50:05.310337,20,N/A
7285,2025-01-15 01:50:08.155239,30,N/A
7286,2025-01-15 01:50:09.985642,16,N/A
7287,2025-01-15 01:50:12.806870,28,N/A
7288,2025-01-15 01:50:14.459156,13,N/A
7289,2025-01-15 01:50:16.595104,22,N/A
7290,2025-01-15 01:50:19.921098,34,N/A
7291,2025-01-15 01:50:22.733426,30,N/A
7292,2025-01-15 01:50:25.446536,32,N/A
7293,2025-01-15 01:50:28.193916,26,N/A
7294,2025-01-15 01:50:30.603217,25,N/A
7295,2025-01-15 01:50:32.490137,18,N/A
7296,2025-01-15 01:50:35.002873,30,N/A
7297,2025-01-15 01:50:37.936582,29,N/A
7298,2025-01-15 02:06:06.000474,23,N/A
7299,2025-01-15 02:06:07.844666,19,N/A
7300,2025-01-15 02:06:10.612621,30,N/A
7301,2025-01-15 02:06:12.376462,15,N/A
7302,2025-01-15 02:06:14.107180,16,N/A
7303,2025-01-15 02:06:16.456889,26,N/A
7304,2025-01-15 02:06:18.251221,19,N/A
7305,2025-01-15 02:06:19.876035,12,N/A
7306,2025-01-15 02:06:21.396168,12,N/A
7307,2025-01-15 02:06:23.906022,29,N/A
7308,2025-01-15 02:06:25.723468,20,N/A
7309,2025-01-15 02:06:28.086764,27,N/A
7310,2025-01-15 02:06:29.680603,14,N/A
7311,2025-01-15 02:06:31.397406,13,N/A
7312,2025-01-15 02:06:33.906804,26,N/A
7313,2025-01-15 02:06:36.862596,32,N/A
7314,2025-01-15 02:06:38.387829,13,N/A
7315,2025-01-15 02:06:40.768290,29,N/A
7316,2025-01-15 02:06:42.483452,13,N/A
7317,2025-01-15 02:06:44.820929,25,N/A
7318,2025-01-15 02:22:12.302699,23,N/A
7319,2025-01-15 02:22:13.964508,31,N/A
7320,2025-01-15 02:22:16.577608,27,N/A
7321,2025-01-15 02:22:19.027797,27,N/A
7322,2025-01-15 02:22:21.048331,18,N/A
7323,2025-01-15 02:22:23.138435,22,N/A
7324,2025-01-15 02:22:25.300663,24,N/A
7325,2025-01-15 02:22:27.861181,32,N/A
7326,2025-01-15 02:22:30.464259,24,N/A
7327,2025-01-15 02:22:31.942168,10,N/A
7328,2025-01-15 02:22:34.183651,24,N/A
7329,2025-01-15 02:22:36.142907,18,N/A
7330,2025-01-15 02:22:39.227069,31,N/A
7331,2025-01-15 02:22:41.188189,20,N/A
7332,2025-01-15 02:22:43.898395,34,N/A
7333,2025-01-15 02:22:46.625422,29,N/A
7334,2025-01-15 02:22:48.349202,18,N/A
7335,2025-01-15 02:22:50.067723,13,N/A
7336,2025-01-15 02:22:52.444617,25,N/A
7337,2025-01-15 02:38:20.544770,24,N/A
7338,2025-01-15 02:38:24.101477,38,N/A
7339,2025-01-15 02:38:26.089894,17,N/A
7340,2025-01-15 02:38:27.666240,13,N/A
7341,2025-01-15 02:38:29.273556,13,N/A
7342,2025-01-15 02:38:31.863858,29,N/A
7343,2025-01-15 02:38:33.973259,21,N/A
7344,2025-01-15 02:38:36.634103,33,N/A
7345,2025-01-15 02:38:39.245061,31,N/A
7346,2025-01-15 02:38:42.361823,36,N/A
7347,2025-01-15 02:38:44.311561,20,N/A
7348,2025-01-15 02:38:46.100472,18,N/A
7349,2025-01-15 02:38:48.151043,20,N/A
7350,2025-01-15 02:38:49.705032,12,N/A
7351,2025-01-15 02:38:52.490709,27,N/A
7352,2025-01-15 02:38:54.796017,26,N/A
7353,2025-01-15 02:38:57.428987,29,N/A
7354,2025-01-15 02:38:59.259953,14,N/A
7355,2025-01-15 02:54:27.929398,27,N/A
7356,2025-01-15 02:54:29.754111,15,N/A
7357,2025-01-15 02:54:32.134177,26,N/A
7358,2025-01-15 02:54:34.642316,30,N/A
7359,2025-01-15 02:54:36.893177,18,N/A
7360,2025-01-15 02:54:38.892551,15,N/A
7361,2025-01-15 02:54:40.780592,16,N/A
7362,2025-01-15 02:54:42.874117,18,N/A
7363,2025-01-15 02:54:45.161595,26,N/A
7364,2025-01-15 02:54:46.786393,11,N/A
7365,2025-01-15 02:54:48.408940,15,N/A
7366,2025-01-15 02:54:50.577241,21,N/A
7367,2025-01-15 02:54:52.165356,11,N/A
7368,2025-01-15 02:54:55.488906,33,N/A
7369,2025-01-15 02:54:57.533710,22,N/A
7370,2025-01-15 02:55:00.177327,29,N/A
7371,2025-01-15 02:55:02.024773,15,N/A
7372,2025-01-15 02:55:03.819778,13,N/A
7373,2025-01-15 02:55:05.167892,11,N/A
7374,2025-01-15 02:55:06.812843,13,N/A
7375,2025-01-15 02:55:08.603892,17,N/A
7376,2025-01-15 03:10:33.781426,17,N/A
7377,2025-01-15 03:10:35.911327,18,N/A
7378,2025-01-15 03:10:37.230196,22,N/A
7379,2025-01-15 03:10:39.942164,33,N/A
7380,2025-01-15 03:10:42.036819,19,N/A
7381,2025-01-15 03:10:45.386063,36,N/A
7382,2025-01-15 03:10:47.429138,21,N/A
7383,2025-01-15 03:10:50.378938,33,N/A
7384,2025-01-15 03:10:53.075177,29,N/A
7385,2025-01-15 03:10:54.241336,6,N/A
7386,2025-01-15 03:10:56.450122,21,N/A
7387,2025-01-15 03:10:57.977587,15,N/A
7388,2025-01-15 03:10:59.383023,10,N/A
7389,2025-01-15 03:11:01.085612,13,N/A
7390,2025-01-15 03:11:05.067437,47,N/A
7391,2025-01-15 03:11:07.076145,18,N/A
7392,2025-01-15 03:11:09.436259,24,N/A
7393,2025-01-15 03:11:11.680335,23,N/A
7394,2025-01-15 03:11:13.915951,23,N/A
7395,2025-01-15 03:26:42.364933,25,N/A
7396,2025-01-15 03:26:45.090288,25,N/A
7397,2025-01-15 03:26:47.597019,30,N/A
7398,2025-01-15 03:26:49.495338,17,N/A
7399,2025-01-15 03:26:52.190078,30,N/A
7400,2025-01-15 03:26:54.833250,26,N/A
7401,2025-01-15 03:26:57.032196,23,N/A
7402,2025-01-15 03:26:58.580796,13,N/A
7403,2025-01-15 03:27:01.066335,25,N/A
7404,2025-01-15 03:27:03.482981,29,N/A
7405,2025-01-15 03:27:04.737711,9,N/A
7406,2025-01-15 03:27:07.602063,32,N/A
7407,2025-01-15 03:27:09.042678,9,N/A
7408,2025-01-15 03:27:11.163101,22,N/A
7409,2025-01-15 03:27:13.498707,25,N/A
7410,2025-01-15 03:27:16.512374,29,N/A
7411,2025-01-15 03:27:19.325424,32,N/A
7412,2025-01-15 03:27:22.763522,39,N/A
7413,2025-01-15 03:42:50.382429,16,N/A
7414,2025-01-15 03:42:53.653514,35,N/A
7415,2025-01-15 03:42:55.972397,27,N/A
7416,2025-01-15 03:42:57.725679,15,N/A
7417,2025-01-15 03:42:59.370168,14,N/A
7418,2025-01-15 03:43:01.111868,13,N/A
7419,2025-01-15 03:43:03.224862,24,N/A
7420,2025-01-15 03:43:05.766276,27,N/A
7421,2025-01-15 03:43:08.459552,29,N/A
7422,2025-01-15 03:43:10.656866,25,N/A
7423,2025-01-15 03:43:14.209822,36,N/A
7424,2025-01-15 03:43:17.081154,24,N/A
7425,2025-01-15 03:43:20.000067,26,N/A
7426,2025-01-15 03:43:22.634438,27,N/A
7427,2025-01-15 03:43:25.374962,30,N/A
7428,2025-01-15 03:43:28.337873,30,N/A
7429,2025-01-15 03:43:30.553636,22,N/A
7430,2025-01-15 03:58:58.766663,23,N/A
7431,2025-01-15 03:59:01.141770,30,N/A
7432,2025-01-15 03:59:02.578311,11,N/A
7433,2025-01-15 03:59:05.152465,29,N/A
7434,2025-01-15 03:59:07.763883,30,N/A
7435,2025-01-15 03:59:09.107896,11,N/A
7436,2025-01-15 03:59:11.530957,27,N/A
7437,2025-01-15 03:59:14.348523,30,N/A
7438,2025-01-15 03:59:16.348958,22,N/A
7439,2025-01-15 03:59:18.612321,20,N/A
7440,2025-01-15 04:14:46.077691,21,N/A
7441,2025-01-15 04:14:48.408999,23,N/A
7442,2025-01-15 04:14:49.912902,25,N/A
7443,2025-01-15 04:14:52.428572,33,N/A
7444,2025-01-15 04:14:54.001302,15,N/A
7445,2025-01-15 04:14:56.237076,16,N/A
7446,2025-01-15 04:14:59.561445,34,N/A
7447,2025-01-15 04:15:00.239869,10,N/A
7448,2025-01-15 04:15:02.527089,24,N/A
7449,2025-01-15 04:15:04.992226,29,N/A
7450,2025-01-15 04:15:07.690971,31,N/A
7451,2025-01-15 04:15:10.366823,33,N/A
7452,2025-01-15 04:15:12.934495,29,N/A
7453,2025-01-15 04:15:15.211138,27,N/A
7454,2025-01-15 04:15:18.079147,29,N/A
7455,2025-01-15 04:15:20.427200,25,N/A
7456,2025-01-15 04:15:22.644722,27,N/A
7457,2025-01-15 04:15:24.703978,17,N/A
7458,2025-01-15 04:15:26.415330,15,N/A
7459,2025-01-15 04:30:32.821435,11,N/A
7460,2025-01-15 04:30:34.844277,21,N/A
7461,2025-01-15 04:30:36.960073,22,N/A
7462,2025-01-15 04:30:38.823446,15,N/A
7463,2025-01-15 04:30:41.053874,21,N/A
7464,2025-01-15 04:30:43.603277,28,N/A
7465,2025-01-15 04:30:46.661716,31,N/A
7466,2025-01-15 04:30:50.053863,38,N/A
7467,2025-01-15 04:30:53.056907,30,N/A
7468,2025-01-15 04:30:55.407809,29,N/A
7469,2025-01-15 04:30:58.101719,29,N/A
7470,2025-01-15 04:31:00.214352,17,N/A
7471,2025-01-15 04:31:02.825302,29,N/A
7472,2025-01-15 04:31:05.605092,30,N/A
7473,2025-01-15 04:31:07.432702,20,N/A
7474,2025-01-15 04:31:10.180128,30,N/A
7475,2025-01-15 04:31:12.837647,29,N/A
7476,2025-01-15 04:46:40.902955,25,N/A
7477,2025-01-15 04:46:42.731401,16,N/A
7478,2025-01-15 04:46:43.878148,6,N/A
7479,2025-01-15 04:46:46.876196,29,N/A
7480,2025-01-15 04:46:49.360046,21,N/A
7481,2025-01-15 04:46:50.963789,13,N/A
7482,2025-01-15 04:46:53.207861,23,N/A
7483,2025-01-15 04:46:54.479907,9,N/A
7484,2025-01-15 04:46:56.689056,21,N/A
7485,2025-01-15 04:46:58.588154,16,N/A
7486,2025-01-15 04:47:00.699634,21,N/A
7487,2025-01-15 04:47:02.781157,21,N/A
7488,2025-01-15 04:47:04.783789,20,N/A
7489,2025-01-15 04:47:07.388259,28,N/A
7490,2025-01-15 04:47:09.388449,22,N/A
7491,2025-01-15 04:47:11.068457,13,N/A
7492,2025-01-15 04:47:13.856721,32,N/A
7493,2025-01-15 04:47:16.605191,35,N/A
7494,2025-01-15 04:47:18.393196,17,N/A
7495,2025-01-15 04:47:20.593585,20,N/A
7496,2025-01-15 05:02:48.259476,28,N/A
7497,2025-01-15 05:02:50.850812,29,N/A
7498,2025-01-15 05:02:52.108465,9,N/A
7499,2025-01-15 05:02:54.530245,33,N/A
7500,2025-01-15 05:02:56.477218,18,N/A
7501,2025-01-15 05:02:57.872118,11,N/A
7502,2025-01-15 05:02:59.758865,20,N/A
7503,2025-01-15 05:03:01.896837,22,N/A
7504,2025-01-15 05:03:04.289818,22,N/A
7505,2025-01-15 05:03:07.311222,33,N/A
7506,2025-01-15 05:03:09.410490,23,N/A
7507,2025-01-15 05:03:11.817524,28,N/A
7508,2025-01-15 05:03:14.733041,28,N/A
7509,2025-01-15 05:03:16.377063,15,N/A
7510,2025-01-15 05:03:17.624573,6,N/A
7511,2025-01-15 05:03:20.757961,38,N/A
7512,2025-01-15 05:03:22.725700,20,N/A
7513,2025-01-15 05:03:24.895680,20,N/A
7514,2025-01-15 05:03:27.767896,34,N/A
7515,2025-01-15 05:03:29.122735,8,N/A
7516,2025-01-15 05:18:56.991265,18,N/A
7517,2025-01-15 05:18:58.238689,8,N/A
7518,2025-01-15 05:18:59.667175,11,N/A
7519,2025-01-15 05:19:00.862162,13,N/A
7520,2025-01-15 05:19:03.479921,30,N/A
7521,2025-01-15 05:19:06.884311,27,N/A
7522,2025-01-15 05:19:10.480175,33,N/A
7523,2025-01-15 05:19:11.414888,11,N/A
7524,2025-01-15 05:19:14.186965,25,N/A
7525,2025-01-15 05:19:16.895432,27,N/A
7526,2025-01-15 05:19:18.732117,15,N/A
7527,2025-01-15 05:19:20.576626,13,N/A
7528,2025-01-15 05:19:23.376909,29,N/A
7529,2025-01-15 05:19:25.688849,26,N/A
7530,2025-01-15 05:19:26.735065,3,N/A
7531,2025-01-15 05:19:28.914753,20,N/A
7532,2025-01-15 05:19:31.431142,24,N/A
7533,2025-01-15 05:19:33.931159,26,N/A
7534,2025-01-15 05:19:36.050085,22,N/A
7535,2025-01-15 05:35:04.846696,27,N/A
7536,2025-01-15 05:35:08.712149,41,N/A
7537,2025-01-15 05:35:10.808439,20,N/A
7538,2025-01-15 05:35:12.562813,13,N/A
7539,2025-01-15 05:35:14.429665,19,N/A
7540,2025-01-15 05:35:15.652968,11,N/A
7541,2025-01-15 05:35:16.971697,10,N/A
7542,2025-01-15 05:35:18.858308,15,N/A
7543,2025-01-15 05:35:21.137631,22,N/A
7544,2025-01-15 05:35:22.743134,14,N/A
7545,2025-01-15 05:35:25.432613,26,N/A
7546,2025-01-15 05:35:27.032360,11,N/A
7547,2025-01-15 05:35:29.726122,28,N/A
7548,2025-01-15 05:35:32.251477,26,N/A
7549,2025-01-15 05:35:34.463283,17,N/A
7550,2025-01-15 05:35:36.098579,16,N/A
7551,2025-01-15 05:35:38.858251,31,N/A
7552,2025-01-15 05:35:41.390283,30,N/A
7553,2025-01-15 05:35:44.587511,34,N/A
7554,2025-01-15 05:51:12.991305,29,N/A
7555,2025-01-15 05:51:16.106680,35,N/A
7556,2025-01-15 05:51:17.901105,12,N/A
7557,2025-01-15 05:51:20.441442,29,N/A
7558,2025-01-15 05:51:22.681339,28,N/A
7559,2025-01-15 05:51:24.366531,18,N/A
7560,2025-01-15 05:51:25.851505,12,N/A
7561,2025-01-15 05:51:27.471045,13,N/A
7562,2025-01-15 05:51:29.312719,18,N/A
7563,2025-01-15 05:51:32.359507,31,N/A
7564,2025-01-15 05:51:35.470675,35,N/A
7565,2025-01-15 05:51:37.621499,23,N/A
7566,2025-01-15 05:51:40.669171,32,N/A
7567,2025-01-15 05:51:42.094178,10,N/A
7568,2025-01-15 05:51:44.328690,25,N/A
7569,2025-01-15 05:51:46.088028,16,N/A
7570,2025-01-15 05:51:47.862518,15,N/A
7571,2025-01-15 05:51:49.906941,18,N/A
7572,2025-01-15 05:51:52.861374,33,N/A
7573,2025-01-15 06:01:00.907702,13,N/A
7574,2025-01-15 06:01:03.530329,31,N/A
7575,2025-01-15 06:01:05.793179,29,N/A
7576,2025-01-15 06:01:09.012311,33,N/A
7577,2025-01-15 06:01:11.737470,23,N/A
7578,2025-01-15 06:01:13.926391,19,N/A
7579,2025-01-15 06:01:15.010064,14,N/A
7580,2025-01-15 06:01:16.545110,14,N/A
7581,2025-01-15 06:01:18.702476,23,N/A
7582,2025-01-15 06:01:19.892744,9,N/A
7583,2025-01-15 06:01:21.990854,22,N/A
7584,2025-01-15 06:01:23.379354,9,N/A
7585,2025-01-15 06:01:26.084916,28,N/A
7586,2025-01-15 06:01:28.335066,27,N/A
7587,2025-01-15 06:01:31.246231,29,N/A
7588,2025-01-15 06:01:33.463784,20,N/A
7589,2025-01-15 06:01:36.033030,26,N/A
7590,2025-01-15 06:01:38.748928,28,N/A
7591,2025-01-15 06:01:40.437257,19,N/A
7592,2025-01-15 06:17:09.189397,28,N/A
7593,2025-01-15 06:17:11.943993,31,N/A
7594,2025-01-15 06:17:14.169974,20,N/A
7595,2025-01-15 06:17:15.751297,16,N/A
7596,2025-01-15 06:17:17.683301,31,N/A
7597,2025-01-15 06:17:20.391316,33,N/A
7598,2025-01-15 06:17:22.730770,30,N/A
7599,2025-01-15 06:17:24.464897,15,N/A
7600,2025-01-15 06:17:26.548429,23,N/A
7601,2025-01-15 06:17:29.071432,29,N/A
7602,2025-01-15 06:17:31.654424,30,N/A
7603,2025-01-15 06:17:33.652698,20,N/A
7604,2025-01-15 06:17:35.815516,26,N/A
7605,2025-01-15 06:17:37.264124,12,N/A
7606,2025-01-15 06:17:38.689820,11,N/A
7607,2025-01-15 06:17:40.199511,16,N/A
7608,2025-01-15 06:17:42.704955,37,N/A
7609,2025-01-15 06:17:44.927712,22,N/A
7610,2025-01-15 06:17:47.220484,22,N/A
7611,2025-01-15 06:17:49.801651,30,N/A
7612,2025-01-15 06:33:17.530418,17,N/A
7613,2025-01-15 06:33:19.461671,19,N/A
7614,2025-01-15 06:33:20.605589,16,N/A
7615,2025-01-15 06:33:21.997795,13,N/A
7616,2025-01-15 06:33:25.260387,37,N/A
7617,2025-01-15 06:33:28.676004,35,N/A
7618,2025-01-15 06:33:30.513726,15,N/A
7619,2025-01-15 06:33:32.373690,32,N/A
7620,2025-01-15 06:33:35.298724,35,N/A
7621,2025-01-15 06:33:36.709971,12,N/A
7622,2025-01-15 06:33:38.791964,20,N/A
7623,2025-01-15 06:33:40.830620,21,N/A
7624,2025-01-15 06:33:42.276445,12,N/A
7625,2025-01-15 06:33:45.415538,38,N/A
7626,2025-01-15 06:33:47.401415,19,N/A
7627,2025-01-15 06:33:49.193819,18,N/A
7628,2025-01-15 06:33:51.433788,28,N/A
7629,2025-01-15 06:33:53.380469,21,N/A
7630,2025-01-15 06:33:55.202997,18,N/A
7631,2025-01-15 06:33:57.474232,24,N/A
7632,2025-01-15 06:49:25.126833,20,N/A
7633,2025-01-15 06:49:26.743338,15,N/A
7634,2025-01-15 06:49:28.679170,19,N/A
7635,2025-01-15 06:49:30.265945,11,N/A
7636,2025-01-15 06:49:31.369386,8,N/A
7637,2025-01-15 06:49:32.615197,12,N/A
7638,2025-01-15 06:49:34.711709,27,N/A
7639,2025-01-15 07:06:54.598154,21,N/A
7640,2025-01-15 07:06:56.265567,19,N/A
7641,2025-01-15 07:06:58.152591,24,N/A
7642,2025-01-15 07:11:38.071587,17,N/A
7643,2025-01-15 07:11:40.507792,31,N/A
7644,2025-01-15 07:11:42.659427,22,N/A
7645,2025-01-15 07:11:45.592909,32,N/A
7646,2025-01-15 07:11:47.459802,20,N/A
7647,2025-01-15 07:11:49.712942,24,N/A
7648,2025-01-15 07:11:51.065240,18,N/A
7649,2025-01-15 07:11:53.425146,30,N/A
7650,2025-01-15 07:11:55.707261,23,N/A
7651,2025-01-15 07:11:57.805715,19,N/A
7652,2025-01-15 07:27:24.807289,21,N/A
7653,2025-01-15 07:27:27.362440,29,N/A
7654,2025-01-15 07:27:29.303641,23,N/A
7655,2025-01-15 07:27:31.614316,27,N/A
7656,2025-01-15 07:27:33.292231,10,N/A
7657,2025-01-15 07:27:35.700650,21,N/A
7658,2025-01-15 07:27:37.695678,20,N/A
7659,2025-01-15 07:27:39.621314,28,N/A
7660,2025-01-15 07:27:41.631099,23,N/A
7661,2025-01-15 07:27:43.301007,16,N/A
7662,2025-01-15 07:27:45.322648,21,N/A
7663,2025-01-15 07:27:48.138081,35,N/A
7664,2025-01-15 07:27:50.541821,29,N/A
7665,2025-01-15 07:27:52.205555,15,N/A
7666,2025-01-15 07:27:54.665439,27,N/A
7667,2025-01-15 07:27:56.162134,12,N/A
7668,2025-01-15 07:27:58.610361,33,N/A
7669,2025-01-15 07:28:02.353386,39,N/A
7670,2025-01-15 07:28:05.452316,38,N/A
7671,2025-01-15 07:43:30.539846,13,N/A
7672,2025-01-15 07:43:35.157897,50,N/A
7673,2025-01-15 07:43:37.487481,25,N/A
7674,2025-01-15 07:43:39.392694,19,N/A
7675,2025-01-15 07:43:40.984416,15,N/A
7676,2025-01-15 07:43:44.102566,33,N/A
7677,2025-01-15 07:43:46.106189,19,N/A
7678,2025-01-15 07:43:49.076317,34,N/A
7679,2025-01-15 07:43:51.073166,22,N/A
7680,2025-01-15 07:43:52.639316,16,N/A
7681,2025-01-15 07:43:54.207410,15,N/A
7682,2025-01-15 07:44:01.505371,20,N/A
7683,2025-01-15 07:44:03.188626,19,N/A
7684,2025-01-15 07:44:05.233320,22,N/A
7685,2025-01-15 07:44:07.517723,26,N/A
7686,2025-01-15 07:44:08.996918,13,N/A
7687,2025-01-15 07:44:10.653615,18,N/A
7688,2025-01-15 07:59:38.996752,27,N/A
7689,2025-01-15 07:59:41.262192,27,N/A
7690,2025-01-15 07:59:43.498100,25,N/A
7691,2025-01-15 07:59:46.211644,26,N/A
7692,2025-01-15 07:59:49.864288,40,N/A
7693,2025-01-15 07:59:52.799570,32,N/A
7694,2025-01-15 07:59:54.163612,10,N/A
7695,2025-01-15 07:59:55.847076,13,N/A
7696,2025-01-15 07:59:57.988249,21,N/A
7697,2025-01-15 08:00:00.481461,31,N/A
7698,2025-01-15 08:00:02.745335,25,N/A
7699,2025-01-15 08:00:05.276467,34,N/A
7700,2025-01-15 08:00:08.065061,31,N/A
7701,2025-01-15 08:00:10.270941,23,N/A
7702,2025-01-15 08:00:13.333476,35,N/A
7703,2025-01-15 08:00:15.411587,21,N/A
7704,2025-01-15 08:00:17.712333,25,N/A
7705,2025-01-15 08:01:59.993413,25,N/A
7706,2025-01-15 08:02:02.393221,26,N/A
7707,2025-01-15 08:02:05.204750,31,N/A
7708,2025-01-15 08:17:32.221938,20,N/A
7709,2025-01-15 08:17:34.032624,20,N/A
7710,2025-01-15 08:17:35.312552,7,N/A
7711,2025-01-15 08:17:36.938775,25,N/A
7712,2025-01-15 08:17:39.821913,35,N/A
7713,2025-01-15 08:17:42.396870,30,N/A
7714,2025-01-15 08:17:44.253333,18,N/A
7715,2025-01-15 08:17:46.222320,13,N/A
7716,2025-01-15 08:17:49.187560,41,N/A
7717,2025-01-15 08:17:50.783383,13,N/A
7718,2025-01-15 08:17:53.023425,24,N/A
7719,2025-01-15 08:17:54.916590,18,N/A
7720,2025-01-15 08:17:56.305553,11,N/A
7721,2025-01-15 08:17:58.627661,23,N/A
7722,2025-01-15 08:18:01.070059,27,N/A
7723,2025-01-15 08:18:03.661546,28,N/A
7724,2025-01-15 08:18:06.274328,28,N/A
7725,2025-01-15 08:18:08.210526,22,N/A
7726,2025-01-15 08:18:09.617163,13,N/A
7727,2025-01-15 08:18:11.448170,21,N/A
7728,2025-01-15 08:18:14.281962,29,N/A
7729,2025-01-15 08:33:41.944857,16,N/A
7730,2025-01-15 08:33:43.894009,17,N/A
7731,2025-01-15 08:33:46.128577,25,N/A
7732,2025-01-15 08:33:49.206848,36,N/A
7733,2025-01-15 08:33:52.190481,33,N/A
7734,2025-01-15 08:33:53.615413,11,N/A
7735,2025-01-15 08:33:57.043666,36,N/A
7736,2025-01-15 08:34:00.593827,34,N/A
7737,2025-01-15 08:34:01.900478,9,N/A
7738,2025-01-15 08:34:03.474564,15,N/A
7739,2025-01-15 08:34:04.949547,12,N/A
7740,2025-01-15 08:34:07.859712,31,N/A
7741,2025-01-15 08:34:10.078446,22,N/A
7742,2025-01-15 08:34:13.135542,33,N/A
7743,2025-01-15 08:34:15.529018,23,N/A
7744,2025-01-15 08:34:18.001191,24,N/A
7745,2025-01-15 08:34:20.702343,29,N/A
7746,2025-01-15 08:34:22.787997,18,N/A
7747,2025-01-15 08:42:41.627817,30,N/A
7748,2025-01-15 08:42:43.842593,26,N/A
7749,2025-01-15 08:42:46.314110,25,N/A
7750,2025-01-15 08:42:48.836082,29,N/A
7751,2025-01-15 08:42:51.102880,22,N/A
7752,2025-01-15 08:42:53.097931,19,N/A
7753,2025-01-15 08:42:55.290404,19,N/A
7754,2025-01-15 08:42:56.890762,10,N/A
7755,2025-01-15 08:42:59.060817,20,N/A
7756,2025-01-15 08:43:00.946201,17,N/A
7757,2025-01-15 08:43:02.992933,17,N/A
7758,2025-01-15 08:43:06.234301,32,N/A
7759,2025-01-15 08:43:08.535894,24,N/A
7760,2025-01-15 08:43:10.630868,23,N/A
7761,2025-01-15 08:43:12.539644,20,N/A
7762,2025-01-15 08:43:14.313395,14,N/A
7763,2025-01-15 08:43:16.803412,27,N/A
7764,2025-01-15 08:43:19.371266,29,N/A
7765,2025-01-15 08:58:48.096748,36,N/A
7766,2025-01-15 08:58:50.042227,22,N/A
7767,2025-01-15 08:58:51.805039,15,N/A
7768,2025-01-15 08:58:53.539195,13,N/A
7769,2025-01-15 08:58:55.814661,25,N/A
7770,2025-01-15 08:58:57.802751,17,N/A
7771,2025-01-15 08:58:59.707344,13,N/A
7772,2025-01-15 08:59:01.927730,20,N/A
7773,2025-01-15 08:59:04.662245,37,N/A
7774,2025-01-15 08:59:07.375300,32,N/A
7775,2025-01-15 08:59:09.372440,23,N/A
7776,2025-01-15 08:59:11.345777,20,N/A
7777,2025-01-15 08:59:15.005409,39,N/A
7778,2025-01-15 08:59:17.673072,30,N/A
7779,2025-01-15 08:59:19.408591,14,N/A
7780,2025-01-15 08:59:22.122139,25,N/A
7781,2025-01-15 08:59:23.440958,9,N/A
7782,2025-01-15 08:59:25.820012,28,N/A
7783,2025-01-15 08:59:28.352315,26,N/A
7784,2025-01-15 09:03:02.246291,34,N/A
7785,2025-01-15 09:03:05.780941,37,N/A
7786,2025-01-15 09:18:16.914124,29,N/A
7787,2025-01-15 09:18:18.853960,31,N/A
7788,2025-01-15 09:18:20.189005,10,N/A
7789,2025-01-15 09:18:21.830073,15,N/A
7790,2025-01-15 09:18:24.408373,27,N/A
7791,2025-01-15 09:18:27.892312,29,N/A
7792,2025-01-15 09:18:29.753496,28,N/A
7793,2025-01-15 09:18:30.932079,9,N/A
7794,2025-01-15 09:18:32.717151,19,N/A
7795,2025-01-15 09:18:34.826427,22,N/A
7796,2025-01-15 09:18:37.693793,38,N/A
7797,2025-01-15 09:18:40.252193,30,N/A
7798,2025-01-15 09:18:41.743705,11,N/A
7799,2025-01-15 09:18:43.338586,15,N/A
7800,2025-01-15 09:18:45.857400,25,N/A
7801,2025-01-15 09:18:50.176006,44,N/A
7802,2025-01-15 09:18:52.229634,16,N/A
7803,2025-01-15 09:18:54.914568,27,N/A
7804,2025-01-15 09:34:22.514807,14,N/A
7805,2025-01-15 09:34:25.023152,28,N/A
7806,2025-01-15 09:34:27.349040,26,N/A
7807,2025-01-15 09:34:29.359920,20,N/A
7808,2025-01-15 09:34:31.495441,24,N/A
7809,2025-01-15 09:34:33.458952,20,N/A
7810,2025-01-15 09:34:35.186572,14,N/A
7811,2025-01-15 09:34:37.209676,16,N/A
7812,2025-01-15 09:34:38.804549,12,N/A
7813,2025-01-15 09:34:41.125201,25,N/A
7814,2025-01-15 09:34:42.483737,7,N/A
7815,2025-01-15 09:34:46.510702,51,N/A
7816,2025-01-15 09:34:47.887652,10,N/A
7817,2025-01-15 09:34:49.804097,19,N/A
7818,2025-01-15 09:34:52.485166,28,N/A
7819,2025-01-15 09:34:55.272513,29,N/A
7820,2025-01-15 09:34:57.704032,30,N/A
7821,2025-01-15 09:35:00.313978,31,N/A
7822,2025-01-15 09:35:02.196119,21,N/A
7823,2025-01-15 09:50:30.641975,30,N/A
7824,2025-01-15 09:50:33.088138,28,N/A
7825,2025-01-15 09:50:35.807225,28,N/A
7826,2025-01-15 09:50:37.269631,10,N/A
7827,2025-01-15 09:50:39.479289,22,N/A
7828,2025-01-15 09:50:41.715356,32,N/A
7829,2025-01-15 09:50:44.069521,29,N/A
7830,2025-01-15 09:50:45.789224,11,N/A
7831,2025-01-15 09:50:48.011535,25,N/A
7832,2025-01-15 09:50:50.862973,33,N/A
7833,2025-01-15 09:50:52.815781,19,N/A
7834,2025-01-15 09:50:55.683596,31,N/A
7835,2025-01-15 09:50:59.172165,39,N/A
7836,2025-01-15 09:51:02.163846,31,N/A
7837,2025-01-15 09:51:05.706920,37,N/A
7838,2025-01-15 09:51:08.101829,21,N/A
7839,2025-01-15 09:51:10.794087,31,N/A
7840,2025-01-15 10:03:59.859327,36,N/A
7841,2025-01-15 10:04:00.271781,23,N/A
7842,2025-01-15 10:04:00.841485,24,N/A
7843,2025-01-15 10:04:02.898116,24,N/A
7844,2025-01-15 10:04:04.897383,22,N/A
7845,2025-01-15 10:04:08.201383,34,N/A
7846,2025-01-15 10:04:10.681055,28,N/A
7847,2025-01-15 10:04:12.227707,13,N/A
7848,2025-01-15 10:04:14.363504,19,N/A
7849,2025-01-15 10:04:17.565672,38,N/A
7850,2025-01-15 10:04:19.709813,21,N/A
7851,2025-01-15 10:04:21.175111,11,N/A
7852,2025-01-15 10:04:23.468134,21,N/A
7853,2025-01-15 10:04:25.481491,20,N/A
7854,2025-01-15 10:04:27.814083,22,N/A
7855,2025-01-15 10:04:29.600642,14,N/A
7856,2025-01-15 10:04:30.877519,10,N/A
7857,2025-01-15 10:04:33.766910,33,N/A
7858,2025-01-15 10:04:34.707016,1,N/A
7859,2025-01-15 10:04:36.880055,24,N/A
7860,2025-01-15 10:04:40.513353,38,N/A
7861,2025-01-15 10:20:08.379946,27,N/A
7862,2025-01-15 10:20:11.031440,23,N/A
7863,2025-01-15 10:20:12.411439,19,N/A
7864,2025-01-15 10:20:14.740422,26,N/A
7865,2025-01-15 10:20:17.761578,23,N/A
7866,2025-01-15 10:20:20.793902,26,N/A
7867,2025-01-15 10:20:22.225904,17,N/A
7868,2025-01-15 10:20:24.002782,21,N/A
7869,2025-01-15 10:20:25.385508,11,N/A
7870,2025-01-15 10:20:26.857181,12,N/A
7871,2025-01-15 10:20:29.263975,20,N/A
7872,2025-01-15 10:20:31.743227,16,N/A
7873,2025-01-15 10:20:33.735952,14,N/A
7874,2025-01-15 10:20:35.076779,13,N/A
7875,2025-01-15 10:20:36.086344,25,N/A
7876,2025-01-15 10:20:38.419455,24,N/A
7877,2025-01-15 10:20:40.118355,14,N/A
7878,2025-01-15 10:20:41.871813,13,N/A
7879,2025-01-15 10:20:44.705262,25,N/A
7880,2025-01-15 10:20:47.231324,28,N/A
7881,2025-01-15 10:20:50.370121,34,N/A
7882,2025-01-15 10:36:07.385865,21,N/A
7883,2025-01-15 10:36:09.881580,24,N/A
7884,2025-01-15 10:36:12.592370,23,N/A
7885,2025-01-15 10:36:14.367572,15,N/A
7886,2025-01-15 10:36:16.675257,20,N/A
7887,2025-01-15 10:36:18.162089,10,N/A
7888,2025-01-15 10:36:20.021951,18,N/A
7889,2025-01-15 10:36:22.540841,26,N/A
7890,2025-01-15 10:36:24.590173,21,N/A
7891,2025-01-15 10:36:27.044932,27,N/A
7892,2025-01-15 10:36:28.478244,13,N/A
7893,2025-01-15 10:36:29.600276,6,N/A
7894,2025-01-15 10:36:31.275833,11,N/A
7895,2025-01-15 10:36:32.534327,7,N/A
7896,2025-01-15 10:36:35.100574,29,N/A
7897,2025-01-15 10:36:36.312543,6,N/A
7898,2025-01-15 10:36:37.710670,11,N/A
7899,2025-01-15 10:36:39.525182,18,N/A
7900,2025-01-15 10:36:42.357361,34,N/A
7901,2025-01-15 10:36:45.098938,34,N/A
7902,2025-01-15 10:36:47.657034,29,N/A
7903,2025-01-15 10:52:16.828434,38,N/A
7904,2025-01-15 10:52:19.633998,27,N/A
7905,2025-01-15 10:52:21.810384,20,N/A
7906,2025-01-15 10:52:24.573826,31,N/A
7907,2025-01-15 10:52:26.497549,22,N/A
7908,2025-01-15 10:52:28.491005,22,N/A
7909,2025-01-15 10:52:30.137220,14,N/A
7910,2025-01-15 10:52:32.663893,33,N/A
7911,2025-01-15 10:52:35.401125,32,N/A
7912,2025-01-15 10:52:37.093951,16,N/A
7913,2025-01-15 10:52:39.701847,27,N/A
7914,2025-01-15 10:52:42.466257,31,N/A
7915,2025-01-15 10:52:43.612366,6,N/A
7916,2025-01-15 10:52:45.292830,15,N/A
7917,2025-01-15 10:52:47.204334,15,N/A
7918,2025-01-15 10:52:49.680870,23,N/A
7919,2025-01-15 10:52:51.424230,15,N/A
7920,2025-01-15 10:52:54.282884,35,N/A
7921,2025-01-15 11:05:00.672628,31,N/A
7922,2025-01-15 11:05:02.912742,23,N/A
7923,2025-01-15 11:05:05.754714,28,N/A
7924,2025-01-15 11:05:07.907705,19,N/A
7925,2025-01-15 11:05:10.005040,20,N/A
7926,2025-01-15 11:05:12.053288,22,N/A
7927,2025-01-15 11:05:14.526251,27,N/A
7928,2025-01-15 11:05:17.430984,28,N/A
7929,2025-01-15 11:05:19.599954,23,N/A
7930,2025-01-15 11:05:22.118064,30,N/A
7931,2025-01-15 11:05:24.410836,21,N/A
7932,2025-01-15 11:05:26.643907,20,N/A
7933,2025-01-15 11:05:28.875863,23,N/A
7934,2025-01-15 11:05:30.360108,12,N/A
7935,2025-01-15 11:05:32.059998,15,N/A
7936,2025-01-15 11:05:34.134002,22,N/A
7937,2025-01-15 11:05:35.758977,11,N/A
7938,2025-01-15 11:05:37.656207,20,N/A
7939,2025-01-15 11:05:39.341070,13,N/A
7940,2025-01-15 11:05:40.951825,12,N/A
7941,2025-01-15 11:05:42.591151,12,N/A
7942,2025-01-15 11:21:10.122735,11,N/A
7943,2025-01-15 11:21:12.322385,28,N/A
7944,2025-01-15 11:21:14.137666,27,N/A
7945,2025-01-15 11:21:15.773694,13,N/A
7946,2025-01-15 11:21:17.485039,14,N/A
7947,2025-01-15 11:21:20.634612,27,N/A
7948,2025-01-15 11:21:22.741779,20,N/A
7949,2025-01-15 11:21:23.673384,12,N/A
7950,2025-01-15 11:21:24.935769,10,N/A
7951,2025-01-15 11:21:27.654017,30,N/A
7952,2025-01-15 11:21:29.506389,19,N/A
7953,2025-01-15 11:21:32.171254,30,N/A
7954,2025-01-15 11:21:34.197005,21,N/A
7955,2025-01-15 11:21:35.814221,13,N/A
7956,2025-01-15 11:21:37.662144,16,N/A
7957,2025-01-15 11:21:39.981164,25,N/A
7958,2025-01-15 11:21:41.527651,13,N/A
7959,2025-01-15 11:21:43.758388,25,N/A
7960,2025-01-15 11:21:46.407557,31,N/A
7961,2025-01-15 11:21:49.441087,36,N/A
7962,2025-01-15 11:37:17.009563,25,N/A
7963,2025-01-15 11:37:18.951100,18,N/A
7964,2025-01-15 11:37:20.864350,19,N/A
7965,2025-01-15 11:37:23.384579,30,N/A
7966,2025-01-15 11:37:25.021959,14,N/A
7967,2025-01-15 11:37:26.572558,13,N/A
7968,2025-01-15 11:37:28.499473,24,N/A
7969,2025-01-15 11:37:30.247012,15,N/A
7970,2025-01-15 11:37:32.159567,20,N/A
7971,2025-01-15 11:37:33.650527,11,N/A
7972,2025-01-15 11:37:36.442615,27,N/A
7973,2025-01-15 11:37:38.639554,17,N/A
7974,2025-01-15 11:37:40.696746,21,N/A
7975,2025-01-15 11:37:42.483570,14,N/A
7976,2025-01-15 11:37:45.413166,34,N/A
7977,2025-01-15 11:37:47.062639,14,N/A
7978,2025-01-15 11:37:49.366715,21,N/A
7979,2025-01-15 11:37:51.292232,18,N/A
7980,2025-01-15 11:37:53.594287,21,N/A
7981,2025-01-15 11:37:56.169246,23,N/A
7982,2025-01-15 11:53:25.330009,35,N/A
7983,2025-01-15 11:53:28.331075,28,N/A
7984,2025-01-15 11:53:30.115659,16,N/A
7985,2025-01-15 11:53:32.104938,23,N/A
7986,2025-01-15 11:53:34.219965,19,N/A
7987,2025-01-15 11:53:36.157341,20,N/A
7988,2025-01-15 11:53:37.857218,16,N/A
7989,2025-01-15 11:53:39.516246,16,N/A
7990,2025-01-15 11:53:43.006657,38,N/A
7991,2025-01-15 11:53:45.973591,31,N/A
7992,2025-01-15 11:53:47.643384,15,N/A
7993,2025-01-15 11:53:49.469029,18,N/A
7994,2025-01-15 11:53:51.586616,21,N/A
7995,2025-01-15 11:53:53.717443,22,N/A
7996,2025-01-15 11:53:57.313325,41,N/A
7997,2025-01-15 11:54:00.048919,34,N/A
7998,2025-01-15 11:54:01.935953,18,N/A
7999,2025-01-15 11:54:04.313005,24,N/A
8000,2025-01-15 12:05:59.637527,18,N/A
8001,2025-01-15 12:06:00.063726,22,N/A
8002,2025-01-15 12:06:00.538180,23,N/A
8003,2025-01-15 12:06:02.954435,24,N/A
8004,2025-01-15 12:06:05.060656,20,N/A
8005,2025-01-15 12:06:07.788170,34,N/A
8006,2025-01-15 12:06:09.532467,13,N/A
8007,2025-01-15 12:06:12.059992,34,N/A
8008,2025-01-15 12:06:13.794849,13,N/A
8009,2025-01-15 12:06:15.272161,13,N/A
8010,2025-01-15 12:06:19.030667,42,N/A
8011,2025-01-15 12:06:21.180327,24,N/A
8012,2025-01-15 12:06:22.866044,15,N/A
8013,2025-01-15 12:06:25.271774,23,N/A
8014,2025-01-15 12:06:27.317998,22,N/A
8015,2025-01-15 12:06:29.136048,19,N/A
8016,2025-01-15 12:06:31.205610,20,N/A
8017,2025-01-15 12:06:33.185268,18,N/A
8018,2025-01-15 12:06:34.848321,15,N/A
8019,2025-01-15 12:06:37.071036,26,N/A
8020,2025-01-15 12:06:39.658727,30,N/A
8021,2025-01-15 12:22:07.445476,20,N/A
8022,2025-01-15 12:22:10.059946,27,N/A
8023,2025-01-15 12:22:11.717335,24,N/A
8024,2025-01-15 12:22:13.977309,29,N/A
8025,2025-01-15 12:22:15.798370,15,N/A
8026,2025-01-15 12:22:17.454798,13,N/A
8027,2025-01-15 12:22:18.751437,8,N/A
8028,2025-01-15 12:22:21.092515,18,N/A
8029,2025-01-15 12:22:22.800666,23,N/A
8030,2025-01-15 12:22:24.125873,8,N/A
8031,2025-01-15 12:22:26.045565,18,N/A
8032,2025-01-15 12:22:27.495541,8,N/A
8033,2025-01-15 12:22:29.934775,24,N/A
8034,2025-01-15 12:22:32.946418,31,N/A
8035,2025-01-15 12:22:34.546211,13,N/A
8036,2025-01-15 12:22:36.457328,12,N/A
8037,2025-01-15 12:22:38.360196,19,N/A
8038,2025-01-15 12:22:41.194796,26,N/A
8039,2025-01-15 12:22:43.457614,23,N/A
8040,2025-01-15 12:22:45.386251,19,N/A
8041,2025-01-15 12:22:46.937285,8,N/A
8042,2025-01-15 12:22:48.114884,4,N/A
8043,2025-01-15 12:38:16.716944,27,N/A
8044,2025-01-15 12:38:18.550663,17,N/A
8045,2025-01-15 12:38:21.513492,30,N/A
8046,2025-01-15 12:38:23.208353,14,N/A
8047,2025-01-15 12:38:27.433723,41,N/A
8048,2025-01-15 12:38:29.782164,26,N/A
8049,2025-01-15 12:38:31.653860,13,N/A
8050,2025-01-15 12:38:34.565640,31,N/A
8051,2025-01-15 12:38:36.632829,21,N/A
8052,2025-01-15 12:38:38.848586,24,N/A
8053,2025-01-15 12:38:40.979160,21,N/A
8054,2025-01-15 12:38:42.718062,13,N/A
8055,2025-01-15 12:38:44.620291,16,N/A
8056,2025-01-15 12:38:46.919175,26,N/A
8057,2025-01-15 12:38:49.574533,30,N/A
8058,2025-01-15 12:38:51.498225,16,N/A
8059,2025-01-15 12:38:53.822568,23,N/A
8060,2025-01-15 12:38:55.676856,20,N/A
8061,2025-01-15 12:38:57.742363,20,N/A
8062,2025-01-15 12:54:26.349950,27,N/A
8063,2025-01-15 12:54:29.088855,26,N/A
8064,2025-01-15 12:54:31.942873,29,N/A
8065,2025-01-15 12:54:33.972451,22,N/A
8066,2025-01-15 12:54:35.605641,17,N/A
8067,2025-01-15 12:54:37.496810,15,N/A
8068,2025-01-15 12:54:39.507563,17,N/A
8069,2025-01-15 12:54:41.743621,21,N/A
8070,2025-01-15 12:54:44.915786,33,N/A
8071,2025-01-15 12:54:47.351711,23,N/A
8072,2025-01-15 12:54:50.218662,31,N/A
8073,2025-01-15 12:54:52.093241,17,N/A
8074,2025-01-15 12:54:54.829957,31,N/A
8075,2025-01-15 12:54:57.161049,25,N/A
8076,2025-01-15 12:55:00.093290,32,N/A
8077,2025-01-15 12:55:02.789781,32,N/A
8078,2025-01-15 12:55:05.336748,34,N/A
8079,2025-01-15 13:06:59.923741,35,N/A
8080,2025-01-15 13:07:00.356066,24,N/A
8081,2025-01-15 13:07:02.283295,30,N/A
8082,2025-01-15 13:07:04.277639,21,N/A
8083,2025-01-15 13:07:06.712262,28,N/A
8084,2025-01-15 13:07:08.614288,18,N/A
8085,2025-01-15 13:07:10.706060,19,N/A
8086,2025-01-15 13:07:12.401604,18,N/A
8087,2025-01-15 13:07:15.278113,30,N/A
8088,2025-01-15 13:07:17.780580,27,N/A
8089,2025-01-15 13:07:20.204261,28,N/A
8090,2025-01-15 13:07:21.913707,15,N/A
8091,2025-01-15 13:07:23.691607,15,N/A
8092,2025-01-15 13:07:26.186661,28,N/A
8093,2025-01-15 13:07:28.254107,17,N/A
8094,2025-01-15 13:07:30.237648,17,N/A
8095,2025-01-15 13:07:32.069478,20,N/A
8096,2025-01-15 13:07:34.321317,33,N/A
8097,2025-01-15 13:07:36.784778,29,N/A
8098,2025-01-15 13:07:38.429142,17,N/A
8099,2025-01-15 13:07:39.985411,11,N/A
8100,2025-01-15 13:23:07.546520,15,N/A
8101,2025-01-15 13:23:09.808636,28,N/A
8102,2025-01-15 13:23:11.548301,25,N/A
8103,2025-01-15 13:23:13.428244,23,N/A
8104,2025-01-15 13:23:21.851539,19,N/A
8105,2025-01-15 13:23:23.640258,34,N/A
8106,2025-01-15 13:23:25.468504,23,N/A
8107,2025-01-15 13:23:26.800831,9,N/A
8108,2025-01-15 13:23:29.752036,34,N/A
8109,2025-01-15 13:38:58.030712,23,N/A
8110,2025-01-15 13:38:59.715379,16,N/A
8111,2025-01-15 13:39:02.158064,25,N/A
8112,2025-01-15 13:39:04.699094,29,N/A
8113,2025-01-15 13:39:07.225065,26,N/A
8114,2025-01-15 13:39:09.724301,30,N/A
8115,2025-01-15 13:39:11.604549,16,N/A
8116,2025-01-15 13:39:13.599710,20,N/A
8117,2025-01-15 13:39:15.399492,14,N/A
8118,2025-01-15 13:39:17.655650,22,N/A
8119,2025-01-15 13:39:19.242115,20,N/A
8120,2025-01-15 13:39:21.408083,19,N/A
8121,2025-01-15 13:39:24.316296,31,N/A
8122,2025-01-15 13:39:25.839571,15,N/A
8123,2025-01-15 13:39:28.191069,22,N/A
8124,2025-01-15 13:39:30.742331,31,N/A
8125,2025-01-15 13:39:32.351930,11,N/A
8126,2025-01-15 13:39:34.115817,17,N/A
8127,2025-01-15 13:39:36.613028,30,N/A
8128,2025-01-15 13:39:38.051695,10,N/A
8129,2025-01-15 13:55:06.029784,20,N/A
8130,2025-01-15 13:55:07.938143,20,N/A
8131,2025-01-15 13:55:10.117355,21,N/A
8132,2025-01-15 13:55:11.949238,16,N/A
8133,2025-01-15 13:55:14.584221,30,N/A
8134,2025-01-15 13:55:18.113117,43,N/A
8135,2025-01-15 13:55:20.408560,25,N/A
8136,2025-01-15 13:55:22.280826,16,N/A
8137,2025-01-15 13:55:24.272710,22,N/A
8138,2025-01-15 13:55:25.767433,10,N/A
8139,2025-01-15 13:55:28.392604,30,N/A
8140,2025-01-15 13:55:30.472796,20,N/A
8141,2025-01-15 13:55:32.520631,21,N/A
8142,2025-01-15 13:55:35.798618,42,N/A
8143,2025-01-15 13:55:38.516783,33,N/A
8144,2025-01-15 13:55:41.880897,36,N/A
8145,2025-01-15 13:55:44.316663,24,N/A
8146,2025-01-15 13:55:46.689336,25,N/A
8147,2025-01-15 14:08:00.634246,24,N/A
8148,2025-01-15 14:08:02.300971,13,N/A
8149,2025-01-15 14:08:03.892528,15,N/A
8150,2025-01-15 14:08:05.738452,17,N/A
8151,2025-01-15 14:08:07.419385,13,N/A
8152,2025-01-15 14:08:08.933765,13,N/A
8153,2025-01-15 14:08:11.788816,27,N/A
8154,2025-01-15 14:08:13.458363,12,N/A
8155,2025-01-15 14:08:16.463542,37,N/A
8156,2025-01-15 14:08:18.621828,23,N/A
8157,2025-01-15 14:08:21.469834,38,N/A
8158,2025-01-15 14:08:23.702120,30,N/A
8159,2025-01-15 14:08:25.580297,18,N/A
8160,2025-01-15 14:08:27.156625,13,N/A
8161,2025-01-15 14:08:29.259949,25,N/A
8162,2025-01-15 14:08:31.563397,24,N/A
8163,2025-01-15 14:08:34.043043,22,N/A
8164,2025-01-15 14:08:36.251758,22,N/A
8165,2025-01-15 14:08:37.761825,10,N/A
8166,2025-01-15 14:08:40.577924,27,N/A
8167,2025-01-15 14:24:02.547606,26,N/A
8168,2025-01-15 14:24:04.908367,26,N/A
8169,2025-01-15 14:24:06.188213,17,N/A
8170,2025-01-15 14:24:08.188511,28,N/A
8171,2025-01-15 14:24:09.767153,16,N/A
8172,2025-01-15 14:24:12.464913,31,N/A
8173,2025-01-15 14:24:14.380359,18,N/A
8174,2025-01-15 14:24:16.623924,21,N/A
8175,2025-01-15 14:24:18.119552,14,N/A
8176,2025-01-15 14:24:20.695300,34,N/A
8177,2025-01-15 14:24:23.109651,25,N/A
8178,2025-01-15 14:24:25.328619,25,N/A
8179,2025-01-15 14:24:27.332223,20,N/A
8180,2025-01-15 14:24:29.466390,18,N/A
8181,2025-01-15 14:24:31.548709,20,N/A
8182,2025-01-15 14:24:35.197117,40,N/A
8183,2025-01-15 14:24:37.434969,24,N/A
8184,2025-01-15 14:24:39.563770,26,N/A
8185,2025-01-15 14:24:42.769957,32,N/A
8186,2025-01-15 14:24:44.214370,9,N/A
8187,2025-01-15 14:40:10.359112,6,N/A
8188,2025-01-15 14:40:12.351444,21,N/A
8189,2025-01-15 14:40:14.081121,19,N/A
8190,2025-01-15 14:40:16.233938,25,N/A
8191,2025-01-15 14:40:18.745143,27,N/A
8192,2025-01-15 14:40:21.317241,27,N/A
8193,2025-01-15 14:40:24.447388,33,N/A
8194,2025-01-15 14:40:26.935159,26,N/A
8195,2025-01-15 14:40:29.226470,25,N/A
8196,2025-01-15 14:40:30.729976,14,N/A
8197,2025-01-15 14:40:32.369245,13,N/A
8198,2025-01-15 14:40:35.027790,27,N/A
8199,2025-01-15 14:40:37.943813,32,N/A
8200,2025-01-15 14:40:39.681129,17,N/A
8201,2025-01-15 14:40:41.243857,12,N/A
8202,2025-01-15 14:40:43.239369,18,N/A
8203,2025-01-15 14:40:45.951309,28,N/A
8204,2025-01-15 14:40:47.967078,24,N/A
8205,2025-01-15 14:40:49.471863,11,N/A
8206,2025-01-15 14:40:51.692949,20,N/A
8207,2025-01-15 14:56:14.809155,21,N/A
8208,2025-01-15 14:56:16.602584,13,N/A
8209,2025-01-15 14:56:18.826146,22,N/A
8210,2025-01-15 14:56:20.545638,15,N/A
8211,2025-01-15 14:56:23.706087,34,N/A
8212,2025-01-15 14:56:26.545267,30,N/A
8213,2025-01-15 14:56:29.688410,33,N/A
8214,2025-01-15 14:56:32.032469,20,N/A
8215,2025-01-15 14:56:35.192806,35,N/A
8216,2025-01-15 14:56:36.332912,7,N/A
8217,2025-01-15 14:56:39.034979,30,N/A
8218,2025-01-15 14:56:40.437271,11,N/A
8219,2025-01-15 14:56:42.952532,25,N/A
8220,2025-01-15 14:56:46.127720,37,N/A
8221,2025-01-15 14:56:48.520570,25,N/A
8222,2025-01-15 14:56:51.092490,29,N/A
8223,2025-01-15 14:56:53.214443,15,N/A
8224,2025-01-15 14:56:55.736315,26,N/A
8225,2025-01-15 15:09:00.996998,25,N/A
8226,2025-01-15 15:09:02.763932,18,N/A
8227,2025-01-15 15:09:04.822885,19,N/A
8228,2025-01-15 15:09:06.685741,16,N/A
8229,2025-01-15 15:09:08.762108,16,N/A
8230,2025-01-15 15:09:11.375253,27,N/A
8231,2025-01-15 15:09:15.292766,38,N/A
8232,2025-01-15 15:09:16.582022,7,N/A
8233,2025-01-15 15:09:18.515169,20,N/A
8234,2025-01-15 15:09:20.460237,16,N/A
8235,2025-01-15 15:09:22.063581,10,N/A
8236,2025-01-15 15:09:23.759640,12,N/A
8237,2025-01-15 15:09:25.491769,15,N/A
8238,2025-01-15 15:09:28.047493,27,N/A
8239,2025-01-15 15:09:29.854285,16,N/A
8240,2025-01-15 15:09:31.479094,14,N/A
8241,2025-01-15 15:09:33.739541,20,N/A
8242,2025-01-15 15:09:36.033522,28,N/A
8243,2025-01-15 15:09:37.919919,15,N/A
8244,2025-01-15 15:09:40.757987,27,N/A
8245,2025-01-15 15:25:10.341210,34,N/A
8246,2025-01-15 15:25:12.919490,33,N/A
8247,2025-01-15 15:25:14.025324,8,N/A
8248,2025-01-15 15:25:15.905827,21,N/A
8249,2025-01-15 15:25:17.777248,12,N/A
8250,2025-01-15 15:25:19.714611,12,N/A
8251,2025-01-15 15:25:21.981886,26,N/A
8252,2025-01-15 15:25:23.732808,22,N/A
8253,2025-01-15 15:25:26.308473,29,N/A
8254,2025-01-15 15:25:28.097508,17,N/A
8255,2025-01-15 15:25:30.125006,20,N/A
8256,2025-01-15 15:25:33.183103,33,N/A
8257,2025-01-15 15:25:35.366413,21,N/A
8258,2025-01-15 15:25:38.076600,37,N/A
8259,2025-01-15 15:25:39.854894,16,N/A
8260,2025-01-15 15:25:42.430126,25,N/A
8261,2025-01-15 15:25:45.503093,36,N/A
8262,2025-01-15 15:25:47.971241,24,N/A
8263,2025-01-15 15:41:16.666783,33,N/A
8264,2025-01-15 15:41:20.145749,35,N/A
8265,2025-01-15 15:41:22.151049,18,N/A
8266,2025-01-15 15:41:24.010189,18,N/A
8267,2025-01-15 15:41:26.783337,30,N/A
8268,2025-01-15 15:41:29.324309,29,N/A
8269,2025-01-15 15:41:31.780686,31,N/A
8270,2025-01-15 15:41:33.784941,22,N/A
8271,2025-01-15 15:41:35.933086,20,N/A
8272,2025-01-15 15:41:37.851013,19,N/A
8273,2025-01-15 15:41:39.559022,14,N/A
8274,2025-01-15 15:41:42.919768,31,N/A
8275,2025-01-15 15:41:44.609324,14,N/A
8276,2025-01-15 15:41:46.841284,22,N/A
8277,2025-01-15 15:41:49.550118,27,N/A
8278,2025-01-15 15:41:52.194976,28,N/A
8279,2025-01-15 15:41:55.040921,34,N/A
8280,2025-01-15 15:57:23.096219,23,N/A
8281,2025-01-15 15:57:25.063657,14,N/A
8282,2025-01-15 15:57:26.889562,14,N/A
8283,2025-01-15 15:57:29.146967,23,N/A
8284,2025-01-15 15:57:31.311512,21,N/A
8285,2025-01-15 15:57:33.873185,25,N/A
8286,2025-01-15 15:57:36.013418,21,N/A
8287,2025-01-15 15:57:38.734718,28,N/A
8288,2025-01-15 15:57:41.532217,27,N/A
8289,2025-01-15 15:57:45.325504,38,N/A
8290,2025-01-15 15:57:47.316894,22,N/A
8291,2025-01-15 15:57:49.785673,27,N/A
8292,2025-01-15 15:57:51.738401,18,N/A
8293,2025-01-15 15:57:53.849954,24,N/A
8294,2025-01-15 15:57:56.759028,27,N/A
8295,2025-01-15 15:57:58.900812,21,N/A
8296,2025-01-15 15:58:01.271030,23,N/A
8297,2025-01-15 15:58:03.535814,27,N/A
8298,2025-01-15 15:58:05.800200,24,N/A
8299,2025-01-15 16:10:01.106732,15,N/A
8300,2025-01-15 16:10:04.097360,32,N/A
8301,2025-01-15 16:10:06.789230,28,N/A
8302,2025-01-15 16:10:09.086283,24,N/A
8303,2025-01-15 16:10:10.800484,15,N/A
8304,2025-01-15 16:10:12.919880,20,N/A
8305,2025-01-15 16:10:15.499946,24,N/A
8306,2025-01-15 16:10:17.879926,26,N/A
8307,2025-01-15 16:10:20.110494,22,N/A
8308,2025-01-15 16:10:22.683286,27,N/A
8309,2025-01-15 16:10:24.551110,21,N/A
8310,2025-01-15 16:10:27.064250,28,N/A
8311,2025-01-15 16:10:30.208615,34,N/A
8312,2025-01-15 16:10:31.797466,12,N/A
8313,2025-01-15 16:10:34.560951,24,N/A
8314,2025-01-15 16:10:37.721895,37,N/A
8315,2025-01-15 16:10:39.115716,8,N/A
8316,2025-01-15 16:10:40.907039,11,N/A
8317,2025-01-15 16:26:08.945296,25,N/A
8318,2025-01-15 16:26:11.878195,31,N/A
8319,2025-01-15 16:26:12.814468,9,N/A
8320,2025-01-15 16:26:14.122207,11,N/A
8321,2025-01-15 16:26:17.126372,29,N/A
8322,2025-01-15 16:26:19.825551,21,N/A
8323,2025-01-15 16:26:23.024948,33,N/A
8324,2025-01-15 16:26:26.241329,34,N/A
8325,2025-01-15 16:26:29.278238,34,N/A
8326,2025-01-15 16:26:30.997532,16,N/A
8327,2025-01-15 16:41:58.853507,35,N/A
8328,2025-01-15 16:42:01.158575,24,N/A
8329,2025-01-15 16:42:03.524794,22,N/A
8330,2025-01-15 16:42:05.857896,22,N/A
8331,2025-01-15 16:42:08.082693,25,N/A
8332,2025-01-15 16:42:11.059405,33,N/A
8333,2025-01-15 16:42:13.538078,26,N/A
8334,2025-01-15 16:42:16.115328,27,N/A
8335,2025-01-15 16:42:17.960947,19,N/A
8336,2025-01-15 16:42:19.928968,20,N/A
8337,2025-01-15 16:42:22.081042,20,N/A
8338,2025-01-15 16:42:24.070472,20,N/A
8339,2025-01-15 16:42:25.706032,15,N/A
8340,2025-01-15 16:42:27.140304,7,N/A
8341,2025-01-15 16:42:29.727190,21,N/A
8342,2025-01-15 16:42:32.525577,33,N/A
8343,2025-01-15 16:42:34.637480,20,N/A
8344,2025-01-15 16:42:36.496059,18,N/A
8345,2025-01-15 16:42:39.608450,34,N/A
8346,2025-01-15 16:55:39.570775,30,N/A
8347,2025-01-15 16:55:41.656275,20,N/A
8348,2025-01-15 16:55:43.338352,11,N/A
8349,2025-01-15 16:55:46.596435,32,N/A
8350,2025-01-15 16:55:48.488777,16,N/A
8351,2025-01-15 16:55:51.288866,31,N/A
8352,2025-01-15 16:55:53.823811,33,N/A
8353,2025-01-15 16:55:55.687529,19,N/A
8354,2025-01-15 16:55:57.316983,11,N/A
8355,2025-01-15 16:55:59.328316,16,N/A
8356,2025-01-15 16:56:00.787235,9,N/A
8357,2025-01-15 16:56:03.628015,24,N/A
8358,2025-01-15 16:56:05.278024,12,N/A
8359,2025-01-15 16:56:06.281256,1,N/A
8360,2025-01-15 16:56:08.038393,13,N/A
8361,2025-01-15 16:56:10.624151,32,N/A
8362,2025-01-15 16:56:12.534880,14,N/A
8363,2025-01-15 16:56:14.277858,15,N/A
8364,2025-01-15 16:56:16.837155,25,N/A
8365,2025-01-15 16:56:19.317909,22,N/A
8366,2025-01-15 16:56:20.993635,18,N/A
8367,2025-01-15 17:11:00.545858,26,N/A
8368,2025-01-15 17:11:01.897605,37,N/A
8369,2025-01-15 17:11:03.045603,24,N/A
8370,2025-01-15 17:11:03.997468,15,N/A
8371,2025-01-15 17:11:04.801942,14,N/A
8372,2025-01-15 17:11:05.567844,22,N/A
8373,2025-01-15 17:11:08.347536,31,N/A
8374,2025-01-15 17:11:09.290508,6,N/A
8375,2025-01-15 17:11:11.318402,20,N/A
8376,2025-01-15 17:11:13.526279,21,N/A
8377,2025-01-15 17:11:16.448695,35,N/A
8378,2025-01-15 17:11:19.306769,31,N/A
8379,2025-01-15 17:11:20.775552,14,N/A
8380,2025-01-15 17:11:23.047149,23,N/A
8381,2025-01-15 17:11:25.468921,28,N/A
8382,2025-01-15 17:11:26.854616,10,N/A
8383,2025-01-15 17:11:28.183199,10,N/A
8384,2025-01-15 17:11:31.046352,34,N/A
8385,2025-01-15 17:11:32.783259,17,N/A
8386,2025-01-15 17:11:35.005472,23,N/A
8387,2025-01-15 17:11:37.902041,37,N/A
8388,2025-01-15 17:11:40.722287,33,N/A
8389,2025-01-15 17:27:08.565750,15,N/A
8390,2025-01-15 17:27:10.075265,13,N/A
8391,2025-01-15 17:27:11.249071,7,N/A
8392,2025-01-15 17:27:14.008159,39,N/A
8393,2025-01-15 17:27:16.572779,28,N/A
8394,2025-01-15 17:27:20.351427,31,N/A
8395,2025-01-15 17:27:22.277475,29,N/A
8396,2025-01-15 17:27:24.444455,25,N/A
8397,2025-01-15 17:27:26.930158,26,N/A
8398,2025-01-15 17:27:29.795327,31,N/A
8399,2025-01-15 17:27:31.857907,19,N/A
8400,2025-01-15 17:27:34.168346,24,N/A
8401,2025-01-15 17:27:36.408319,21,N/A
8402,2025-01-15 17:27:37.963691,13,N/A
8403,2025-01-15 17:27:39.373547,11,N/A
8404,2025-01-15 17:27:41.528949,20,N/A
8405,2025-01-15 17:27:43.417248,15,N/A
8406,2025-01-15 17:27:46.118286,31,N/A
8407,2025-01-15 17:27:48.200421,17,N/A
8408,2025-01-15 17:43:15.210804,29,N/A
8409,2025-01-15 17:43:15.949090,20,N/A
8410,2025-01-15 17:43:17.397726,45,N/A
8411,2025-01-15 17:43:18.211469,26,N/A
8412,2025-01-15 17:43:19.269315,16,N/A
8413,2025-01-15 17:43:20.831416,23,N/A
8414,2025-01-15 17:43:23.387196,27,N/A
8415,2025-01-15 17:43:24.782251,11,N/A
8416,2025-01-15 17:43:28.092815,31,N/A
8417,2025-01-15 17:43:30.393686,25,N/A
8418,2025-01-15 17:43:33.121667,34,N/A
8419,2025-01-15 17:43:35.644601,30,N/A
8420,2025-01-15 17:43:37.297960,16,N/A
8421,2025-01-15 17:43:39.728808,27,N/A
8422,2025-01-15 17:43:41.837882,22,N/A
8423,2025-01-15 17:43:43.548306,15,N/A
8424,2025-01-15 17:43:46.458318,32,N/A
8425,2025-01-15 17:43:49.709301,39,N/A
8426,2025-01-15 17:43:51.028989,6,N/A
8427,2025-01-15 17:43:52.933804,17,N/A
8428,2025-01-15 17:43:55.181751,23,N/A
8429,2025-01-15 17:59:22.992786,27,N/A
8430,2025-01-15 17:59:23.540492,16,N/A
8431,2025-01-15 17:59:24.981713,18,N/A
8432,2025-01-15 17:59:27.115702,26,N/A
8433,2025-01-15 17:59:29.039539,14,N/A
8434,2025-01-15 17:59:30.592826,10,N/A
8435,2025-01-15 17:59:31.493905,10,N/A
8436,2025-01-15 17:59:34.153458,30,N/A
8437,2025-01-15 17:59:36.525550,24,N/A
8438,2025-01-15 17:59:38.191864,11,N/A
8439,2025-01-15 17:59:39.806250,12,N/A
8440,2025-01-15 17:59:41.633925,18,N/A
8441,2025-01-15 17:59:44.438296,32,N/A
8442,2025-01-15 17:59:46.235008,16,N/A
8443,2025-01-15 17:59:47.840585,17,N/A
8444,2025-01-15 17:59:49.740516,15,N/A
8445,2025-01-15 17:59:52.038640,22,N/A
8446,2025-01-15 17:59:53.854260,14,N/A
8447,2025-01-15 17:59:55.476825,12,N/A
8448,2025-01-15 17:59:58.767463,39,N/A
8449,2025-01-15 18:00:00.667277,16,N/A
8450,2025-01-15 18:00:02.576175,19,N/A
8451,2025-01-15 18:11:59.886422,20,N/A
8452,2025-01-15 18:12:02.004116,20,N/A
8453,2025-01-15 18:12:04.449183,28,N/A
8454,2025-01-15 18:12:06.249859,15,N/A
8455,2025-01-15 18:12:08.361001,20,N/A
8456,2025-01-15 18:12:11.148990,34,N/A
8457,2025-01-15 18:12:12.876829,16,N/A
8458,2025-01-15 18:12:15.021570,24,N/A
8459,2025-01-15 18:12:17.762046,29,N/A
8460,2025-01-15 18:12:19.051552,16,N/A
8461,2025-01-15 18:12:21.126569,18,N/A
8462,2025-01-15 18:12:22.495367,18,N/A
8463,2025-01-15 18:12:24.048069,14,N/A
8464,2025-01-15 18:12:25.756305,25,N/A
8465,2025-01-15 18:12:28.550513,19,N/A
8466,2025-01-15 18:12:29.657680,15,N/A
8467,2025-01-15 18:12:32.294218,31,N/A
8468,2025-01-15 18:12:34.805539,28,N/A
8469,2025-01-15 18:12:36.958439,22,N/A
8470,2025-01-15 18:12:38.654631,15,N/A
8471,2025-01-15 18:12:41.897792,34,N/A
8472,2025-01-15 18:28:10.679381,30,N/A
8473,2025-01-15 18:28:13.612259,32,N/A
8474,2025-01-15 18:28:14.812947,5,N/A
8475,2025-01-15 18:28:17.036235,19,N/A
8476,2025-01-15 18:28:19.010551,20,N/A
8477,2025-01-15 18:28:21.055973,19,N/A
8478,2025-01-15 18:28:23.317991,21,N/A
8479,2025-01-15 18:28:26.003351,28,N/A
8480,2025-01-15 18:28:28.293415,23,N/A
8481,2025-01-15 18:28:30.248640,19,N/A
8482,2025-01-15 18:28:32.746124,23,N/A
8483,2025-01-15 18:28:35.087234,25,N/A
8484,2025-01-15 18:28:37.815050,30,N/A
8485,2025-01-15 18:28:39.827605,22,N/A
8486,2025-01-15 18:28:42.392547,26,N/A
8487,2025-01-15 18:28:44.189442,16,N/A
8488,2025-01-15 18:28:46.122776,19,N/A
8489,2025-01-15 18:28:47.760154,11,N/A
8490,2025-01-15 18:28:50.059268,22,N/A
8491,2025-01-15 18:44:17.049400,15,N/A
8492,2025-01-15 18:44:18.790131,13,N/A
8493,2025-01-15 18:44:21.189577,29,N/A
8494,2025-01-15 18:44:23.134997,21,N/A
8495,2025-01-15 18:44:24.954176,14,N/A
8496,2025-01-15 18:44:26.385545,11,N/A
8497,2025-01-15 18:44:29.047846,29,N/A
8498,2025-01-15 18:44:31.416078,22,N/A
8499,2025-01-15 18:44:33.366238,20,N/A
8500,2025-01-15 18:44:35.058793,13,N/A
8501,2025-01-15 18:44:36.716857,17,N/A
8502,2025-01-15 18:44:38.451641,17,N/A
8503,2025-01-15 18:44:40.141147,15,N/A
8504,2025-01-15 18:44:42.500144,21,N/A
8505,2025-01-15 18:44:45.723871,32,N/A
8506,2025-01-15 18:44:47.629836,20,N/A
8507,2025-01-15 18:44:50.407658,29,N/A
8508,2025-01-15 18:44:52.619047,20,N/A
8509,2025-01-15 18:44:55.580929,30,N/A
8510,2025-01-15 18:44:57.178957,15,N/A
8511,2025-01-15 18:47:38.859308,24,N/A
8512,2025-01-15 18:47:40.301678,15,N/A
8513,2025-01-15 18:47:43.600399,34,N/A
8514,2025-01-15 19:03:13.601153,42,N/A
8515,2025-01-15 19:03:16.161133,29,N/A
8516,2025-01-15 19:03:18.014217,20,N/A
8517,2025-01-15 19:03:20.270571,21,N/A
8518,2025-01-15 19:03:21.546407,7,N/A
8519,2025-01-15 19:03:23.387111,17,N/A
8520,2025-01-15 19:03:25.116934,17,N/A
8521,2025-01-15 19:03:27.285207,20,N/A
8522,2025-01-15 19:03:29.882740,29,N/A
8523,2025-01-15 19:03:31.885153,29,N/A
8524,2025-01-15 19:03:33.525574,16,N/A
8525,2025-01-15 19:03:36.335047,30,N/A
8526,2025-01-15 19:03:37.916928,12,N/A
8527,2025-01-15 19:03:39.650026,20,N/A
8528,2025-01-15 19:03:42.263753,28,N/A
8529,2025-01-15 19:03:44.186329,21,N/A
8530,2025-01-15 19:03:46.903977,30,N/A
8531,2025-01-15 19:03:49.952758,34,N/A
8532,2025-01-15 19:03:52.225779,18,N/A
8533,2025-01-15 19:13:01.721774,32,N/A
8534,2025-01-15 19:13:03.759062,16,N/A
8535,2025-01-15 19:13:06.308419,32,N/A
8536,2025-01-15 19:13:09.722724,34,N/A
8537,2025-01-15 19:13:12.506338,19,N/A
8538,2025-01-15 19:13:13.331603,10,N/A
8539,2025-01-15 19:13:15.770703,29,N/A
8540,2025-01-15 19:13:18.062741,20,N/A
8541,2025-01-15 19:13:20.114091,16,N/A
8542,2025-01-15 19:13:21.387422,7,N/A
8543,2025-01-15 19:13:23.785556,24,N/A
8544,2025-01-15 19:13:25.519670,17,N/A
8545,2025-01-15 19:13:28.283480,29,N/A
8546,2025-01-15 19:13:30.470628,24,N/A
8547,2025-01-15 19:13:32.801052,21,N/A
8548,2025-01-15 19:13:34.824861,23,N/A
8549,2025-01-15 19:13:36.708880,19,N/A
8550,2025-01-15 19:13:39.224108,28,N/A
8551,2025-01-15 19:13:41.317186,21,N/A
8552,2025-01-15 19:29:09.530726,24,N/A
8553,2025-01-15 19:29:12.023496,24,N/A
8554,2025-01-15 19:29:13.826702,14,N/A
8555,2025-01-15 19:29:16.543081,30,N/A
8556,2025-01-15 19:29:18.100187,11,N/A
8557,2025-01-15 19:29:19.799401,13,N/A
8558,2025-01-15 19:29:21.217750,11,N/A
8559,2025-01-15 19:29:23.579158,29,N/A
8560,2025-01-15 19:29:26.376388,31,N/A
8561,2025-01-15 19:29:28.047291,14,N/A
8562,2025-01-15 19:29:29.844150,23,N/A
8563,2025-01-15 19:44:57.805739,36,N/A
8564,2025-01-15 19:44:59.326115,17,N/A
8565,2025-01-15 19:45:02.969979,43,N/A
8566,2025-01-15 19:45:04.993020,26,N/A
8567,2025-01-15 19:45:07.363819,23,N/A
8568,2025-01-15 19:45:09.569317,21,N/A
8569,2025-01-15 19:45:11.381988,14,N/A
8570,2025-01-15 19:45:13.129735,16,N/A
8571,2025-01-15 19:45:15.022675,21,N/A
8572,2025-01-15 19:45:17.434351,27,N/A
8573,2025-01-15 19:45:18.882491,19,N/A
8574,2025-01-15 19:45:20.112877,18,N/A
8575,2025-01-15 19:45:22.570376,24,N/A
8576,2025-01-15 19:45:24.885557,26,N/A
8577,2025-01-15 19:45:27.044433,21,N/A
8578,2025-01-15 19:45:29.490856,26,N/A
8579,2025-01-15 19:45:32.660080,38,N/A
8580,2025-01-15 19:45:35.519915,30,N/A
8581,2025-01-15 19:45:37.636386,16,N/A
8582,2025-01-15 20:00:44.198554,31,N/A
8583,2025-01-15 20:00:47.078269,27,N/A
8584,2025-01-15 20:00:49.079067,18,N/A
8585,2025-01-15 20:00:52.018395,30,N/A
8586,2025-01-15 20:00:54.450374,23,N/A
8587,2025-01-15 20:00:56.137481,13,N/A
8588,2025-01-15 20:00:58.569342,24,N/A
8589,2025-01-15 20:01:01.356810,34,N/A
8590,2025-01-15 20:01:03.254134,18,N/A
8591,2025-01-15 20:01:05.427141,19,N/A
8592,2025-01-15 20:01:06.578527,4,N/A
8593,2025-01-15 20:01:08.192156,13,N/A
8594,2025-01-15 20:01:10.947861,27,N/A
8595,2025-01-15 20:01:13.587938,31,N/A
8596,2025-01-15 20:01:16.164900,23,N/A
8597,2025-01-15 20:01:18.633120,29,N/A
8598,2025-01-15 20:14:02.667735,31,N/A
8599,2025-01-15 20:14:03.928391,15,N/A
8600,2025-01-15 20:14:06.079222,20,N/A
8601,2025-01-15 20:14:09.490582,32,N/A
8602,2025-01-15 20:14:13.525387,37,N/A
8603,2025-01-15 20:14:15.351969,28,N/A
8604,2025-01-15 20:14:17.562246,19,N/A
8605,2025-01-15 20:14:20.170392,25,N/A
8606,2025-01-15 20:14:22.203403,18,N/A
8607,2025-01-15 20:14:25.364946,32,N/A
8608,2025-01-15 20:14:27.702682,21,N/A
8609,2025-01-15 20:14:30.404789,32,N/A
8610,2025-01-15 20:14:33.363127,32,N/A
8611,2025-01-15 20:14:35.749254,24,N/A
8612,2025-01-15 20:14:38.298032,27,N/A
8613,2025-01-15 20:14:40.322401,18,N/A
8614,2025-01-15 20:14:42.430140,18,N/A
8615,2025-01-15 20:29:48.251046,9,N/A
8616,2025-01-15 20:29:51.117848,26,N/A
8617,2025-01-15 20:29:53.414217,23,N/A
8618,2025-01-15 20:29:55.873677,26,N/A
8619,2025-01-15 20:29:58.523442,23,N/A
8620,2025-01-15 20:30:00.172481,17,N/A
8621,2025-01-15 20:30:02.774654,26,N/A
8622,2025-01-15 20:30:05.363471,29,N/A
8623,2025-01-15 20:30:08.606568,33,N/A
8624,2025-01-15 20:30:11.547003,30,N/A
8625,2025-01-15 20:30:14.250525,27,N/A
8626,2025-01-15 20:30:16.480023,19,N/A
8627,2025-01-15 20:30:18.763983,24,N/A
8628,2025-01-15 20:30:21.182768,26,N/A
8629,2025-01-15 20:30:22.821773,12,N/A
8630,2025-01-15 20:30:25.054352,23,N/A
8631,2025-01-15 20:30:27.637746,23,N/A
8632,2025-01-15 20:45:55.542505,17,N/A
8633,2025-01-15 20:45:57.552038,20,N/A
8634,2025-01-15 20:45:59.774801,26,N/A
8635,2025-01-15 20:46:01.270815,11,N/A
8636,2025-01-15 20:46:05.223167,39,N/A
8637,2025-01-15 20:46:06.842750,12,N/A
8638,2025-01-15 20:46:08.615125,12,N/A
8639,2025-01-15 20:46:12.887794,47,N/A
8640,2025-01-15 20:46:15.092151,18,N/A
8641,2025-01-15 20:46:18.638957,33,N/A
8642,2025-01-15 20:46:20.728137,18,N/A
8643,2025-01-15 20:46:22.593326,13,N/A
8644,2025-01-15 20:46:24.463425,16,N/A
8645,2025-01-15 20:46:26.321975,18,N/A
8646,2025-01-15 20:46:29.992795,40,N/A
8647,2025-01-15 20:46:33.193840,36,N/A
8648,2025-01-15 20:46:35.567570,21,N/A
8649,2025-01-15 21:02:03.331143,20,N/A
8650,2025-01-15 21:02:06.059010,24,N/A
8651,2025-01-15 21:02:08.745690,30,N/A
8652,2025-01-15 21:02:11.534376,32,N/A
8653,2025-01-15 21:02:13.787250,20,N/A
8654,2025-01-15 21:02:15.661730,24,N/A
8655,2025-01-15 21:02:18.851004,32,N/A
8656,2025-01-15 21:02:20.758836,18,N/A
8657,2025-01-15 21:02:22.577950,12,N/A
8658,2025-01-15 21:02:24.692519,20,N/A
8659,2025-01-15 21:02:27.159840,25,N/A
8660,2025-01-15 21:02:29.042480,17,N/A
8661,2025-01-15 21:02:30.346904,7,N/A
8662,2025-01-15 21:02:33.069850,27,N/A
8663,2025-01-15 21:02:35.210956,24,N/A
8664,2025-01-15 21:02:37.817505,26,N/A
8665,2025-01-15 21:02:39.848737,21,N/A
8666,2025-01-15 21:02:42.356514,28,N/A
8667,2025-01-15 21:02:44.599455,30,N/A
8668,2025-01-15 21:15:00.984513,19,N/A
8669,2025-01-15 21:15:02.637204,14,N/A
8670,2025-01-15 21:15:04.317862,27,N/A
8671,2025-01-15 21:15:07.411928,34,N/A
8672,2025-01-15 21:15:10.316765,26,N/A
8673,2025-01-15 21:15:13.569608,32,N/A
8674,2025-01-15 21:15:14.953636,21,N/A
8675,2025-01-15 21:15:16.215633,8,N/A
8676,2025-01-15 21:15:18.775644,31,N/A
8677,2025-01-15 21:15:20.453043,12,N/A
8678,2025-01-15 21:15:22.041108,10,N/A
8679,2025-01-15 21:15:24.649230,31,N/A
8680,2025-01-15 21:15:27.314156,29,N/A
8681,2025-01-15 21:15:28.394055,2,N/A
8682,2025-01-15 21:15:30.753172,22,N/A
8683,2025-01-15 21:15:33.244768,27,N/A
8684,2025-01-15 21:15:35.069662,14,N/A
8685,2025-01-15 21:15:36.849923,15,N/A
8686,2025-01-15 21:15:39.094433,27,N/A
8687,2025-01-15 21:15:40.502558,7,N/A
8688,2025-01-15 21:31:09.547439,33,N/A
8689,2025-01-15 21:31:12.802828,38,N/A
8690,2025-01-15 21:31:15.591124,31,N/A
8691,2025-01-15 21:31:17.715990,19,N/A
8692,2025-01-15 21:31:19.583454,22,N/A
8693,2025-01-15 21:31:20.705533,2,N/A
8694,2025-01-15 21:31:22.912593,23,N/A
8695,2025-01-15 21:31:24.991253,18,N/A
8696,2025-01-15 21:31:26.732717,11,N/A
8697,2025-01-15 21:31:29.160637,26,N/A
8698,2025-01-15 21:31:31.664305,30,N/A
8699,2025-01-15 21:31:34.102086,20,N/A
8700,2025-01-15 21:31:37.818794,34,N/A
8701,2025-01-15 21:31:40.267062,28,N/A
8702,2025-01-15 21:31:42.749320,26,N/A
8703,2025-01-15 21:31:46.170186,37,N/A
8704,2025-01-15 21:31:48.208291,19,N/A
8705,2025-01-15 21:31:58.587812,33,N/A
8706,2025-01-15 21:32:01.575593,32,N/A
8707,2025-01-15 21:32:03.779034,26,N/A
8708,2025-01-15 21:47:10.828934,29,N/A
8709,2025-01-15 21:47:12.559417,17,N/A
8710,2025-01-15 21:47:14.870583,28,N/A
8711,2025-01-15 21:47:17.766572,31,N/A
8712,2025-01-15 21:47:19.559213,12,N/A
8713,2025-01-15 21:47:21.611385,19,N/A
8714,2025-01-15 21:47:23.317337,15,N/A
8715,2025-01-15 21:47:25.814009,30,N/A
8716,2025-01-15 21:47:28.054279,19,N/A
8717,2025-01-15 21:47:30.104335,20,N/A
8718,2025-01-15 21:47:32.904122,32,N/A
8719,2025-01-15 21:47:36.136088,34,N/A
8720,2025-01-15 21:47:38.645346,27,N/A
8721,2025-01-15 21:47:40.154880,8,N/A
8722,2025-01-15 21:47:41.775554,15,N/A
8723,2025-01-15 21:47:44.002827,19,N/A
8724,2025-01-15 21:47:46.448949,26,N/A
8725,2025-01-15 21:47:49.312514,31,N/A
8726,2025-01-15 22:02:58.671186,33,N/A
8727,2025-01-15 22:02:59.072396,27,N/A
8728,2025-01-15 22:02:59.544384,26,N/A
8729,2025-01-15 22:03:02.159478,27,N/A
8730,2025-01-15 22:03:04.008718,13,N/A
8731,2025-01-15 22:03:05.625313,11,N/A
8732,2025-01-15 22:03:07.474719,15,N/A
8733,2025-01-15 22:03:10.368922,32,N/A
8734,2025-01-15 22:03:11.963343,9,N/A
8735,2025-01-15 22:03:13.524043,11,N/A
8736,2025-01-15 22:03:16.161892,30,N/A
8737,2025-01-15 22:03:19.656836,34,N/A
8738,2025-01-15 22:03:22.653563,36,N/A
8739,2025-01-15 22:03:24.503594,15,N/A
8740,2025-01-15 22:03:26.480239,17,N/A
8741,2025-01-15 22:03:29.039676,20,N/A
8742,2025-01-15 22:03:32.123428,30,N/A
8743,2025-01-15 22:03:34.435952,23,N/A
8744,2025-01-15 22:03:36.640903,20,N/A
8745,2025-01-15 22:03:38.205309,9,N/A
8746,2025-01-15 22:15:59.737463,25,N/A
8747,2025-01-15 22:16:02.775859,30,N/A
8748,2025-01-15 22:16:05.027709,34,N/A
8749,2025-01-15 22:16:08.073625,33,N/A
8750,2025-01-15 22:16:11.541952,29,N/A
8751,2025-01-15 22:16:14.164119,29,N/A
8752,2025-01-15 22:16:17.806500,40,N/A
8753,2025-01-15 22:16:20.493719,26,N/A
8754,2025-01-15 22:16:22.556025,23,N/A
8755,2025-01-15 22:16:24.773803,22,N/A
8756,2025-01-15 22:16:27.745462,30,N/A
8757,2025-01-15 22:16:31.073326,38,N/A
8758,2025-01-15 22:16:33.116464,20,N/A
8759,2025-01-15 22:16:35.769056,26,N/A
8760,2025-01-15 22:16:38.313030,27,N/A
8761,2025-01-15 22:16:41.733109,37,N/A
8762,2025-01-15 22:32:10.080085,27,N/A
8763,2025-01-15 22:32:12.668220,31,N/A
8764,2025-01-15 22:32:15.761966,34,N/A
8765,2025-01-15 22:32:20.037350,40,N/A
8766,2025-01-15 22:32:22.512395,21,N/A
8767,2025-01-15 22:32:25.777932,32,N/A
8768,2025-01-15 22:32:28.319451,24,N/A
8769,2025-01-15 22:32:30.959450,25,N/A
8770,2025-01-15 22:47:57.964169,20,N/A
8771,2025-01-15 22:48:00.820638,34,N/A
8772,2025-01-15 22:48:03.759436,26,N/A
8773,2025-01-15 22:48:06.505069,29,N/A
8774,2025-01-15 22:48:07.607151,2,N/A
8775,2025-01-15 22:48:09.950565,24,N/A
8776,2025-01-15 22:48:12.948894,27,N/A
8777,2025-01-15 22:48:14.486184,14,N/A
8778,2025-01-15 22:48:16.696737,21,N/A
8779,2025-01-15 22:48:20.167769,40,N/A
8780,2025-01-15 22:48:22.738601,28,N/A
8781,2025-01-15 22:48:25.153771,25,N/A
8782,2025-01-15 22:48:28.003094,29,N/A
8783,2025-01-15 22:48:31.094921,37,N/A
8784,2025-01-15 22:48:33.769494,31,N/A
8785,2025-01-15 22:48:36.257439,25,N/A
8786,2025-01-15 22:48:38.378576,21,N/A
8787,2025-01-15 23:04:07.053634,26,N/A
8788,2025-01-15 23:04:09.518882,25,N/A
8789,2025-01-15 23:04:11.303847,19,N/A
8790,2025-01-15 23:04:13.444311,18,N/A
8791,2025-01-15 23:04:15.790906,27,N/A
8792,2025-01-15 23:04:17.699268,16,N/A
8793,2025-01-15 23:04:20.261735,24,N/A
8794,2025-01-15 23:04:22.303013,13,N/A
8795,2025-01-15 23:04:25.494331,34,N/A
8796,2025-01-15 23:04:27.689874,20,N/A
8797,2025-01-15 23:04:29.308240,15,N/A
8798,2025-01-15 23:04:31.377128,23,N/A
8799,2025-01-15 23:04:33.549366,23,N/A
8800,2025-01-15 23:04:35.507211,14,N/A
8801,2025-01-15 23:04:37.611993,21,N/A
8802,2025-01-15 23:04:40.619265,38,N/A
8803,2025-01-15 23:04:44.017344,38,N/A
8804,2025-01-15 23:04:47.239075,32,N/A
8805,2025-01-15 23:17:00.418927,22,N/A
8806,2025-01-15 23:17:01.857806,15,N/A
8807,2025-01-15 23:17:04.009409,26,N/A
8808,2025-01-15 23:17:05.473132,13,N/A
8809,2025-01-15 23:17:06.854381,7,N/A
8810,2025-01-15 23:17:10.215369,28,N/A
8811,2025-01-15 23:17:13.037045,22,N/A
8812,2025-01-15 23:17:14.196131,11,N/A
8813,2025-01-15 23:17:16.577977,23,N/A
8814,2025-01-15 23:17:19.049198,20,N/A
8815,2025-01-15 23:17:20.427267,7,N/A
8816,2025-01-15 23:17:22.684200,19,N/A
8817,2025-01-15 23:17:24.659317,17,N/A
8818,2025-01-15 23:17:26.849298,23,N/A
8819,2025-01-15 23:17:29.631768,29,N/A
8820,2025-01-15 23:17:31.602316,17,N/A
8821,2025-01-15 23:17:34.624640,30,N/A
8822,2025-01-15 23:17:36.430156,15,N/A
8823,2025-01-15 23:17:38.381736,17,N/A
8824,2025-01-15 23:17:40.199265,15,N/A
8825,2025-01-15 23:32:56.560364,23,N/A
8826,2025-01-15 23:32:58.315448,13,N/A
8827,2025-01-15 23:33:00.624977,22,N/A
8828,2025-01-15 23:33:02.750655,21,N/A
8829,2025-01-15 23:33:05.091326,22,N/A
8830,2025-01-15 23:33:06.989321,19,N/A
8831,2025-01-15 23:33:09.934120,30,N/A
8832,2025-01-15 23:33:11.999085,17,N/A
8833,2025-01-15 23:33:13.981230,18,N/A
8834,2025-01-15 23:33:15.717928,14,N/A
8835,2025-01-15 23:33:18.257339,27,N/A
8836,2025-01-15 23:33:20.952142,33,N/A
8837,2025-01-15 23:33:22.282957,7,N/A
8838,2025-01-15 23:33:24.156448,15,N/A
8839,2025-01-15 23:33:26.512599,25,N/A
8840,2025-01-15 23:33:28.964273,27,N/A
8841,2025-01-15 23:33:30.176848,6,N/A
8842,2025-01-15 23:33:31.410885,6,N/A
8843,2025-01-15 23:33:32.750060,7,N/A
8844,2025-01-15 23:33:34.607775,17,N/A
8845,2025-01-15 23:33:37.169403,25,N/A
8846,2025-01-15 23:49:00.893626,33,N/A
8847,2025-01-15 23:49:03.438566,28,N/A
8848,2025-01-15 23:49:05.823280,21,N/A
8849,2025-01-15 23:49:08.114598,23,N/A
8850,2025-01-15 23:49:09.828029,13,N/A
8851,2025-01-15 23:49:12.351489,35,N/A
8852,2025-01-15 23:49:14.465068,20,N/A
8853,2025-01-15 23:49:16.577011,19,N/A
8854,2025-01-15 23:49:19.852530,33,N/A
8855,2025-01-15 23:49:21.922465,16,N/A
8856,2025-01-15 23:49:24.887045,32,N/A
8857,2025-01-15 23:49:26.863127,23,N/A
8858,2025-01-15 23:49:28.677923,13,N/A
8859,2025-01-15 23:49:30.869237,19,N/A
8860,2025-01-15 23:49:32.723299,15,N/A
8861,2025-01-15 23:49:35.006677,23,N/A
8862,2025-01-15 23:49:38.246583,31,N/A
8863,2025-01-16 00:05:06.405495,30,N/A
8864,2025-01-16 00:05:06.764338,25,N/A
8865,2025-01-16 00:05:07.463779,28,N/A
8866,2025-01-16 00:05:08.843578,12,N/A
8867,2025-01-16 00:05:11.732829,31,N/A
8868,2025-01-16 00:05:13.737885,14,N/A
8869,2025-01-16 00:05:15.577636,13,N/A
8870,2025-01-16 00:05:16.998512,9,N/A
8871,2025-01-16 00:05:18.469311,9,N/A
8872,2025-01-16 00:05:20.888859,24,N/A
8873,2025-01-16 00:05:22.692994,13,N/A
8874,2025-01-16 00:05:25.447546,31,N/A
8875,2025-01-16 00:05:28.836391,35,N/A
8876,2025-01-16 00:05:31.374057,26,N/A
8877,2025-01-16 00:05:33.219826,19,N/A
8878,2025-01-16 00:05:35.242225,24,N/A
8879,2025-01-16 00:05:37.406654,27,N/A
8880,2025-01-16 00:05:40.087499,29,N/A
8881,2025-01-16 00:05:42.568612,23,N/A
8882,2025-01-16 00:05:45.362648,28,N/A
8883,2025-01-16 00:05:47.038013,16,N/A
8884,2025-01-16 00:18:00.322997,18,N/A
8885,2025-01-16 00:18:02.797964,24,N/A
8886,2025-01-16 00:18:04.523912,25,N/A
8887,2025-01-16 00:18:05.747646,13,N/A
8888,2025-01-16 00:18:08.172193,30,N/A
8889,2025-01-16 00:18:11.917080,37,N/A
8890,2025-01-16 00:18:13.694472,11,N/A
8891,2025-01-16 00:18:15.099489,19,N/A
8892,2025-01-16 00:18:16.987226,17,N/A
8893,2025-01-16 00:18:19.302101,21,N/A
8894,2025-01-16 00:18:20.902922,15,N/A
8895,2025-01-16 00:18:22.467270,11,N/A
8896,2025-01-16 00:18:23.860423,6,N/A
8897,2025-01-16 00:18:26.204048,21,N/A
8898,2025-01-16 00:18:28.117889,14,N/A
8899,2025-01-16 00:18:29.872826,15,N/A
8900,2025-01-16 00:18:32.953413,32,N/A
8901,2025-01-16 00:18:35.221189,20,N/A
8902,2025-01-16 00:18:37.483734,22,N/A
8903,2025-01-16 00:18:40.120347,28,N/A
8904,2025-01-16 00:18:42.095753,14,N/A
8905,2025-01-16 00:34:10.520139,24,N/A
8906,2025-01-16 00:34:12.615849,21,N/A
8907,2025-01-16 00:34:14.504206,18,N/A
8908,2025-01-16 00:34:17.404960,29,N/A
8909,2025-01-16 00:34:20.253347,36,N/A
8910,2025-01-16 00:34:23.551748,37,N/A
8911,2025-01-16 00:34:25.321267,13,N/A
8912,2025-01-16 00:34:27.511853,19,N/A
8913,2025-01-16 00:34:29.840353,22,N/A
8914,2025-01-16 00:34:31.637313,10,N/A
8915,2025-01-16 00:34:34.937189,37,N/A
8916,2025-01-16 00:34:37.134728,20,N/A
8917,2025-01-16 00:34:39.484399,22,N/A
8918,2025-01-16 00:34:41.353376,12,N/A
8919,2025-01-16 00:34:43.974063,25,N/A
8920,2025-01-16 00:34:47.233979,42,N/A
8921,2025-01-16 00:34:48.654108,8,N/A
8922,2025-01-16 00:34:50.177509,12,N/A
8923,2025-01-16 00:50:17.583990,8,N/A
8924,2025-01-16 00:50:19.248213,9,N/A
8925,2025-01-16 00:50:21.139865,17,N/A
8926,2025-01-16 00:50:23.728081,26,N/A
8927,2025-01-16 00:50:26.819601,30,N/A
8928,2025-01-16 00:50:29.333871,28,N/A
8929,2025-01-16 00:50:31.163855,17,N/A
8930,2025-01-16 00:50:33.277312,19,N/A
8931,2025-01-16 00:50:36.082423,27,N/A
8932,2025-01-16 00:50:38.138902,18,N/A
8933,2025-01-16 00:50:40.932832,33,N/A
8934,2025-01-16 00:50:42.434078,10,N/A
8935,2025-01-16 00:50:45.492732,34,N/A
8936,2025-01-16 00:50:49.100595,34,N/A
8937,2025-01-16 00:50:51.801724,27,N/A
8938,2025-01-16 00:50:54.271941,28,N/A
8939,2025-01-16 00:50:56.954507,25,N/A
8940,2025-01-16 01:06:23.995353,13,N/A
8941,2025-01-16 01:06:24.611417,42,N/A
8942,2025-01-16 01:06:26.845523,47,N/A
8943,2025-01-16 01:06:29.282397,24,N/A
8944,2025-01-16 01:06:30.795627,8,N/A
8945,2025-01-16 01:06:33.456995,25,N/A
8946,2025-01-16 01:06:36.428112,31,N/A
8947,2025-01-16 01:06:38.824295,19,N/A
8948,2025-01-16 01:06:41.178895,20,N/A
8949,2025-01-16 01:06:43.658835,24,N/A
8950,2025-01-16 01:06:45.989366,24,N/A
8951,2025-01-16 01:06:48.642688,26,N/A
8952,2025-01-16 01:06:51.020770,20,N/A
8953,2025-01-16 01:06:53.118675,17,N/A
8954,2025-01-16 01:06:55.571726,23,N/A
8955,2025-01-16 01:06:58.166125,31,N/A
8956,2025-01-16 01:07:00.829856,25,N/A
8957,2025-01-16 01:07:03.186332,24,N/A
8958,2025-01-16 01:07:05.115504,15,N/A
8959,2025-01-16 01:08:39.738517,21,N/A
8960,2025-01-16 01:08:41.271022,16,N/A
8961,2025-01-16 01:08:44.060639,27,N/A
8962,2025-01-16 01:18:59.587486,17,N/A
8963,2025-01-16 01:19:02.646295,35,N/A
8964,2025-01-16 01:19:04.605044,19,N/A
8965,2025-01-16 01:19:06.893525,18,N/A
8966,2025-01-16 01:19:08.398854,8,N/A
8967,2025-01-16 01:19:10.381551,16,N/A
8968,2025-01-16 01:19:12.568366,21,N/A
8969,2025-01-16 01:19:15.447908,28,N/A
8970,2025-01-16 01:19:18.225402,29,N/A
8971,2025-01-16 01:19:20.788065,24,N/A
8972,2025-01-16 01:19:23.342501,24,N/A
8973,2025-01-16 01:19:24.961686,11,N/A
8974,2025-01-16 01:19:26.212016,5,N/A
8975,2025-01-16 01:19:28.197629,18,N/A
8976,2025-01-16 01:19:29.805678,11,N/A
8977,2025-01-16 01:19:31.596424,13,N/A
8978,2025-01-16 01:19:34.647180,32,N/A
8979,2025-01-16 01:19:37.407001,30,N/A
8980,2025-01-16 01:19:40.563526,31,N/A
8981,2025-01-16 01:35:08.852726,24,N/A
8982,2025-01-16 01:35:11.466573,29,N/A
8983,2025-01-16 01:35:13.157911,13,N/A
8984,2025-01-16 01:35:15.403314,21,N/A
8985,2025-01-16 01:35:17.344954,19,N/A
8986,2025-01-16 01:35:19.249447,17,N/A
8987,2025-01-16 01:35:21.917774,24,N/A
8988,2025-01-16 01:35:24.526588,25,N/A
8989,2025-01-16 01:35:26.911705,25,N/A
8990,2025-01-16 01:35:28.670879,16,N/A
8991,2025-01-16 01:50:56.251654,26,N/A
8992,2025-01-16 01:50:58.650644,25,N/A
8993,2025-01-16 01:51:01.780525,33,N/A
8994,2025-01-16 01:51:04.779944,33,N/A
8995,2025-01-16 01:51:07.682300,34,N/A
8996,2025-01-16 01:51:09.959502,21,N/A
8997,2025-01-16 01:51:12.576111,26,N/A
8998,2025-01-16 01:51:15.741145,31,N/A
8999,2025-01-16 01:51:17.694057,19,N/A
9000,2025-01-16 01:51:19.337199,11,N/A
9001,2025-01-16 01:51:22.447460,31,N/A
9002,2025-01-16 01:51:25.100949,30,N/A
9003,2025-01-16 01:51:29.888849,47,N/A
9004,2025-01-16 01:51:33.114681,29,N/A
9005,2025-01-16 01:51:35.384108,21,N/A
9006,2025-01-16 01:51:37.467744,18,N/A
9007,2025-01-16 02:07:04.994742,16,N/A
9008,2025-01-16 02:07:07.342402,25,N/A
9009,2025-01-16 02:07:09.261367,22,N/A
9010,2025-01-16 02:07:11.879331,21,N/A
9011,2025-01-16 02:07:14.113195,13,N/A
9012,2025-01-16 02:07:16.790933,27,N/A
9013,2025-01-16 02:07:18.168274,16,N/A
9014,2025-01-16 02:07:20.950111,36,N/A
9015,2025-01-16 02:07:23.659344,30,N/A
9016,2025-01-16 02:07:25.695473,21,N/A
9017,2025-01-16 02:07:28.769995,27,N/A
9018,2025-01-16 02:07:31.591604,28,N/A
9019,2025-01-16 02:07:33.790827,15,N/A
9020,2025-01-16 02:07:36.257719,21,N/A
9021,2025-01-16 02:07:38.503675,17,N/A
9022,2025-01-16 02:07:40.877961,24,N/A
9023,2025-01-16 02:07:43.389523,23,N/A
9024,2025-01-16 02:07:45.277260,15,N/A
9025,2025-01-16 02:23:13.227517,22,N/A
9026,2025-01-16 02:23:16.275339,32,N/A
9027,2025-01-16 02:23:18.567884,22,N/A
9028,2025-01-16 02:23:20.504789,16,N/A
9029,2025-01-16 02:23:22.561434,16,N/A
9030,2025-01-16 02:23:24.859597,24,N/A
9031,2025-01-16 02:23:27.581258,30,N/A
9032,2025-01-16 02:23:29.899665,17,N/A
9033,2025-01-16 02:23:32.405916,27,N/A
9034,2025-01-16 02:23:34.656339,15,N/A
9035,2025-01-16 02:23:36.302739,13,N/A
9036,2025-01-16 02:23:38.180005,15,N/A
9037,2025-01-16 02:23:40.427857,24,N/A
9038,2025-01-16 02:23:41.858848,7,N/A
9039,2025-01-16 02:23:44.316766,22,N/A
9040,2025-01-16 02:23:45.681271,7,N/A
9041,2025-01-16 02:23:48.706126,29,N/A
9042,2025-01-16 02:23:50.967728,21,N/A
9043,2025-01-16 02:23:53.083169,16,N/A
9044,2025-01-16 02:39:20.885396,27,N/A
9045,2025-01-16 02:39:23.188031,22,N/A
9046,2025-01-16 02:39:25.568109,23,N/A
9047,2025-01-16 02:39:28.803437,41,N/A
9048,2025-01-16 02:39:31.169632,22,N/A
9049,2025-01-16 02:39:33.209204,20,N/A
9050,2025-01-16 02:39:35.698047,27,N/A
9051,2025-01-16 02:39:37.846893,17,N/A
9052,2025-01-16 02:39:39.453198,15,N/A
9053,2025-01-16 02:39:41.251036,14,N/A
9054,2025-01-16 02:39:42.920118,11,N/A
9055,2025-01-16 02:39:45.054202,20,N/A
9056,2025-01-16 02:39:48.931680,42,N/A
9057,2025-01-16 02:39:50.829122,16,N/A
9058,2025-01-16 02:39:53.776797,29,N/A
9059,2025-01-16 02:39:56.574059,27,N/A
9060,2025-01-16 02:39:59.368803,29,N/A
9061,2025-01-16 02:55:28.073010,28,N/A
9062,2025-01-16 02:55:30.325025,22,N/A
9063,2025-01-16 02:55:33.909008,34,N/A
9064,2025-01-16 02:55:36.857410,27,N/A
9065,2025-01-16 02:55:39.463411,27,N/A
9066,2025-01-16 02:55:41.492289,15,N/A
9067,2025-01-16 02:55:44.195608,27,N/A
9068,2025-01-16 02:55:46.546505,22,N/A
9069,2025-01-16 02:55:48.664267,19,N/A
9070,2025-01-16 02:55:51.845680,36,N/A
9071,2025-01-16 02:55:54.352380,25,N/A
9072,2025-01-16 02:55:56.786436,27,N/A
9073,2025-01-16 02:55:58.918993,16,N/A
9074,2025-01-16 02:56:01.000047,17,N/A
9075,2025-01-16 02:56:03.763862,30,N/A
9076,2025-01-16 02:56:06.869517,31,N/A
9077,2025-01-16 03:11:35.411460,29,N/A
9078,2025-01-16 03:11:38.215382,37,N/A
9079,2025-01-16 03:11:40.865890,33,N/A
9080,2025-01-16 03:11:43.760809,32,N/A
9081,2025-01-16 03:11:45.916396,15,N/A
9082,2025-01-16 03:11:48.836548,38,N/A
9083,2025-01-16 03:11:50.586161,15,N/A
9084,2025-01-16 03:11:53.298275,30,N/A
9085,2025-01-16 03:11:55.759366,24,N/A
9086,2025-01-16 03:11:57.502620,12,N/A
9087,2025-01-16 03:11:59.888338,17,N/A
9088,2025-01-16 03:12:02.486042,25,N/A
9089,2025-01-16 03:12:04.325318,16,N/A
9090,2025-01-16 03:12:06.471996,23,N/A
9091,2025-01-16 03:12:09.412445,25,N/A
9092,2025-01-16 03:12:12.753730,31,N/A
9093,2025-01-16 03:12:16.675030,45,N/A
9094,2025-01-16 03:27:26.439693,23,N/A
9095,2025-01-16 03:27:29.026990,29,N/A
9096,2025-01-16 03:27:31.855008,30,N/A
9097,2025-01-16 03:27:36.486131,46,N/A
9098,2025-01-16 03:27:39.615346,31,N/A
9099,2025-01-16 03:27:42.076340,21,N/A
9100,2025-01-16 03:27:43.745190,11,N/A
9101,2025-01-16 03:27:46.315518,29,N/A
9102,2025-01-16 03:27:49.518283,32,N/A
9103,2025-01-16 03:27:52.461487,31,N/A
9104,2025-01-16 03:27:54.885958,20,N/A
9105,2025-01-16 03:27:56.293815,6,N/A
9106,2025-01-16 03:27:58.373413,20,N/A
9107,2025-01-16 03:28:00.086791,12,N/A
9108,2025-01-16 03:28:02.568536,18,N/A
9109,2025-01-16 03:28:04.728644,19,N/A
9110,2025-01-16 03:43:08.291275,25,N/A
9111,2025-01-16 03:43:11.103143,32,N/A
9112,2025-01-16 03:43:13.926173,32,N/A
9113,2025-01-16 03:43:16.337139,27,N/A
9114,2025-01-16 03:43:18.208999,15,N/A
9115,2025-01-16 03:43:20.727650,19,N/A
9116,2025-01-16 03:43:23.735325,33,N/A
9117,2025-01-16 03:43:26.194152,22,N/A
9118,2025-01-16 03:43:34.619802,19,N/A
9119,2025-01-16 03:43:37.467760,29,N/A
9120,2025-01-16 03:43:39.689365,19,N/A
9121,2025-01-16 03:43:42.142569,20,N/A
9122,2025-01-16 03:43:44.260805,17,N/A
9123,2025-01-16 03:43:46.638401,25,N/A
9124,2025-01-16 03:59:06.169826,32,N/A
9125,2025-01-16 03:59:08.824059,24,N/A
9126,2025-01-16 03:59:10.897905,22,N/A
9127,2025-01-16 03:59:12.951627,18,N/A
9128,2025-01-16 03:59:14.976376,19,N/A
9129,2025-01-16 03:59:17.613751,29,N/A
9130,2025-01-16 03:59:20.316390,25,N/A
9131,2025-01-16 03:59:23.010780,24,N/A
9132,2025-01-16 03:59:26.046833,30,N/A
9133,2025-01-16 03:59:27.381045,17,N/A
9134,2025-01-16 03:59:29.599636,12,N/A
9135,2025-01-16 03:59:31.523479,15,N/A
9136,2025-01-16 03:59:33.353903,15,N/A
9137,2025-01-16 03:59:36.420323,35,N/A
9138,2025-01-16 03:59:39.237116,28,N/A
9139,2025-01-16 03:59:42.193957,29,N/A
9140,2025-01-16 03:59:44.977324,30,N/A
9141,2025-01-16 03:59:47.171156,20,N/A
9142,2025-01-16 04:15:14.501567,19,N/A
9143,2025-01-16 04:15:16.456132,24,N/A
9144,2025-01-16 04:15:18.085921,10,N/A
9145,2025-01-16 04:15:20.260776,15,N/A
9146,2025-01-16 04:15:21.666357,9,N/A
9147,2025-01-16 04:15:24.631445,29,N/A
9148,2025-01-16 04:15:27.267991,27,N/A
9149,2025-01-16 04:15:29.601370,29,N/A
9150,2025-01-16 04:15:31.922753,24,N/A
9151,2025-01-16 04:15:34.004246,31,N/A
9152,2025-01-16 04:15:36.133311,18,N/A
9153,2025-01-16 04:15:39.349267,35,N/A
9154,2025-01-16 04:15:42.460045,32,N/A
9155,2025-01-16 04:15:43.533265,11,N/A
9156,2025-01-16 04:15:45.490048,20,N/A
9157,2025-01-16 04:15:47.481791,21,N/A
9158,2025-01-16 04:15:49.231737,14,N/A
9159,2025-01-16 04:15:51.960632,29,N/A
9160,2025-01-16 04:15:53.966627,17,N/A
9161,2025-01-16 04:16:04.619284,12,N/A
9162,2025-01-16 04:16:07.279397,32,N/A
9163,2025-01-16 04:16:08.933270,11,N/A
9164,2025-01-16 04:31:36.123133,23,N/A
9165,2025-01-16 04:31:38.891807,29,N/A
9166,2025-01-16 04:31:41.177873,30,N/A
9167,2025-01-16 04:31:42.986756,13,N/A
9168,2025-01-16 04:31:45.496814,29,N/A
9169,2025-01-16 04:31:47.101586,9,N/A
9170,2025-01-16 04:31:49.140087,16,N/A
9171,2025-01-16 04:31:51.507170,23,N/A
9172,2025-01-16 04:31:53.889743,22,N/A
9173,2025-01-16 04:31:55.755164,20,N/A
9174,2025-01-16 04:31:58.294005,21,N/A
9175,2025-01-16 04:32:00.756877,27,N/A
9176,2025-01-16 04:32:03.108260,21,N/A
9177,2025-01-16 04:32:05.819451,26,N/A
9178,2025-01-16 04:32:08.388079,26,N/A
9179,2025-01-16 04:32:10.079353,9,N/A
9180,2025-01-16 04:32:12.709847,27,N/A
9181,2025-01-16 04:32:16.293822,32,N/A
9182,2025-01-16 04:36:15.847919,27,N/A
9183,2025-01-16 04:36:17.239694,19,N/A
9184,2025-01-16 04:36:18.603286,13,N/A
9185,2025-01-16 04:36:19.991451,13,N/A
9186,2025-01-16 04:36:21.177670,20,N/A
9187,2025-01-16 04:36:21.879432,9,N/A
9188,2025-01-16 04:36:23.169133,30,N/A
9189,2025-01-16 04:36:24.018349,22,N/A
9190,2025-01-16 04:36:24.599303,4,N/A
9191,2025-01-16 04:36:25.628824,21,N/A
9192,2025-01-16 04:36:29.569996,23,N/A
9193,2025-01-16 04:36:30.648742,18,N/A
9194,2025-01-16 04:36:31.774671,23,N/A
9195,2025-01-16 04:36:32.413597,10,N/A
9196,2025-01-16 04:36:33.344766,20,N/A
9197,2025-01-16 04:36:36.260262,33,N/A
9198,2025-01-16 04:36:40.141211,22,N/A
9199,2025-01-16 04:36:42.693564,25,N/A
9200,2025-01-16 04:36:44.865616,18,N/A
9201,2025-01-16 04:36:46.938275,16,N/A
9202,2025-01-16 04:52:14.952156,18,N/A
9203,2025-01-16 04:52:17.535321,30,N/A
9204,2025-01-16 04:52:21.385683,39,N/A
9205,2025-01-16 04:52:24.024409,23,N/A
9206,2025-01-16 04:52:27.479336,40,N/A
9207,2025-01-16 04:52:30.526162,29,N/A
9208,2025-01-16 04:52:32.342410,17,N/A
9209,2025-01-16 04:52:34.664255,23,N/A
9210,2025-01-16 04:52:37.710185,22,N/A
9211,2025-01-16 04:52:39.764415,20,N/A
9212,2025-01-16 04:52:41.468612,11,N/A
9213,2025-01-16 04:52:43.779308,22,N/A
9214,2025-01-16 04:52:45.693704,18,N/A
9215,2025-01-16 04:52:48.670347,32,N/A
9216,2025-01-16 04:52:51.755702,31,N/A
9217,2025-01-16 04:52:54.523756,29,N/A
9218,2025-01-16 04:52:58.114826,42,N/A
9219,2025-01-16 05:08:27.549295,35,N/A
9220,2025-01-16 05:08:29.378422,20,N/A
9221,2025-01-16 05:08:31.884492,22,N/A
9222,2025-01-16 05:08:35.260105,34,N/A
9223,2025-01-16 05:08:37.395824,18,N/A
9224,2025-01-16 05:08:40.020176,29,N/A
9225,2025-01-16 05:08:41.407953,7,N/A
9226,2025-01-16 05:08:44.494514,32,N/A
9227,2025-01-16 05:08:46.908949,21,N/A
9228,2025-01-16 05:08:50.089037,32,N/A
9229,2025-01-16 05:08:51.853798,14,N/A
9230,2025-01-16 05:08:54.429609,22,N/A
9231,2025-01-16 05:08:56.859437,25,N/A
9232,2025-01-16 05:08:59.875294,32,N/A
9233,2025-01-16 05:09:01.527600,11,N/A
9234,2025-01-16 05:09:03.818747,19,N/A
9235,2025-01-16 05:09:06.531779,28,N/A
9236,2025-01-16 05:24:34.935750,22,N/A
9237,2025-01-16 05:24:36.938210,29,N/A
9238,2025-01-16 05:24:38.214237,7,N/A
9239,2025-01-16 05:24:40.623113,29,N/A
9240,2025-01-16 05:24:43.974729,36,N/A
9241,2025-01-16 05:24:47.315590,30,N/A
9242,2025-01-16 05:24:48.954950,19,N/A
9243,2025-01-16 05:24:51.391128,30,N/A
9244,2025-01-16 05:24:53.283877,18,N/A
9245,2025-01-16 05:24:55.411165,20,N/A
9246,2025-01-16 05:24:57.939401,24,N/A
9247,2025-01-16 05:25:00.716214,28,N/A
9248,2025-01-16 05:25:03.595889,31,N/A
9249,2025-01-16 05:25:05.366973,14,N/A
9250,2025-01-16 05:25:08.423360,29,N/A
9251,2025-01-16 05:25:09.906437,9,N/A
9252,2025-01-16 05:25:11.605019,13,N/A
9253,2025-01-16 05:25:14.203978,28,N/A
9254,2025-01-16 05:40:43.496037,34,N/A
9255,2025-01-16 05:40:45.903918,24,N/A
9256,2025-01-16 05:40:49.254798,36,N/A
9257,2025-01-16 05:40:51.960278,25,N/A
9258,2025-01-16 05:40:54.466033,22,N/A
9259,2025-01-16 05:40:57.503086,30,N/A
9260,2025-01-16 05:41:00.311029,32,N/A
9261,2025-01-16 05:41:01.803200,8,N/A
9262,2025-01-16 05:41:04.828429,33,N/A
9263,2025-01-16 05:41:06.983945,22,N/A
9264,2025-01-16 05:41:08.923181,18,N/A
9265,2025-01-16 05:41:10.842390,14,N/A
9266,2025-01-16 05:41:13.749011,31,N/A
9267,2025-01-16 05:41:16.152569,23,N/A
9268,2025-01-16 05:41:19.458689,31,N/A
9269,2025-01-16 05:41:20.780106,7,N/A
9270,2025-01-16 05:56:49.323710,30,N/A
9271,2025-01-16 05:56:52.128870,28,N/A
9272,2025-01-16 05:56:54.439145,21,N/A
9273,2025-01-16 05:56:56.600984,23,N/A
9274,2025-01-16 05:56:58.922810,22,N/A
9275,2025-01-16 05:57:01.263853,24,N/A
9276,2025-01-16 05:57:03.981876,32,N/A
9277,2025-01-16 05:57:06.382707,27,N/A
9278,2025-01-16 05:57:08.542396,20,N/A
9279,2025-01-16 05:57:09.818752,7,N/A
9280,2025-01-16 05:57:12.346927,30,N/A
9281,2025-01-16 05:57:15.564443,35,N/A
9282,2025-01-16 05:57:18.067599,25,N/A
9283,2025-01-16 05:57:19.357404,4,N/A
9284,2025-01-16 05:57:21.760985,23,N/A
9285,2025-01-16 05:57:24.837877,36,N/A
9286,2025-01-16 05:57:26.377155,9,N/A
9287,2025-01-16 05:57:28.416413,16,N/A
9288,2025-01-16 06:00:59.398518,19,N/A
9289,2025-01-16 06:01:02.521859,25,N/A
9290,2025-01-16 06:01:04.874814,30,N/A
9291,2025-01-16 06:01:06.683661,17,N/A
9292,2025-01-16 06:16:34.973497,20,N/A
9293,2025-01-16 06:16:37.089845,19,N/A
9294,2025-01-16 06:16:39.596572,18,N/A
9295,2025-01-16 06:16:40.570366,15,N/A
9296,2025-01-16 06:16:42.076362,7,N/A
9297,2025-01-16 06:16:44.274297,20,N/A
9298,2025-01-16 06:16:47.925631,39,N/A
9299,2025-01-16 06:16:51.105676,33,N/A
9300,2025-01-16 06:16:53.530502,28,N/A
9301,2025-01-16 06:16:55.942118,34,N/A
9302,2025-01-16 06:16:57.819769,18,N/A
9303,2025-01-16 06:16:59.954641,17,N/A
9304,2025-01-16 06:17:01.909918,16,N/A
9305,2025-01-16 06:17:05.171302,33,N/A
9306,2025-01-16 06:17:07.137831,13,N/A
9307,2025-01-16 06:17:09.902778,26,N/A
9308,2025-01-16 06:17:11.094276,18,N/A
9309,2025-01-16 06:17:14.115429,32,N/A
9310,2025-01-16 06:32:42.884120,30,N/A
9311,2025-01-16 06:32:45.234527,28,N/A
9312,2025-01-16 06:32:48.070582,26,N/A
9313,2025-01-16 06:32:51.772262,31,N/A
9314,2025-01-16 06:32:54.650226,25,N/A
9315,2025-01-16 06:32:57.670333,28,N/A
9316,2025-01-16 06:33:00.883884,31,N/A
9317,2025-01-16 06:33:03.444770,22,N/A
9318,2025-01-16 06:33:05.847620,24,N/A
9319,2025-01-16 06:33:08.619190,21,N/A
9320,2025-01-16 06:33:10.330572,15,N/A
9321,2025-01-16 06:33:13.151230,29,N/A
9322,2025-01-16 06:33:15.644311,32,N/A
9323,2025-01-16 06:33:17.794293,21,N/A
9324,2025-01-16 06:33:21.525207,34,N/A
9325,2025-01-16 06:48:50.020540,22,N/A
9326,2025-01-16 06:48:51.893288,13,N/A
9327,2025-01-16 06:48:53.881513,18,N/A
9328,2025-01-16 06:48:58.088347,47,N/A
9329,2025-01-16 06:49:00.309429,21,N/A
9330,2025-01-16 06:49:02.967420,27,N/A
9331,2025-01-16 06:49:05.985550,34,N/A
9332,2025-01-16 06:49:07.936096,16,N/A
9333,2025-01-16 06:49:10.670712,32,N/A
9334,2025-01-16 06:49:13.302154,24,N/A
9335,2025-01-16 06:49:15.326083,18,N/A
9336,2025-01-16 06:49:17.749428,23,N/A
9337,2025-01-16 06:49:20.678915,35,N/A
9338,2025-01-16 06:49:22.562263,18,N/A
9339,2025-01-16 06:49:26.133724,38,N/A
9340,2025-01-16 06:49:28.138682,15,N/A
9341,2025-01-16 06:49:29.769134,12,N/A
9342,2025-01-16 07:04:38.817357,19,N/A
9343,2025-01-16 07:04:41.984314,36,N/A
9344,2025-01-16 07:04:44.229669,25,N/A
9345,2025-01-16 07:04:47.300206,32,N/A
9346,2025-01-16 07:04:48.726636,8,N/A
9347,2025-01-16 07:04:51.938263,38,N/A
9348,2025-01-16 07:04:53.645551,13,N/A
9349,2025-01-16 07:04:56.104762,21,N/A
9350,2025-01-16 07:04:59.124451,31,N/A
9351,2025-01-16 07:05:01.935898,26,N/A
9352,2025-01-16 07:05:04.615793,29,N/A
9353,2025-01-16 07:05:06.776192,21,N/A
9354,2025-01-16 07:05:09.272085,26,N/A
9355,2025-01-16 07:05:11.297240,18,N/A
9356,2025-01-16 07:05:14.272326,35,N/A
9357,2025-01-16 07:05:16.363440,17,N/A
9358,2025-01-16 07:05:18.988294,24,N/A
9359,2025-01-16 07:20:47.574372,22,N/A
9360,2025-01-16 07:20:49.848933,24,N/A
9361,2025-01-16 07:20:50.915343,13,N/A
9362,2025-01-16 07:20:53.571021,30,N/A
9363,2025-01-16 07:20:55.381252,14,N/A
9364,2025-01-16 07:20:57.981211,28,N/A
9365,2025-01-16 07:21:00.811620,27,N/A
9366,2025-01-16 07:21:02.993709,34,N/A
9367,2025-01-16 07:21:05.820773,35,N/A
9368,2025-01-16 07:21:07.973539,22,N/A
9369,2025-01-16 07:21:09.906524,14,N/A
9370,2025-01-16 07:21:11.176802,5,N/A
9371,2025-01-16 07:21:13.367224,22,N/A
9372,2025-01-16 07:21:15.779871,29,N/A
9373,2025-01-16 07:21:18.010679,21,N/A
9374,2025-01-16 07:21:20.636373,29,N/A
9375,2025-01-16 07:21:22.345284,13,N/A
9376,2025-01-16 07:21:25.091602,27,N/A
9377,2025-01-16 07:21:27.084622,19,N/A
9378,2025-01-16 07:36:40.225064,14,N/A
9379,2025-01-16 07:36:42.964587,29,N/A
9380,2025-01-16 07:36:45.214576,20,N/A
9381,2025-01-16 07:36:47.302592,19,N/A
9382,2025-01-16 07:36:48.774941,9,N/A
9383,2025-01-16 07:36:50.752584,20,N/A
9384,2025-01-16 07:36:52.536047,14,N/A
9385,2025-01-16 07:36:54.052124,10,N/A
9386,2025-01-16 07:36:57.767691,38,N/A
9387,2025-01-16 07:36:59.805592,19,N/A
9388,2025-01-16 07:37:01.846332,18,N/A
9389,2025-01-16 07:37:04.608439,26,N/A
9390,2025-01-16 07:37:06.165625,10,N/A
9391,2025-01-16 07:37:08.083828,15,N/A
9392,2025-01-16 07:37:10.581538,27,N/A
9393,2025-01-16 07:37:12.608024,21,N/A
9394,2025-01-16 07:37:15.927688,36,N/A
9395,2025-01-16 07:37:17.658460,10,N/A
9396,2025-01-16 07:37:19.589274,19,N/A
9397,2025-01-16 07:37:21.229692,16,N/A
9398,2025-01-16 07:52:41.753348,27,N/A
9399,2025-01-16 07:52:44.204973,24,N/A
9400,2025-01-16 07:52:47.592226,31,N/A
9401,2025-01-16 07:52:49.388551,14,N/A
9402,2025-01-16 07:52:51.367411,19,N/A
9403,2025-01-16 07:52:53.499821,21,N/A
9404,2025-01-16 07:52:55.576785,24,N/A
9405,2025-01-16 07:52:57.052473,13,N/A
9406,2025-01-16 07:52:59.071856,17,N/A
9407,2025-01-16 07:53:01.316999,26,N/A
9408,2025-01-16 07:53:03.357219,21,N/A
9409,2025-01-16 07:53:05.455617,31,N/A
9410,2025-01-16 07:53:07.579388,22,N/A
9411,2025-01-16 07:53:11.095357,42,N/A
9412,2025-01-16 07:53:12.825889,12,N/A
9413,2025-01-16 07:53:15.161189,21,N/A
9414,2025-01-16 07:53:17.541260,25,N/A
9415,2025-01-16 07:53:20.355798,29,N/A
9416,2025-01-16 07:53:22.766490,21,N/A
9417,2025-01-16 07:53:26.186985,16,N/A
9418,2025-01-16 07:53:28.370129,22,N/A
9419,2025-01-16 07:53:30.182025,16,N/A
9420,2025-01-16 07:53:32.318229,19,N/A
9421,2025-01-16 07:53:34.026865,10,N/A
9422,2025-01-16 08:02:00.106751,20,N/A
9423,2025-01-16 08:02:02.342145,19,N/A
9424,2025-01-16 08:02:03.834651,8,N/A
9425,2025-01-16 08:02:06.152153,22,N/A
9426,2025-01-16 08:02:07.773615,11,N/A
9427,2025-01-16 08:02:09.852792,18,N/A
9428,2025-01-16 08:02:12.311154,25,N/A
9429,2025-01-16 08:02:15.272962,28,N/A
9430,2025-01-16 08:02:17.239139,16,N/A
9431,2025-01-16 08:02:19.181830,16,N/A
9432,2025-01-16 08:02:21.506645,33,N/A
9433,2025-01-16 08:02:24.011136,30,N/A
9434,2025-01-16 08:02:26.567297,29,N/A
9435,2025-01-16 08:02:28.988653,18,N/A
9436,2025-01-16 08:02:30.754359,13,N/A
9437,2025-01-16 08:02:32.776617,16,N/A
9438,2025-01-16 08:02:34.956482,18,N/A
9439,2025-01-16 08:02:37.814941,26,N/A
9440,2025-01-16 08:02:39.160475,5,N/A
9441,2025-01-16 08:18:07.641055,34,N/A
9442,2025-01-16 08:18:10.194794,22,N/A
9443,2025-01-16 08:18:12.357948,30,N/A
9444,2025-01-16 08:18:14.125572,13,N/A
9445,2025-01-16 08:18:15.946200,11,N/A
9446,2025-01-16 08:18:18.212989,23,N/A
9447,2025-01-16 08:18:20.867129,23,N/A
9448,2025-01-16 08:18:23.064871,34,N/A
9449,2025-01-16 08:18:25.597124,26,N/A
9450,2025-01-16 08:18:28.196143,30,N/A
9451,2025-01-16 08:18:29.757821,15,N/A
9452,2025-01-16 08:18:31.564957,13,N/A
9453,2025-01-16 08:18:34.055106,25,N/A
9454,2025-01-16 08:18:35.949603,16,N/A
9455,2025-01-16 08:18:37.849881,18,N/A
9456,2025-01-16 08:18:40.716505,31,N/A
9457,2025-01-16 08:18:43.646281,29,N/A
9458,2025-01-16 08:18:46.154488,30,N/A
9459,2025-01-16 08:18:47.962440,14,N/A
9460,2025-01-16 08:33:54.414141,21,N/A
9461,2025-01-16 08:33:58.263540,37,N/A
9462,2025-01-16 08:34:00.430479,22,N/A
9463,2025-01-16 08:34:02.918831,25,N/A
9464,2025-01-16 08:34:05.563952,25,N/A
9465,2025-01-16 08:34:07.931534,20,N/A
9466,2025-01-16 08:34:10.377884,17,N/A
9467,2025-01-16 08:34:13.082393,30,N/A
9468,2025-01-16 08:34:16.146130,32,N/A
9469,2025-01-16 08:34:18.930073,34,N/A
9470,2025-01-16 08:34:21.196572,20,N/A
9471,2025-01-16 08:34:23.789366,24,N/A
9472,2025-01-16 08:34:25.575542,14,N/A
9473,2025-01-16 08:34:26.850054,5,N/A
9474,2025-01-16 08:34:29.366332,22,N/A
9475,2025-01-16 08:34:32.531521,36,N/A
9476,2025-01-16 08:34:35.213405,23,N/A
9477,2025-01-16 08:34:37.163217,17,N/A
9478,2025-01-16 08:50:04.933491,17,N/A
9479,2025-01-16 08:50:07.156318,15,N/A
9480,2025-01-16 08:50:09.192146,16,N/A
9481,2025-01-16 08:50:11.126461,20,N/A
9482,2025-01-16 08:50:13.406492,16,N/A
9483,2025-01-16 08:50:15.449522,15,N/A
9484,2025-01-16 08:50:17.369846,15,N/A
9485,2025-01-16 08:50:19.423038,16,N/A
9486,2025-01-16 08:50:21.801511,24,N/A
9487,2025-01-16 08:50:24.075859,18,N/A
9488,2025-01-16 08:50:26.413040,22,N/A
9489,2025-01-16 08:50:29.401906,31,N/A
9490,2025-01-16 08:50:32.416743,27,N/A
9491,2025-01-16 08:50:35.513604,32,N/A
9492,2025-01-16 08:50:38.145991,28,N/A
9493,2025-01-16 08:50:39.746394,13,N/A
9494,2025-01-16 08:50:41.855630,18,N/A
9495,2025-01-16 08:50:44.812210,31,N/A
9496,2025-01-16 09:02:59.691860,24,N/A
9497,2025-01-16 09:03:01.745979,17,N/A
9498,2025-01-16 09:03:03.388835,11,N/A
9499,2025-01-16 09:03:05.672097,20,N/A
9500,2025-01-16 09:03:08.153533,23,N/A
9501,2025-01-16 09:03:10.139642,18,N/A
9502,2025-01-16 09:03:13.274159,33,N/A
9503,2025-01-16 09:03:16.056021,34,N/A
9504,2025-01-16 09:03:18.893709,25,N/A
9505,2025-01-16 09:03:22.573922,34,N/A
9506,2025-01-16 09:03:25.141140,24,N/A
9507,2025-01-16 09:03:26.734669,14,N/A
9508,2025-01-16 09:03:28.964873,25,N/A
9509,2025-01-16 09:03:30.708639,13,N/A
9510,2025-01-16 09:03:33.586460,28,N/A
9511,2025-01-16 09:03:36.852475,39,N/A
9512,2025-01-16 09:03:38.801531,15,N/A
9513,2025-01-16 09:19:07.581764,30,N/A
9514,2025-01-16 09:19:09.462596,15,N/A
9515,2025-01-16 09:19:11.452077,26,N/A
9516,2025-01-16 09:19:13.259500,26,N/A
9517,2025-01-16 09:19:16.433690,32,N/A
9518,2025-01-16 09:19:17.910101,8,N/A
9519,2025-01-16 09:19:19.645074,15,N/A
9520,2025-01-16 09:19:21.698896,14,N/A
9521,2025-01-16 09:19:23.482472,24,N/A
9522,2025-01-16 09:19:25.739891,25,N/A
9523,2025-01-16 09:19:27.647845,15,N/A
9524,2025-01-16 09:19:30.653744,33,N/A
9525,2025-01-16 09:19:33.734608,34,N/A
9526,2025-01-16 09:19:36.197974,24,N/A
9527,2025-01-16 09:19:38.239327,25,N/A
9528,2025-01-16 09:19:40.622109,25,N/A
9529,2025-01-16 09:19:42.645232,19,N/A
9530,2025-01-16 09:19:44.665666,17,N/A
9531,2025-01-16 09:19:47.799507,34,N/A
9532,2025-01-16 09:21:38.425021,26,N/A
9533,2025-01-16 09:21:41.164723,36,N/A
9534,2025-01-16 09:21:43.248031,18,N/A
9535,2025-01-16 09:21:45.011247,15,N/A
9536,2025-01-16 09:21:47.840939,30,N/A
9537,2025-01-16 09:37:15.846985,17,N/A
9538,2025-01-16 09:37:18.060680,23,N/A
9539,2025-01-16 09:37:20.106019,22,N/A
9540,2025-01-16 09:37:22.737892,24,N/A
9541,2025-01-16 09:37:24.880991,17,N/A
9542,2025-01-16 09:37:27.392909,24,N/A
9543,2025-01-16 09:37:29.588385,19,N/A
9544,2025-01-16 09:37:32.116089,22,N/A
9545,2025-01-16 09:37:34.331100,19,N/A
9546,2025-01-16 09:37:36.590334,21,N/A
9547,2025-01-16 09:37:39.072057,26,N/A
9548,2025-01-16 09:37:42.197840,34,N/A
9549,2025-01-16 09:37:44.957235,27,N/A
9550,2025-01-16 09:37:46.905747,15,N/A
9551,2025-01-16 09:37:49.235326,16,N/A
9552,2025-01-16 09:37:50.581535,6,N/A
9553,2025-01-16 09:37:53.322480,22,N/A
9554,2025-01-16 09:37:55.398237,18,N/A
9555,2025-01-16 09:53:23.797618,24,N/A
9556,2025-01-16 09:53:25.385750,11,N/A
9557,2025-01-16 09:53:28.037263,29,N/A
9558,2025-01-16 09:53:30.263194,20,N/A
9559,2025-01-16 09:53:32.626295,19,N/A
9560,2025-01-16 09:53:34.440747,13,N/A
9561,2025-01-16 09:53:36.550330,19,N/A
9562,2025-01-16 09:53:38.635923,17,N/A
9563,2025-01-16 09:53:41.172011,21,N/A
9564,2025-01-16 09:53:43.497209,18,N/A
9565,2025-01-16 09:53:46.445331,27,N/A
9566,2025-01-16 09:53:48.719656,20,N/A
9567,2025-01-16 09:53:50.320082,11,N/A
9568,2025-01-16 09:53:52.853953,19,N/A
9569,2025-01-16 09:53:55.683528,24,N/A
9570,2025-01-16 09:53:58.082392,22,N/A
9571,2025-01-16 09:54:00.979276,30,N/A
9572,2025-01-16 09:54:02.574897,10,N/A
9573,2025-01-16 10:03:59.550487,36,N/A
9574,2025-01-16 10:03:59.926483,18,N/A
9575,2025-01-16 10:04:01.045517,35,N/A
9576,2025-01-16 10:04:04.193318,29,N/A
9577,2025-01-16 10:04:06.448710,22,N/A
9578,2025-01-16 10:04:09.420664,31,N/A
9579,2025-01-16 10:04:11.126873,12,N/A
9580,2025-01-16 10:04:13.386309,20,N/A
9581,2025-01-16 10:04:15.899443,22,N/A
9582,2025-01-16 10:04:18.965364,33,N/A
9583,2025-01-16 10:04:21.490981,26,N/A
9584,2025-01-16 10:04:24.000283,20,N/A
9585,2025-01-16 10:04:26.437288,26,N/A
9586,2025-01-16 10:04:29.024501,26,N/A
9587,2025-01-16 10:04:30.552767,12,N/A
9588,2025-01-16 10:04:33.012458,22,N/A
9589,2025-01-16 10:04:35.447943,21,N/A
9590,2025-01-16 10:04:37.408755,16,N/A
9591,2025-01-16 10:04:39.059434,11,N/A
9592,2025-01-16 10:04:40.498077,7,N/A
9593,2025-01-16 10:19:44.906863,34,N/A
9594,2025-01-16 10:19:46.304920,16,N/A
9595,2025-01-16 10:19:47.634333,22,N/A
9596,2025-01-16 10:19:49.898981,25,N/A
9597,2025-01-16 10:19:53.797672,45,N/A
9598,2025-01-16 10:19:56.660071,30,N/A
9599,2025-01-16 10:25:03.111662,22,N/A
9600,2025-01-16 10:25:06.033314,33,N/A
9601,2025-01-16 10:25:08.057034,17,N/A
9602,2025-01-16 10:25:09.836468,13,N/A
9603,2025-01-16 10:25:11.886741,17,N/A
9604,2025-01-16 10:26:18.937623,29,N/A
9605,2025-01-16 10:26:20.926946,13,N/A
9606,2025-01-16 10:26:22.751117,17,N/A
9607,2025-01-16 10:26:24.186930,14,N/A
9608,2025-01-16 10:26:26.931260,29,N/A
9609,2025-01-16 10:26:28.498501,9,N/A
9610,2025-01-16 10:26:30.268063,11,N/A
9611,2025-01-16 10:43:42.959957,24,N/A
9612,2025-01-16 10:43:46.227113,36,N/A
9613,2025-01-16 11:00:31.273731,35,N/A
9614,2025-01-16 11:00:31.748205,30,N/A
9615,2025-01-16 11:00:33.156097,29,N/A
9616,2025-01-16 11:00:36.614326,32,N/A
9617,2025-01-16 11:00:37.356100,6,N/A
9618,2025-01-16 11:00:44.734341,22,N/A
9619,2025-01-16 11:00:47.835917,16,N/A
9620,2025-01-16 11:00:50.460965,23,N/A
9621,2025-01-16 11:01:23.748483,14,N/A
9622,2025-01-16 11:01:24.989091,12,N/A
9623,2025-01-16 11:01:25.958945,8,N/A
9624,2025-01-16 11:01:27.547112,17,N/A
9625,2025-01-16 11:01:29.450188,24,N/A
9626,2025-01-16 11:01:30.972148,18,N/A
9627,2025-01-16 11:01:32.283330,19,N/A
9628,2025-01-16 11:01:33.027335,15,N/A
9629,2025-01-16 11:01:34.271495,36,N/A
9630,2025-01-16 11:01:36.384344,31,N/A
9631,2025-01-16 11:01:37.668273,22,N/A
9632,2025-01-16 11:01:38.548574,19,N/A
9633,2025-01-16 11:01:39.488972,17,N/A
9634,2025-01-16 11:01:40.556014,20,N/A
9635,2025-01-16 11:01:41.821615,15,N/A
9636,2025-01-16 11:01:42.839469,17,N/A
9637,2025-01-16 11:01:45.324300,34,N/A
9638,2025-01-16 11:01:46.333754,1,N/A
9639,2025-01-16 11:01:47.630929,12,N/A
9640,2025-01-16 11:01:50.327784,28,N/A
9641,2025-01-16 11:01:53.047585,31,N/A
9642,2025-01-16 11:01:54.821073,15,N/A
9643,2025-01-16 11:01:57.021414,24,N/A
9644,2025-01-16 11:01:58.487385,14,N/A
9645,2025-01-16 11:01:59.714535,11,N/A
9646,2025-01-16 11:02:01.831200,18,N/A
9647,2025-01-16 11:02:04.541214,33,N/A
9648,2025-01-16 11:02:07.199135,28,N/A
9649,2025-01-16 11:02:08.730148,17,N/A
9650,2025-01-16 11:02:10.080852,19,N/A
9651,2025-01-16 11:02:12.555343,18,N/A
9652,2025-01-16 11:02:14.738097,20,N/A
9653,2025-01-16 11:02:16.934408,22,N/A
9654,2025-01-16 11:02:19.047868,17,N/A
9655,2025-01-16 11:02:21.230764,23,N/A
9656,2025-01-16 11:02:23.564966,17,N/A
9657,2025-01-16 11:02:26.399253,29,N/A
9658,2025-01-16 11:02:28.590797,15,N/A
9659,2025-01-16 11:02:30.448475,15,N/A
9660,2025-01-16 11:02:32.383817,17,N/A
9661,2025-01-16 11:02:34.656428,18,N/A
9662,2025-01-16 11:02:37.434320,27,N/A
9663,2025-01-16 11:02:39.958399,25,N/A
9664,2025-01-16 11:02:41.918198,17,N/A
9665,2025-01-16 11:02:44.243899,22,N/A
9666,2025-01-16 11:02:46.788108,21,N/A
9667,2025-01-16 11:02:48.868336,14,N/A
9668,2025-01-16 11:02:51.391869,24,N/A
9669,2025-01-16 11:02:53.524589,17,N/A
9670,2025-01-16 11:02:56.587376,32,N/A
9671,2025-01-16 11:02:59.114766,18,N/A
9672,2025-01-16 11:03:02.014155,29,N/A
9673,2025-01-16 11:03:04.967095,34,N/A
9674,2025-01-16 11:03:06.331265,6,N/A
9675,2025-01-16 11:03:07.872792,9,N/A
9676,2025-01-16 11:03:09.954477,15,N/A
9677,2025-01-16 11:03:12.509977,25,N/A
9678,2025-01-16 11:03:16.872164,31,N/A
9679,2025-01-16 11:03:18.878789,14,N/A
9680,2025-01-16 11:03:28.516667,20,N/A
9681,2025-01-16 11:03:31.397725,25,N/A
9682,2025-01-16 11:03:33.893032,12,N/A
9683,2025-01-16 11:03:35.658955,10,N/A
9684,2025-01-16 11:03:38.088940,15,N/A
9685,2025-01-16 11:03:40.523306,21,N/A
9686,2025-01-16 11:03:43.014600,28,N/A
9687,2025-01-16 11:03:45.406534,19,N/A
9688,2025-01-16 11:03:47.153410,13,N/A
9689,2025-01-16 11:03:49.504127,23,N/A
9690,2025-01-16 11:03:52.319833,22,N/A
9691,2025-01-16 11:03:54.483915,18,N/A
9692,2025-01-16 11:03:56.241543,10,N/A
9693,2025-01-16 11:03:58.565622,20,N/A
9694,2025-01-16 11:04:00.739404,17,N/A
9695,2025-01-16 11:04:02.545347,15,N/A
9696,2025-01-16 11:04:05.129054,25,N/A
9697,2025-01-16 11:04:06.551918,23,N/A
9698,2025-01-16 11:04:07.520829,27,N/A
9699,2025-01-16 11:04:08.316468,21,N/A
9700,2025-01-16 11:04:09.553259,29,N/A
9701,2025-01-16 11:04:10.784214,34,N/A
9702,2025-01-16 11:04:11.605454,18,N/A
9703,2025-01-16 11:04:12.377282,15,N/A
9704,2025-01-16 11:04:13.385235,27,N/A
9705,2025-01-16 11:04:14.576798,33,N/A
9706,2025-01-16 11:04:15.580088,25,N/A
9707,2025-01-16 11:04:16.420273,17,N/A
9708,2025-01-16 11:04:17.288547,19,N/A
9709,2025-01-16 11:04:18.537971,22,N/A
9710,2025-01-16 11:04:20.056025,27,N/A
9711,2025-01-16 11:04:20.736491,5,N/A
9712,2025-01-16 11:04:21.762640,11,N/A
9713,2025-01-16 11:04:24.130614,22,N/A
9714,2025-01-16 11:04:25.054283,13,N/A
9715,2025-01-16 11:04:25.854300,16,N/A
9716,2025-01-16 11:04:26.826768,13,N/A
9717,2025-01-16 11:04:27.789113,19,N/A
9718,2025-01-16 11:04:29.352308,38,N/A
9719,2025-01-16 11:04:30.369791,25,N/A
9720,2025-01-16 11:04:31.032722,8,N/A
9721,2025-01-16 11:04:32.013778,26,N/A
9722,2025-01-16 11:04:32.789058,13,N/A
9723,2025-01-16 11:04:33.875379,25,N/A
9724,2025-01-16 11:04:34.566878,12,N/A
9725,2025-01-16 11:04:35.584591,28,N/A
9726,2025-01-16 11:04:36.220766,7,N/A
9727,2025-01-16 11:04:37.199546,22,N/A
9728,2025-01-16 11:04:38.206061,21,N/A
9729,2025-01-16 11:04:39.038728,17,N/A
9730,2025-01-16 11:04:39.927693,17,N/A
9731,2025-01-16 11:04:40.763849,17,N/A
9732,2025-01-16 11:04:41.321253,3,N/A
9733,2025-01-16 11:04:41.953135,8,N/A
9734,2025-01-16 11:04:42.878086,19,N/A
9735,2025-01-16 11:04:43.785849,19,N/A
9736,2025-01-16 11:04:45.337692,34,N/A
9737,2025-01-16 11:04:46.508299,28,N/A
9738,2025-01-16 11:04:47.926555,32,N/A
9739,2025-01-16 11:04:48.911777,16,N/A
9740,2025-01-16 11:04:49.979956,23,N/A
9741,2025-01-16 11:04:51.006399,17,N/A
9742,2025-01-16 11:04:52.472617,32,N/A
9743,2025-01-16 11:04:53.209094,15,N/A
9744,2025-01-16 11:04:53.823796,9,N/A
9745,2025-01-16 11:04:54.697317,18,N/A
9746,2025-01-16 11:04:55.471067,15,N/A
9747,2025-01-16 11:04:56.540612,24,N/A
9748,2025-01-16 11:04:57.279562,13,N/A
9749,2025-01-16 11:04:58.350585,13,N/A
9750,2025-01-16 11:05:00.473745,32,N/A
9751,2025-01-16 11:05:01.341533,23,N/A
9752,2025-01-16 11:05:02.281771,25,N/A
9753,2025-01-16 11:05:03.234772,23,N/A
9754,2025-01-16 11:05:03.822096,11,N/A
9755,2025-01-16 11:05:04.595512,17,N/A
9756,2025-01-16 11:05:05.434515,23,N/A
9757,2025-01-16 11:05:06.256269,15,N/A
9758,2025-01-16 11:05:07.188285,21,N/A
9759,2025-01-16 11:05:08.366311,35,N/A
9760,2025-01-16 11:05:09.268122,24,N/A
9761,2025-01-16 11:05:10.213370,23,N/A
9762,2025-01-16 11:05:11.265757,26,N/A
9763,2025-01-16 11:05:12.100787,18,N/A
9764,2025-01-16 11:05:12.722739,12,N/A
9765,2025-01-16 11:05:15.122168,29,N/A
9766,2025-01-16 11:05:16.192285,17,N/A
9767,2025-01-16 11:05:17.370662,27,N/A
9768,2025-01-16 11:05:18.208781,22,N/A
9769,2025-01-16 11:05:19.489331,36,N/A
9770,2025-01-16 11:05:20.233796,15,N/A
9771,2025-01-16 11:05:21.241003,27,N/A
9772,2025-01-16 11:05:23.260933,27,N/A
9773,2025-01-16 11:05:24.136111,14,N/A
9774,2025-01-16 11:05:25.022893,21,N/A
9775,2025-01-16 11:05:26.737240,26,N/A
9776,2025-01-16 11:05:29.491205,24,N/A
9777,2025-01-16 11:05:31.022550,11,N/A
9778,2025-01-16 11:05:33.430597,26,N/A
9779,2025-01-16 11:05:35.763335,24,N/A
9780,2025-01-16 11:05:37.585740,15,N/A
9781,2025-01-16 11:05:40.562840,28,N/A
9782,2025-01-16 11:05:43.112409,27,N/A
9783,2025-01-16 11:05:46.016806,31,N/A
9784,2025-01-16 11:05:47.682294,10,N/A
9785,2025-01-16 11:05:49.629316,15,N/A
9786,2025-01-16 11:05:53.280436,40,N/A
9787,2025-01-16 11:05:55.315995,13,N/A
9788,2025-01-16 11:05:57.241379,16,N/A
9789,2025-01-16 11:05:59.343035,22,N/A
9790,2025-01-16 11:06:02.356888,31,N/A
9791,2025-01-16 11:06:04.417921,18,N/A
9792,2025-01-16 11:06:06.870014,26,N/A
9793,2025-01-16 11:06:08.906564,13,N/A
9794,2025-01-16 11:06:11.477356,29,N/A
9795,2025-01-16 11:06:13.053550,9,N/A
9796,2025-01-16 11:06:15.552172,24,N/A
9797,2025-01-16 11:06:17.659177,20,N/A
9798,2025-01-16 11:06:19.823560,21,N/A
9799,2025-01-16 11:06:22.743231,33,N/A
9800,2025-01-16 11:06:24.667234,19,N/A
9801,2025-01-16 11:06:27.020835,23,N/A
9802,2025-01-16 11:06:29.705637,28,N/A
9803,2025-01-16 11:06:32.190950,22,N/A
9804,2025-01-16 11:06:34.956411,24,N/A
9805,2025-01-16 11:06:37.720662,29,N/A
9806,2025-01-16 11:06:39.512402,14,N/A
9807,2025-01-16 11:06:41.829420,21,N/A
9808,2025-01-16 11:06:44.058799,24,N/A
9809,2025-01-16 11:06:46.118400,17,N/A
9810,2025-01-16 11:06:48.090229,16,N/A
9811,2025-01-16 11:06:50.747088,28,N/A
9812,2025-01-16 11:06:53.610698,30,N/A
9813,2025-01-16 11:06:56.907856,32,N/A
9814,2025-01-16 11:06:59.297527,29,N/A
9815,2025-01-16 11:07:01.141591,17,N/A
9816,2025-01-16 11:07:02.815797,13,N/A
9817,2025-01-16 11:07:05.511305,26,N/A
9818,2025-01-16 11:07:07.454521,16,N/A
9819,2025-01-16 11:07:09.317791,14,N/A
9820,2025-01-16 11:07:12.102639,30,N/A
9821,2025-01-16 11:07:14.297631,23,N/A
9822,2025-01-16 11:07:16.135201,15,N/A
9823,2025-01-16 11:07:18.233209,18,N/A
9824,2025-01-16 11:07:20.731446,23,N/A
9825,2025-01-16 11:07:22.426328,10,N/A
9826,2025-01-16 11:07:24.348986,13,N/A
9827,2025-01-16 11:07:26.380905,18,N/A
9828,2025-01-16 11:07:28.894570,23,N/A
9829,2025-01-16 11:07:31.832575,30,N/A
9830,2025-01-16 11:07:34.155458,18,N/A
9831,2025-01-16 11:07:37.264876,33,N/A
9832,2025-01-16 11:07:39.269294,15,N/A
9833,2025-01-16 11:07:41.346099,19,N/A
9834,2025-01-16 11:07:44.007596,25,N/A
9835,2025-01-16 11:07:46.714872,26,N/A
9836,2025-01-16 11:07:48.562993,11,N/A
9837,2025-01-16 11:07:50.940285,26,N/A
9838,2025-01-16 11:07:52.415809,10,N/A
9839,2025-01-16 11:07:55.706533,31,N/A
9840,2025-01-16 11:07:57.874434,16,N/A
9841,2025-01-16 11:08:00.692264,22,N/A
9842,2025-01-16 11:08:03.897730,25,N/A
9843,2025-01-16 11:08:07.170359,28,N/A
9844,2025-01-16 11:08:10.048757,19,N/A
9845,2025-01-16 11:08:13.047605,29,N/A
9846,2025-01-16 11:08:16.889125,31,N/A
9847,2025-01-16 11:08:19.128849,19,N/A
9848,2025-01-16 11:08:20.871612,12,N/A
9849,2025-01-16 11:08:22.865562,17,N/A
9850,2025-01-16 11:08:25.285375,11,N/A
9851,2025-01-16 11:08:29.618632,23,N/A
9852,2025-01-16 11:08:33.512163,25,N/A
9853,2025-01-16 11:08:36.961835,36,N/A
9854,2025-01-16 11:08:39.450729,18,N/A
9855,2025-01-16 11:08:42.394626,31,N/A
9856,2025-01-16 11:08:45.712649,30,N/A
9857,2025-01-16 11:08:48.602009,25,N/A
9858,2025-01-16 11:08:49.976069,7,N/A
9859,2025-01-16 11:08:51.739218,14,N/A
9860,2025-01-16 11:08:54.953685,36,N/A
9861,2025-01-16 11:08:57.395901,20,N/A
9862,2025-01-16 11:09:00.343200,26,N/A
9863,2025-01-16 11:09:03.090768,29,N/A
9864,2025-01-16 11:09:05.391993,19,N/A
9865,2025-01-16 11:09:08.039248,25,N/A
9866,2025-01-16 11:09:10.389758,23,N/A
9867,2025-01-16 11:09:12.596973,19,N/A
9868,2025-01-16 11:09:15.241902,29,N/A
9869,2025-01-16 11:09:17.501731,20,N/A
9870,2025-01-16 11:09:20.763665,31,N/A
9871,2025-01-16 11:09:22.950729,17,N/A
9872,2025-01-16 11:09:25.388925,21,N/A
9873,2025-01-16 11:09:27.530262,18,N/A
9874,2025-01-16 11:09:29.873358,20,N/A
9875,2025-01-16 11:09:31.735487,11,N/A
9876,2025-01-16 11:09:34.044954,22,N/A
9877,2025-01-16 11:09:36.808795,27,N/A
9878,2025-01-16 11:09:39.438290,24,N/A
9879,2025-01-16 11:09:42.225175,30,N/A
9880,2025-01-16 11:09:43.877876,9,N/A
9881,2025-01-16 11:09:46.353963,24,N/A
9882,2025-01-16 11:09:49.532740,32,N/A
9883,2025-01-16 11:09:51.336767,13,N/A
9884,2025-01-16 11:09:53.572141,20,N/A
9885,2025-01-16 11:09:56.498511,28,N/A
9886,2025-01-16 11:09:58.748441,17,N/A
9887,2025-01-16 11:10:01.308104,27,N/A
9888,2025-01-16 11:10:03.846385,23,N/A
9889,2025-01-16 11:10:05.810915,15,N/A
9890,2025-01-16 11:10:08.161595,28,N/A
9891,2025-01-16 11:10:10.112836,14,N/A
9892,2025-01-16 11:10:12.228750,17,N/A
9893,2025-01-16 11:10:14.469993,18,N/A
9894,2025-01-16 11:10:16.235331,11,N/A
9895,2025-01-16 11:10:17.779245,8,N/A
9896,2025-01-16 11:10:19.557133,11,N/A
9897,2025-01-16 11:10:21.476643,18,N/A
9898,2025-01-16 11:10:23.655937,19,N/A
9899,2025-01-16 11:10:26.375835,21,N/A
9900,2025-01-16 11:10:28.767225,26,N/A
9901,2025-01-16 11:10:31.032828,22,N/A
9902,2025-01-16 11:10:33.851867,25,N/A
9903,2025-01-16 11:10:36.522649,31,N/A
9904,2025-01-16 11:10:40.051967,44,N/A
9905,2025-01-16 11:10:42.483882,22,N/A
9906,2025-01-16 11:10:44.372178,15,N/A
9907,2025-01-16 11:10:46.464538,15,N/A
9908,2025-01-16 11:10:48.128017,11,N/A
9909,2025-01-16 11:10:50.604420,23,N/A
9910,2025-01-16 11:10:53.497117,29,N/A
9911,2025-01-16 11:10:55.959058,24,N/A
9912,2025-01-16 11:10:58.158298,25,N/A
9913,2025-01-16 11:11:01.195602,33,N/A
9914,2025-01-16 11:11:03.389186,16,N/A
9915,2025-01-16 11:11:07.318844,40,N/A
9916,2025-01-16 11:11:09.567381,18,N/A
9917,2025-01-16 11:11:12.308270,29,N/A
9918,2025-01-16 11:11:14.688177,21,N/A
9919,2025-01-16 11:11:16.682845,18,N/A
9920,2025-01-16 11:11:18.726589,16,N/A
9921,2025-01-16 11:11:20.125798,5,N/A
9922,2025-01-16 11:11:24.438057,44,N/A
9923,2025-01-16 11:11:27.232643,29,N/A
9924,2025-01-16 11:11:29.989812,27,N/A
9925,2025-01-16 11:11:32.751810,29,N/A
9926,2025-01-16 11:11:34.880997,20,N/A
9927,2025-01-16 11:11:37.261466,27,N/A
9928,2025-01-16 11:11:39.951665,26,N/A
9929,2025-01-16 11:11:42.294552,19,N/A
9930,2025-01-16 11:11:44.491360,19,N/A
9931,2025-01-16 11:11:47.260593,30,N/A
9932,2025-01-16 11:11:49.148770,15,N/A
9933,2025-01-16 11:11:50.925482,12,N/A
9934,2025-01-16 11:11:53.180390,18,N/A
9935,2025-01-16 11:11:54.945034,13,N/A
9936,2025-01-16 11:11:57.826533,31,N/A
9937,2025-01-16 11:12:00.610759,26,N/A
9938,2025-01-16 11:12:02.521238,11,N/A
9939,2025-01-16 11:12:05.136837,21,N/A
9940,2025-01-16 11:12:07.094849,14,N/A
9941,2025-01-16 11:12:09.636281,21,N/A
9942,2025-01-16 11:12:12.191430,22,N/A
9943,2025-01-16 11:12:14.710661,22,N/A
9944,2025-01-16 11:12:17.441568,29,N/A
9945,2025-01-16 11:12:19.359535,20,N/A
9946,2025-01-16 11:12:21.337698,22,N/A
9947,2025-01-16 11:12:23.422550,16,N/A
9948,2025-01-16 11:12:25.728529,23,N/A
9949,2025-01-16 11:12:28.167140,19,N/A
9950,2025-01-16 11:12:29.872317,19,N/A
9951,2025-01-16 11:12:32.198398,21,N/A
9952,2025-01-16 11:12:34.707719,23,N/A
9953,2025-01-16 11:12:36.628389,13,N/A
9954,2025-01-16 11:12:39.694268,31,N/A
9955,2025-01-16 11:12:42.191110,29,N/A
9956,2025-01-16 11:12:45.054741,29,N/A
9957,2025-01-16 11:12:47.337785,23,N/A
9958,2025-01-16 11:12:50.422909,30,N/A
9959,2025-01-16 11:12:53.043386,29,N/A
9960,2025-01-16 11:12:54.986871,17,N/A
9961,2025-01-16 11:12:57.981568,32,N/A
9962,2025-01-16 11:12:59.725853,10,N/A
9963,2025-01-16 11:13:01.889942,17,N/A
9964,2025-01-16 11:13:03.298251,7,N/A
9965,2025-01-16 11:13:06.075733,26,N/A
9966,2025-01-16 11:13:08.347782,23,N/A
9967,2025-01-16 11:13:11.886103,34,N/A
9968,2025-01-16 11:13:14.378481,22,N/A
9969,2025-01-16 11:13:16.253837,13,N/A
9970,2025-01-16 11:13:19.242956,30,N/A
9971,2025-01-16 11:13:21.613490,21,N/A
9972,2025-01-16 11:13:23.753632,15,N/A
9973,2025-01-16 11:13:25.581659,13,N/A
9974,2025-01-16 11:13:27.625510,16,N/A
9975,2025-01-16 11:13:30.038879,26,N/A
9976,2025-01-16 11:13:32.992606,29,N/A
9977,2025-01-16 11:13:34.294882,3,N/A
9978,2025-01-16 11:13:36.782323,27,N/A
9979,2025-01-16 11:13:39.535690,20,N/A
9980,2025-01-16 11:13:41.619437,18,N/A
9981,2025-01-16 11:13:45.330027,33,N/A
9982,2025-01-16 11:13:47.534314,21,N/A
9983,2025-01-16 11:13:49.895491,18,N/A
9984,2025-01-16 11:13:51.756206,10,N/A
9985,2025-01-16 11:13:54.157632,20,N/A
9986,2025-01-16 11:13:56.139040,16,N/A
9987,2025-01-16 11:13:59.181515,29,N/A
9988,2025-01-16 11:14:02.151805,31,N/A
9989,2025-01-16 11:14:05.232688,30,N/A
9990,2025-01-16 11:14:07.497057,18,N/A
9991,2025-01-16 11:14:10.379520,29,N/A
9992,2025-01-16 11:14:11.969043,13,N/A
9993,2025-01-16 11:14:14.433391,19,N/A
9994,2025-01-16 11:14:17.485892,30,N/A
9995,2025-01-16 11:14:20.012579,25,N/A
9996,2025-01-16 11:14:22.006253,16,N/A
9997,2025-01-16 11:14:25.032922,28,N/A
9998,2025-01-16 11:14:27.377020,22,N/A
9999,2025-01-16 11:14:28.895851,10,N/A
10000,2025-01-16 11:14:30.682385,11,N/A
10001,2025-01-16 11:14:33.491452,26,N/A
10002,2025-01-16 11:14:35.316914,17,N/A
10003,2025-01-16 11:14:38.574913,41,N/A
10004,2025-01-16 11:14:41.549440,35,N/A
10005,2025-01-16 11:14:44.164750,28,N/A
10006,2025-01-16 11:14:46.237687,27,N/A
10007,2025-01-16 11:14:48.067059,21,N/A
10008,2025-01-16 11:14:50.806390,26,N/A
10009,2025-01-16 11:14:52.788293,13,N/A
10010,2025-01-16 11:14:55.374820,31,N/A
10011,2025-01-16 11:14:57.416419,16,N/A
10012,2025-01-16 11:15:00.171805,23,N/A
10013,2025-01-16 11:15:02.487349,22,N/A
10014,2025-01-16 11:15:04.216765,13,N/A
10015,2025-01-16 11:15:06.215398,15,N/A
10016,2025-01-16 11:15:08.611586,22,N/A
10017,2025-01-16 11:15:10.119256,8,N/A
10018,2025-01-16 11:15:12.031807,12,N/A
10019,2025-01-16 11:15:14.512149,20,N/A
10020,2025-01-16 11:15:17.199474,23,N/A
10021,2025-01-16 11:15:21.054727,37,N/A
10022,2025-01-16 11:15:22.996624,16,N/A
10023,2025-01-16 11:15:25.858784,25,N/A
10024,2025-01-16 11:15:27.916336,21,N/A
10025,2025-01-16 11:15:29.711541,12,N/A
10026,2025-01-16 11:15:32.796112,29,N/A
10027,2025-01-16 11:15:34.881076,15,N/A
10028,2025-01-16 11:15:37.636895,21,N/A
10029,2025-01-16 11:15:40.060391,26,N/A
10030,2025-01-16 11:15:42.039762,18,N/A
10031,2025-01-16 11:15:44.109324,19,N/A
10032,2025-01-16 11:15:46.301377,18,N/A
10033,2025-01-16 11:15:48.914390,25,N/A
10034,2025-01-16 11:15:51.208619,26,N/A
10035,2025-01-16 11:15:54.761018,38,N/A
10036,2025-01-16 11:15:58.879172,33,N/A
10037,2025-01-16 11:16:00.224678,5,N/A
10038,2025-01-16 11:16:02.440604,14,N/A
10039,2025-01-16 11:16:04.818221,18,N/A
10040,2025-01-16 11:16:06.304876,5,N/A
10041,2025-01-16 11:16:08.570781,14,N/A
10042,2025-01-16 11:16:11.221493,21,N/A
10043,2025-01-16 11:16:13.039601,16,N/A
10044,2025-01-16 11:16:14.874571,15,N/A
10045,2025-01-16 11:16:17.374118,25,N/A
10046,2025-01-16 11:16:19.574764,25,N/A
10047,2025-01-16 11:16:21.760756,23,N/A
10048,2025-01-16 11:16:24.269893,25,N/A
10049,2025-01-16 11:16:27.323556,23,N/A
10050,2025-01-16 11:16:29.938353,16,N/A
10051,2025-01-16 11:16:32.859910,25,N/A
10052,2025-01-16 11:16:34.908017,15,N/A
10053,2025-01-16 11:16:37.274203,23,N/A
10054,2025-01-16 11:16:38.892585,12,N/A
10055,2025-01-16 11:16:40.690910,15,N/A
10056,2025-01-16 11:16:42.775452,17,N/A
10057,2025-01-16 11:16:44.428110,15,N/A
10058,2025-01-16 11:16:46.487773,18,N/A
10059,2025-01-16 11:16:48.300517,16,N/A
10060,2025-01-16 11:16:50.742022,25,N/A
10061,2025-01-16 11:16:53.030307,18,N/A
10062,2025-01-16 11:16:55.108588,20,N/A
10063,2025-01-16 11:16:57.609665,23,N/A
10064,2025-01-16 11:17:00.300404,26,N/A
10065,2025-01-16 11:17:02.336981,18,N/A
10066,2025-01-16 11:17:03.901277,11,N/A
10067,2025-01-16 11:17:06.718627,26,N/A
10068,2025-01-16 11:17:09.851027,34,N/A
10069,2025-01-16 11:17:12.723248,29,N/A
10070,2025-01-16 11:17:14.796731,13,N/A
10071,2025-01-16 11:17:17.408618,20,N/A
10072,2025-01-16 11:17:19.999838,26,N/A
10073,2025-01-16 11:17:22.566135,25,N/A
10074,2025-01-16 11:17:23.931333,6,N/A
10075,2025-01-16 11:17:26.338362,23,N/A
10076,2025-01-16 11:17:27.969781,11,N/A
10077,2025-01-16 11:17:30.836464,26,N/A
10078,2025-01-16 11:17:33.184600,22,N/A
10079,2025-01-16 11:17:35.935905,31,N/A
10080,2025-01-16 11:17:39.393723,30,N/A
10081,2025-01-16 11:17:42.096795,23,N/A
10082,2025-01-16 11:17:44.620399,23,N/A
10083,2025-01-16 11:17:46.464547,12,N/A
10084,2025-01-16 11:17:48.949399,22,N/A
10085,2025-01-16 11:17:51.117950,18,N/A
10086,2025-01-16 11:17:54.530950,34,N/A
10087,2025-01-16 11:17:57.930341,37,N/A
10088,2025-01-16 11:18:01.751947,38,N/A
10089,2025-01-16 11:18:04.826478,29,N/A
10090,2025-01-16 11:18:07.454745,26,N/A
10091,2025-01-16 11:18:09.201253,14,N/A
10092,2025-01-16 11:18:11.632004,17,N/A
10093,2025-01-16 11:18:14.637313,29,N/A
10094,2025-01-16 11:18:16.567984,15,N/A
10095,2025-01-16 11:18:18.740985,20,N/A
10096,2025-01-16 11:18:21.245127,19,N/A
10097,2025-01-16 11:18:23.634616,17,N/A
10098,2025-01-16 11:18:26.489412,25,N/A
10099,2025-01-16 11:18:29.249620,24,N/A
10100,2025-01-16 11:18:31.599069,20,N/A
10101,2025-01-16 11:18:33.494916,13,N/A
10102,2025-01-16 11:18:36.809040,30,N/A
10103,2025-01-16 11:18:39.583201,25,N/A
10104,2025-01-16 11:18:41.183387,8,N/A
10105,2025-01-16 11:18:44.324057,31,N/A
10106,2025-01-16 11:18:47.142054,25,N/A
10107,2025-01-16 11:18:49.781831,26,N/A
10108,2025-01-16 11:18:52.170469,17,N/A
10109,2025-01-16 11:18:53.819307,9,N/A
10110,2025-01-16 11:18:55.763957,15,N/A
10111,2025-01-16 11:18:57.769373,18,N/A
10112,2025-01-16 11:18:59.378753,8,N/A
10113,2025-01-16 11:19:01.665356,21,N/A
10114,2025-01-16 11:19:03.774676,19,N/A
10115,2025-01-16 11:19:05.741104,15,N/A
10116,2025-01-16 11:19:07.767377,18,N/A
10117,2025-01-16 11:19:09.480205,13,N/A
10118,2025-01-16 11:19:11.532439,18,N/A
10119,2025-01-16 11:19:13.507527,14,N/A
10120,2025-01-16 11:19:15.709744,17,N/A
10121,2025-01-16 11:19:17.928612,19,N/A
10122,2025-01-16 11:19:20.054629,15,N/A
10123,2025-01-16 11:19:22.429834,22,N/A
10124,2025-01-16 11:19:24.294082,15,N/A
10125,2025-01-16 11:19:26.971447,22,N/A
10126,2025-01-16 11:19:29.573221,20,N/A
10127,2025-01-16 11:19:32.781978,27,N/A
10128,2025-01-16 11:19:34.317355,9,N/A
10129,2025-01-16 11:19:35.736422,5,N/A
10130,2025-01-16 11:19:39.010964,29,N/A
10131,2025-01-16 11:19:41.135092,14,N/A
10132,2025-01-16 11:19:43.567570,21,N/A
10133,2025-01-16 11:19:46.790004,33,N/A
10134,2025-01-16 11:19:49.970969,28,N/A
10135,2025-01-16 11:19:52.579100,21,N/A
10136,2025-01-16 11:19:54.860170,21,N/A
10137,2025-01-16 11:19:56.972026,15,N/A
10138,2025-01-16 11:19:58.982073,15,N/A
10139,2025-01-16 11:20:01.348225,20,N/A
10140,2025-01-16 11:20:03.892048,19,N/A
10141,2025-01-16 11:20:06.342441,18,N/A
10142,2025-01-16 11:20:09.171154,19,N/A
10143,2025-01-16 11:20:10.948071,11,N/A
10144,2025-01-16 11:20:13.050966,12,N/A
10145,2025-01-16 11:20:14.886790,15,N/A
10146,2025-01-16 11:20:16.628550,19,N/A
10147,2025-01-16 11:20:19.505534,31,N/A
10148,2025-01-16 11:20:21.157658,17,N/A
10149,2025-01-16 11:20:23.844877,20,N/A
10150,2025-01-16 11:20:25.470859,33,N/A
10151,2025-01-16 11:20:27.211066,12,N/A
10152,2025-01-16 11:20:29.810165,29,N/A
10153,2025-01-16 11:20:32.173096,14,N/A
10154,2025-01-16 11:20:35.020606,30,N/A
10155,2025-01-16 11:20:37.853835,30,N/A
10156,2025-01-16 11:20:40.745397,28,N/A
10157,2025-01-16 11:20:44.016276,30,N/A
10158,2025-01-16 11:20:47.507800,31,N/A
10159,2025-01-16 11:20:50.276042,27,N/A
10160,2025-01-16 11:20:54.406341,37,N/A
10161,2025-01-16 11:20:57.661490,27,N/A
10162,2025-01-16 11:21:00.458022,23,N/A
10163,2025-01-16 11:21:03.345778,31,N/A
10164,2025-01-16 11:21:05.989405,28,N/A
10165,2025-01-16 11:21:08.581852,23,N/A
10166,2025-01-16 11:21:10.543938,15,N/A
10167,2025-01-16 11:21:12.081342,9,N/A
10168,2025-01-16 11:21:15.049546,29,N/A
10169,2025-01-16 11:21:17.681568,23,N/A
10170,2025-01-16 11:21:20.634141,27,N/A
10171,2025-01-16 11:21:22.226825,11,N/A
10172,2025-01-16 11:21:24.127152,14,N/A
10173,2025-01-16 11:21:25.945319,12,N/A
10174,2025-01-16 11:21:27.572660,9,N/A
10175,2025-01-16 11:21:30.537556,30,N/A
10176,2025-01-16 11:21:32.187090,12,N/A
10177,2025-01-16 11:21:35.299884,33,N/A
10178,2025-01-16 11:21:37.942746,31,N/A
10179,2025-01-16 11:21:41.106346,37,N/A
10180,2025-01-16 11:21:42.815047,10,N/A
10181,2025-01-16 11:21:46.069802,31,N/A
10182,2025-01-16 11:21:48.819939,28,N/A
10183,2025-01-16 11:21:51.730395,29,N/A
10184,2025-01-16 11:21:54.073729,22,N/A
10185,2025-01-16 11:21:56.118183,15,N/A
10186,2025-01-16 11:21:58.611820,25,N/A
10187,2025-01-16 11:22:01.283332,29,N/A
10188,2025-01-16 11:22:03.815642,27,N/A
10189,2025-01-16 11:22:06.624912,28,N/A
10190,2025-01-16 11:22:09.188042,22,N/A
10191,2025-01-16 11:22:11.304018,17,N/A
10192,2025-01-16 11:22:13.252191,13,N/A
10193,2025-01-16 11:22:14.993789,9,N/A
10194,2025-01-16 11:22:17.355057,21,N/A
10195,2025-01-16 11:22:20.353093,30,N/A
10196,2025-01-16 11:22:22.128618,13,N/A
10197,2025-01-16 11:22:24.733009,22,N/A
10198,2025-01-16 11:22:26.410495,13,N/A
10199,2025-01-16 11:22:28.411565,17,N/A
10200,2025-01-16 11:22:30.130532,11,N/A
10201,2025-01-16 11:22:33.342847,36,N/A
10202,2025-01-16 11:22:36.015524,24,N/A
10203,2025-01-16 11:22:38.199022,16,N/A
10204,2025-01-16 11:22:39.797489,10,N/A
10205,2025-01-16 11:22:41.503202,8,N/A
10206,2025-01-16 11:22:45.160572,47,N/A
10207,2025-01-16 11:22:48.023155,28,N/A
10208,2025-01-16 11:22:49.992991,15,N/A
10209,2025-01-16 11:22:52.352026,20,N/A
10210,2025-01-16 11:22:55.485018,27,N/A
10211,2025-01-16 11:22:57.627738,15,N/A
10212,2025-01-16 11:23:00.468453,26,N/A
10213,2025-01-16 11:23:03.350746,24,N/A
10214,2025-01-16 11:23:05.729580,21,N/A
10215,2025-01-16 11:23:08.229279,25,N/A
10216,2025-01-16 11:23:10.460809,20,N/A
10217,2025-01-16 11:23:13.304908,34,N/A
10218,2025-01-16 11:23:16.608981,32,N/A
10219,2025-01-16 11:23:18.617406,13,N/A
10220,2025-01-16 11:23:21.861716,37,N/A
10221,2025-01-16 11:23:24.892501,29,N/A
10222,2025-01-16 11:23:28.727229,34,N/A
10223,2025-01-16 11:23:31.109187,21,N/A
10224,2025-01-16 11:23:33.969956,28,N/A
10225,2025-01-16 11:23:36.138100,20,N/A
10226,2025-01-16 11:23:38.683305,23,N/A
10227,2025-01-16 11:23:40.068674,17,N/A
10228,2025-01-16 11:23:41.641027,22,N/A
10229,2025-01-16 11:23:43.017968,20,N/A
10230,2025-01-16 11:23:44.547267,27,N/A
10231,2025-01-16 11:23:47.238408,35,N/A
10232,2025-01-16 11:23:50.419147,34,N/A
10233,2025-01-16 11:23:53.057219,31,N/A
10234,2025-01-16 11:23:54.870291,20,N/A
10235,2025-01-16 11:23:56.030408,25,N/A
10236,2025-01-16 11:23:57.714625,23,N/A
10237,2025-01-16 11:23:58.686204,21,N/A
10238,2025-01-16 11:23:59.964344,22,N/A
10239,2025-01-16 11:24:01.016974,17,N/A
10240,2025-01-16 11:24:02.439831,30,N/A
10241,2025-01-16 11:24:03.293998,11,N/A
10242,2025-01-16 11:24:04.332362,14,N/A
10243,2025-01-16 11:24:05.556027,25,N/A
10244,2025-01-16 11:24:07.127057,29,N/A
10245,2025-01-16 11:24:09.073748,18,N/A
10246,2025-01-16 11:24:10.577091,26,N/A
10247,2025-01-16 11:24:12.459187,22,N/A
10248,2025-01-16 11:24:14.292482,22,N/A
10249,2025-01-16 11:24:15.934525,20,N/A
10250,2025-01-16 11:24:17.886224,31,N/A
10251,2025-01-16 11:24:19.571417,13,N/A
10252,2025-01-16 11:24:20.940752,19,N/A
10253,2025-01-16 11:24:22.178423,24,N/A
10254,2025-01-16 11:24:23.228606,17,N/A
10255,2025-01-16 11:24:24.264943,18,N/A
10256,2025-01-16 11:24:25.259812,20,N/A
10257,2025-01-16 11:24:26.370278,28,N/A
10258,2025-01-16 11:24:27.914523,36,N/A
10259,2025-01-16 11:24:29.052279,28,N/A
10260,2025-01-16 11:24:30.316388,32,N/A
10261,2025-01-16 11:24:31.632250,31,N/A
10262,2025-01-16 11:24:32.809627,32,N/A
10263,2025-01-16 11:24:34.323447,22,N/A
10264,2025-01-16 11:24:35.398574,22,N/A
10265,2025-01-16 11:24:36.056392,12,N/A
10266,2025-01-16 11:24:36.848427,13,N/A
10267,2025-01-16 11:24:37.907351,21,N/A
10268,2025-01-16 11:24:38.463198,5,N/A
10269,2025-01-16 11:24:39.253700,17,N/A
10270,2025-01-16 11:24:40.243665,23,N/A
10271,2025-01-16 11:24:41.577765,36,N/A
10272,2025-01-16 11:24:42.388764,17,N/A
10273,2025-01-16 11:24:43.066755,12,N/A
10274,2025-01-16 11:24:43.900660,15,N/A
10275,2025-01-16 11:24:45.028652,29,N/A
10276,2025-01-16 11:24:49.438022,17,N/A
10277,2025-01-16 11:24:50.688075,28,N/A
10278,2025-01-16 11:24:51.612610,22,N/A
10279,2025-01-16 11:24:52.568423,15,N/A
10280,2025-01-16 11:24:53.889786,30,N/A
10281,2025-01-16 11:24:54.684646,13,N/A
10282,2025-01-16 11:24:55.959919,29,N/A
10283,2025-01-16 11:24:56.962591,20,N/A
10284,2025-01-16 11:24:57.947408,21,N/A
10285,2025-01-16 11:24:58.840586,18,N/A
10286,2025-01-16 11:24:59.694662,14,N/A
10287,2025-01-16 11:25:00.819985,20,N/A
10288,2025-01-16 11:25:01.998581,14,N/A
10289,2025-01-16 11:25:03.948087,28,N/A
10290,2025-01-16 11:25:05.920590,21,N/A
10291,2025-01-16 11:25:08.071698,29,N/A
10292,2025-01-16 11:25:09.008831,16,N/A
10293,2025-01-16 11:25:10.320067,26,N/A
10294,2025-01-16 11:25:11.224697,22,N/A
10295,2025-01-16 11:25:12.459681,20,N/A
10296,2025-01-16 11:25:13.220793,14,N/A
10297,2025-01-16 11:25:14.362593,22,N/A
10298,2025-01-16 11:25:15.539862,20,N/A
10299,2025-01-16 11:25:16.859380,22,N/A
10300,2025-01-16 11:25:17.868827,8,N/A
10301,2025-01-16 11:25:19.254314,25,N/A
10302,2025-01-16 11:25:20.652656,15,N/A
10303,2025-01-16 11:25:21.877227,22,N/A
10304,2025-01-16 11:25:23.701291,15,N/A
10305,2025-01-16 11:25:26.508449,29,N/A
10306,2025-01-16 11:25:29.397787,28,N/A
10307,2025-01-16 11:25:31.554054,19,N/A
10308,2025-01-16 11:25:33.783743,18,N/A
10309,2025-01-16 11:25:36.306968,22,N/A
10310,2025-01-16 11:25:38.851628,22,N/A
10311,2025-01-16 11:25:41.254749,26,N/A
10312,2025-01-16 11:25:43.494871,18,N/A
10313,2025-01-16 11:25:45.029147,9,N/A
10314,2025-01-16 11:25:47.504388,18,N/A
10315,2025-01-16 11:25:50.757859,27,N/A
10316,2025-01-16 11:25:52.527387,11,N/A
10317,2025-01-16 11:25:55.114241,23,N/A
10318,2025-01-16 11:25:58.472641,35,N/A
10319,2025-01-16 11:26:01.053777,25,N/A
10320,2025-01-16 11:26:03.423607,16,N/A
10321,2025-01-16 11:26:06.509161,27,N/A
10322,2025-01-16 11:26:09.604689,33,N/A
10323,2025-01-16 11:26:12.627547,30,N/A
10324,2025-01-16 11:26:15.740588,27,N/A
10325,2025-01-16 11:26:19.151591,36,N/A
10326,2025-01-16 11:26:22.105282,29,N/A
10327,2025-01-16 11:26:24.989851,30,N/A
10328,2025-01-16 11:26:28.272810,36,N/A
10329,2025-01-16 11:26:31.072537,24,N/A
10330,2025-01-16 11:26:34.546532,35,N/A
10331,2025-01-16 11:26:37.692141,28,N/A
10332,2025-01-16 11:26:40.295452,24,N/A
10333,2025-01-16 11:26:42.255943,15,N/A
10334,2025-01-16 11:26:44.664495,23,N/A
10335,2025-01-16 11:26:46.819649,16,N/A
10336,2025-01-16 11:26:48.810581,12,N/A
10337,2025-01-16 11:26:52.685994,35,N/A
10338,2025-01-16 11:26:55.531725,27,N/A
10339,2025-01-16 11:26:58.456159,27,N/A
10340,2025-01-16 11:27:00.852799,17,N/A
10341,2025-01-16 11:27:02.644406,12,N/A
10342,2025-01-16 11:27:05.221033,22,N/A
10343,2025-01-16 11:27:07.290299,15,N/A
10344,2025-01-16 11:27:10.012856,29,N/A
10345,2025-01-16 11:27:12.717715,29,N/A
10346,2025-01-16 11:27:15.855145,32,N/A
10347,2025-01-16 11:27:17.937001,18,N/A
10348,2025-01-16 11:27:20.138260,18,N/A
10349,2025-01-16 11:27:22.874445,22,N/A
10350,2025-01-16 11:27:28.565524,52,N/A
10351,2025-01-16 11:27:32.154311,38,N/A
10352,2025-01-16 11:27:35.090937,29,N/A
10353,2025-01-16 11:27:37.599899,20,N/A
10354,2025-01-16 11:27:40.804297,32,N/A
10355,2025-01-16 11:27:42.697885,13,N/A
10356,2025-01-16 11:27:44.947112,17,N/A
10357,2025-01-16 11:27:47.318076,18,N/A
10358,2025-01-16 11:27:49.142526,13,N/A
10359,2025-01-16 11:27:52.716424,33,N/A
10360,2025-01-16 11:27:56.024555,34,N/A
10361,2025-01-16 11:27:59.033737,27,N/A
10362,2025-01-16 11:28:02.250132,33,N/A
10363,2025-01-16 11:28:06.367395,36,N/A
10364,2025-01-16 11:28:08.732313,19,N/A
10365,2025-01-16 11:28:11.382043,25,N/A
10366,2025-01-16 11:28:14.339828,30,N/A
10367,2025-01-16 11:28:16.463816,16,N/A
10368,2025-01-16 11:28:18.558570,18,N/A
10369,2025-01-16 11:28:20.805522,18,N/A
10370,2025-01-16 11:28:23.131768,26,N/A
10371,2025-01-16 11:28:25.712952,23,N/A
10372,2025-01-16 11:28:28.069526,21,N/A
10373,2025-01-16 11:28:30.585406,22,N/A
10374,2025-01-16 11:28:32.972689,20,N/A
10375,2025-01-16 11:28:34.914036,13,N/A
10376,2025-01-16 11:28:37.415425,17,N/A
10377,2025-01-16 11:28:40.634119,30,N/A
10378,2025-01-16 11:28:43.189225,23,N/A
10379,2025-01-16 11:28:46.092428,30,N/A
10380,2025-01-16 11:28:48.761228,19,N/A
10381,2025-01-16 11:28:51.629059,31,N/A
10382,2025-01-16 11:28:53.587140,17,N/A
10383,2025-01-16 11:28:56.305578,25,N/A
10384,2025-01-16 11:28:58.918431,21,N/A
10385,2025-01-16 11:29:00.716802,10,N/A
10386,2025-01-16 11:29:03.172783,24,N/A
10387,2025-01-16 11:29:04.951484,11,N/A
10388,2025-01-16 11:29:07.104136,19,N/A
10389,2025-01-16 11:29:09.336205,19,N/A
10390,2025-01-16 11:29:11.383912,14,N/A
10391,2025-01-16 11:29:13.959792,26,N/A
10392,2025-01-16 11:29:16.480387,22,N/A
10393,2025-01-16 11:29:18.637262,21,N/A
10394,2025-01-16 11:29:20.899056,24,N/A
10395,2025-01-16 11:29:23.089635,17,N/A
10396,2025-01-16 11:29:25.122962,19,N/A
10397,2025-01-16 11:29:27.888623,22,N/A
10398,2025-01-16 11:29:30.124823,17,N/A
10399,2025-01-16 11:29:32.793630,23,N/A
10400,2025-01-16 11:29:36.277343,36,N/A
10401,2025-01-16 11:29:38.496065,17,N/A
10402,2025-01-16 11:29:41.351438,31,N/A
10403,2025-01-16 11:29:44.290288,28,N/A
10404,2025-01-16 11:29:48.049625,35,N/A
10405,2025-01-16 11:29:50.349714,20,N/A
10406,2025-01-16 11:29:52.215030,15,N/A
10407,2025-01-16 11:29:54.748750,23,N/A
10408,2025-01-16 11:29:57.549026,24,N/A
10409,2025-01-16 11:30:00.401721,31,N/A
10410,2025-01-16 11:30:03.326863,27,N/A
10411,2025-01-16 11:30:06.451286,30,N/A
10412,2025-01-16 11:30:09.605285,33,N/A
10413,2025-01-16 11:30:13.205252,31,N/A
10414,2025-01-16 11:30:15.307129,21,N/A
10415,2025-01-16 11:30:17.802079,21,N/A
10416,2025-01-16 11:30:19.514823,11,N/A
10417,2025-01-16 11:30:21.784541,18,N/A
10418,2025-01-16 11:30:24.766320,26,N/A
10419,2025-01-16 11:30:28.313908,33,N/A
10420,2025-01-16 11:30:30.404041,16,N/A
10421,2025-01-16 11:30:32.559938,17,N/A
10422,2025-01-16 11:30:34.662006,16,N/A
10423,2025-01-16 11:30:36.571226,14,N/A
10424,2025-01-16 11:30:39.320059,27,N/A
10425,2025-01-16 11:30:41.552241,14,N/A
10426,2025-01-16 11:30:44.412775,26,N/A
10427,2025-01-16 11:30:46.449486,14,N/A
10428,2025-01-16 11:30:48.391809,17,N/A
10429,2025-01-16 11:30:50.063352,11,N/A
10430,2025-01-16 11:30:52.273810,25,N/A
10431,2025-01-16 11:30:54.639015,19,N/A
10432,2025-01-16 11:30:57.286160,27,N/A
10433,2025-01-16 11:30:58.904536,10,N/A
10434,2025-01-16 11:31:01.501303,23,N/A
10435,2025-01-16 11:31:03.393458,16,N/A
10436,2025-01-16 11:31:05.101841,8,N/A
10437,2025-01-16 11:31:07.661039,22,N/A
10438,2025-01-16 11:31:10.158393,23,N/A
10439,2025-01-16 11:31:13.610229,31,N/A
10440,2025-01-16 11:31:16.006299,21,N/A
10441,2025-01-16 11:31:18.631194,18,N/A
10442,2025-01-16 11:31:21.262059,17,N/A
10443,2025-01-16 11:31:23.380189,16,N/A
10444,2025-01-16 11:31:26.751263,30,N/A
10445,2025-01-16 11:31:29.765740,24,N/A
10446,2025-01-16 11:31:32.468266,25,N/A
10447,2025-01-16 11:31:35.301577,22,N/A
10448,2025-01-16 11:31:38.144375,29,N/A
10449,2025-01-16 11:31:40.400033,19,N/A
10450,2025-01-16 11:31:43.210988,23,N/A
10451,2025-01-16 11:31:45.318550,17,N/A
10452,2025-01-16 11:31:48.156524,30,N/A
10453,2025-01-16 11:31:50.934613,25,N/A
10454,2025-01-16 11:31:54.295983,33,N/A
10455,2025-01-16 11:31:56.104030,10,N/A
10456,2025-01-16 11:31:58.764402,22,N/A
10457,2025-01-16 11:32:01.225687,22,N/A
10458,2025-01-16 11:32:05.077634,39,N/A
10459,2025-01-16 11:32:07.982368,23,N/A
10460,2025-01-16 11:32:11.540926,38,N/A
10461,2025-01-16 11:32:14.509694,31,N/A
10462,2025-01-16 11:32:16.986628,29,N/A
10463,2025-01-16 11:32:20.984113,44,N/A
10464,2025-01-16 11:32:24.533466,39,N/A
10465,2025-01-16 11:32:28.679664,37,N/A
10466,2025-01-16 11:32:30.386849,10,N/A
10467,2025-01-16 11:32:33.179733,23,N/A
10468,2025-01-16 11:32:36.507720,33,N/A
10469,2025-01-16 11:32:39.334185,30,N/A
10470,2025-01-16 11:32:41.860107,26,N/A
10471,2025-01-16 11:32:44.143730,21,N/A
10472,2025-01-16 11:32:46.786033,22,N/A
10473,2025-01-16 11:32:48.634419,13,N/A
10474,2025-01-16 11:32:50.625685,14,N/A
10475,2025-01-16 11:32:52.707943,13,N/A
10476,2025-01-16 11:32:55.521190,24,N/A
10477,2025-01-16 11:32:57.538170,17,N/A
10478,2025-01-16 11:33:00.963547,31,N/A
10479,2025-01-16 11:33:03.164877,19,N/A
10480,2025-01-16 11:33:04.871957,10,N/A
10481,2025-01-16 11:33:07.415574,27,N/A
10482,2025-01-16 11:33:09.782278,19,N/A
10483,2025-01-16 11:33:12.794552,31,N/A
10484,2025-01-16 11:33:14.960796,17,N/A
10485,2025-01-16 11:33:17.327616,22,N/A
10486,2025-01-16 11:33:19.548419,22,N/A
10487,2025-01-16 11:33:22.871333,31,N/A
10488,2025-01-16 11:33:24.912683,18,N/A
10489,2025-01-16 11:33:26.843612,13,N/A
10490,2025-01-16 11:33:30.598812,38,N/A
10491,2025-01-16 11:33:33.014884,23,N/A
10492,2025-01-16 11:33:35.819186,24,N/A
10493,2025-01-16 11:33:38.163312,19,N/A
10494,2025-01-16 11:33:41.297978,32,N/A
10495,2025-01-16 11:33:43.814144,24,N/A
10496,2025-01-16 11:33:47.364611,38,N/A
10497,2025-01-16 11:33:50.833974,36,N/A
10498,2025-01-16 11:33:53.382110,23,N/A
10499,2025-01-16 11:33:54.521216,18,N/A
10500,2025-01-16 11:33:56.637366,36,N/A
10501,2025-01-16 11:33:57.641279,21,N/A
10502,2025-01-16 11:33:59.004608,12,N/A
10503,2025-01-16 11:34:00.667485,32,N/A
10504,2025-01-16 11:34:03.066234,50,N/A
10505,2025-01-16 11:34:05.185122,26,N/A
10506,2025-01-16 11:34:06.567376,19,N/A
10507,2025-01-16 11:34:07.964919,22,N/A
10508,2025-01-16 11:34:09.317783,18,N/A
10509,2025-01-16 11:34:11.729329,29,N/A
10510,2025-01-16 11:34:13.352472,34,N/A
10511,2025-01-16 11:34:14.310413,13,N/A
10512,2025-01-16 11:34:15.418343,11,N/A
10513,2025-01-16 11:34:17.905510,24,N/A
10514,2025-01-16 11:34:19.940595,16,N/A
10515,2025-01-16 11:34:22.381737,18,N/A
10516,2025-01-16 11:34:23.848981,5,N/A
10517,2025-01-16 11:34:25.710454,17,N/A
10518,2025-01-16 11:34:28.084786,22,N/A
10519,2025-01-16 11:34:30.301220,18,N/A
10520,2025-01-16 11:34:32.919287,22,N/A
10521,2025-01-16 11:34:35.474523,22,N/A
10522,2025-01-16 11:34:37.111580,9,N/A
10523,2025-01-16 11:34:39.920634,30,N/A
10524,2025-01-16 11:34:42.278977,18,N/A
10525,2025-01-16 11:34:45.644415,36,N/A
10526,2025-01-16 11:34:49.323007,39,N/A
10527,2025-01-16 11:34:52.456042,35,N/A
10528,2025-01-16 11:34:55.280757,25,N/A
10529,2025-01-16 11:34:57.630185,22,N/A
10530,2025-01-16 11:35:01.992171,38,N/A
10531,2025-01-16 11:35:04.531017,25,N/A
10532,2025-01-16 11:35:07.512529,30,N/A
10533,2025-01-16 11:35:09.890524,22,N/A
10534,2025-01-16 11:35:12.831157,26,N/A
10535,2025-01-16 11:35:15.114100,22,N/A
10536,2025-01-16 11:35:17.741255,25,N/A
10537,2025-01-16 11:35:21.573704,34,N/A
10538,2025-01-16 11:35:24.829788,27,N/A
10539,2025-01-16 11:35:26.657524,14,N/A
10540,2025-01-16 11:35:28.843297,21,N/A
10541,2025-01-16 11:35:31.263715,22,N/A
10542,2025-01-16 11:35:33.718642,22,N/A
10543,2025-01-16 11:35:35.163819,6,N/A
10544,2025-01-16 11:35:38.397049,32,N/A
10545,2025-01-16 11:35:41.303228,30,N/A
10546,2025-01-16 11:35:44.720032,34,N/A
10547,2025-01-16 11:35:47.606186,31,N/A
10548,2025-01-16 11:35:50.452727,30,N/A
10549,2025-01-16 11:35:53.905724,39,N/A
10550,2025-01-16 11:35:56.811576,29,N/A
10551,2025-01-16 11:35:59.921873,29,N/A
10552,2025-01-16 11:36:04.139297,39,N/A
10553,2025-01-16 11:36:06.664292,21,N/A
10554,2025-01-16 11:36:09.372216,28,N/A
10555,2025-01-16 11:36:12.316463,24,N/A
10556,2025-01-16 11:36:14.976113,24,N/A
10557,2025-01-16 11:36:18.486559,37,N/A
10558,2025-01-16 11:36:21.250248,31,N/A
10559,2025-01-16 11:36:24.161622,27,N/A
10560,2025-01-16 11:36:27.124424,31,N/A
10561,2025-01-16 11:36:29.584976,25,N/A
10562,2025-01-16 11:36:32.819088,29,N/A
10563,2025-01-16 11:36:34.627399,14,N/A
10564,2025-01-16 11:36:37.210188,26,N/A
10565,2025-01-16 11:36:39.109135,15,N/A
10566,2025-01-16 11:36:41.841767,29,N/A
10567,2025-01-16 11:36:43.503619,12,N/A
10568,2025-01-16 11:36:45.697803,20,N/A
10569,2025-01-16 11:36:47.827673,17,N/A
10570,2025-01-16 11:36:50.169561,24,N/A
10571,2025-01-16 11:36:52.581613,23,N/A
10572,2025-01-16 11:36:54.381879,13,N/A
10573,2025-01-16 11:36:56.945853,23,N/A
10574,2025-01-16 11:36:59.590636,26,N/A
10575,2025-01-16 11:37:02.029415,23,N/A
10576,2025-01-16 11:37:04.612593,22,N/A
10577,2025-01-16 11:37:06.516162,13,N/A
10578,2025-01-16 11:37:08.258092,9,N/A
10579,2025-01-16 11:37:10.564901,19,N/A
10580,2025-01-16 11:37:14.447453,39,N/A
10581,2025-01-16 11:37:17.815953,33,N/A
10582,2025-01-16 11:37:21.483032,39,N/A
10583,2025-01-16 11:37:24.205832,26,N/A
10584,2025-01-16 11:37:26.057907,13,N/A
10585,2025-01-16 11:37:29.008217,27,N/A
10586,2025-01-16 11:37:31.165720,19,N/A
10587,2025-01-16 11:37:33.917554,26,N/A
10588,2025-01-16 11:37:36.589729,26,N/A
10589,2025-01-16 11:37:39.464321,25,N/A
10590,2025-01-16 11:37:42.293120,27,N/A
10591,2025-01-16 11:37:44.120111,11,N/A
10592,2025-01-16 11:37:46.789815,26,N/A
10593,2025-01-16 11:37:49.335679,21,N/A
10594,2025-01-16 11:37:50.898781,8,N/A
10595,2025-01-16 11:37:53.076910,17,N/A
10596,2025-01-16 11:37:55.721283,24,N/A
10597,2025-01-16 11:37:58.994972,31,N/A
10598,2025-01-16 11:38:03.006488,39,N/A
10599,2025-01-16 11:38:05.243718,19,N/A
10600,2025-01-16 11:38:08.368665,32,N/A
10601,2025-01-16 11:38:11.409022,31,N/A
10602,2025-01-16 11:38:14.265676,30,N/A
10603,2025-01-16 11:38:17.696441,33,N/A
10604,2025-01-16 11:38:20.218509,19,N/A
10605,2025-01-16 11:38:23.214718,25,N/A
10606,2025-01-16 11:38:25.698930,19,N/A
10607,2025-01-16 11:38:28.283741,19,N/A
10608,2025-01-16 11:38:30.569145,18,N/A
10609,2025-01-16 11:38:32.714129,15,N/A
10610,2025-01-16 11:38:35.180599,24,N/A
10611,2025-01-16 11:38:38.175354,30,N/A
10612,2025-01-16 11:38:41.062159,32,N/A
10613,2025-01-16 11:38:43.089521,15,N/A
10614,2025-01-16 11:38:46.789074,32,N/A
10615,2025-01-16 11:38:49.667442,29,N/A
10616,2025-01-16 11:38:52.693794,26,N/A
10617,2025-01-16 11:38:55.138917,19,N/A
10618,2025-01-16 11:38:58.154256,30,N/A
10619,2025-01-16 11:39:01.480142,32,N/A
10620,2025-01-16 11:39:04.054261,23,N/A
10621,2025-01-16 11:39:08.559400,40,N/A
10622,2025-01-16 11:39:11.861340,31,N/A
10623,2025-01-16 11:39:14.755476,26,N/A
10624,2025-01-16 11:39:18.472196,33,N/A
10625,2025-01-16 11:39:22.342369,35,N/A
10626,2025-01-16 11:39:26.032874,35,N/A
10627,2025-01-16 11:39:28.622077,25,N/A
10628,2025-01-16 11:39:32.185503,35,N/A
10629,2025-01-16 11:39:35.484521,30,N/A
10630,2025-01-16 11:39:39.765109,39,N/A
10631,2025-01-16 11:39:43.158095,27,N/A
10632,2025-01-16 11:39:45.372055,17,N/A
10633,2025-01-16 11:39:46.955917,8,N/A
10634,2025-01-16 11:39:49.642098,20,N/A
10635,2025-01-16 11:39:51.363994,10,N/A
10636,2025-01-16 11:39:54.757680,33,N/A
10637,2025-01-16 11:39:56.316364,9,N/A
10638,2025-01-16 11:39:58.910515,20,N/A
10639,2025-01-16 11:40:00.641317,10,N/A
10640,2025-01-16 11:40:02.352309,11,N/A
10641,2025-01-16 11:40:04.920561,24,N/A
10642,2025-01-16 11:40:07.127930,15,N/A
10643,2025-01-16 11:40:09.789151,17,N/A
10644,2025-01-16 11:40:11.922042,16,N/A
10645,2025-01-16 11:40:14.281326,18,N/A
10646,2025-01-16 11:40:16.274110,17,N/A
10647,2025-01-16 11:40:19.053656,26,N/A
10648,2025-01-16 11:40:22.107154,26,N/A
10649,2025-01-16 11:40:25.065818,31,N/A
10650,2025-01-16 11:40:26.652456,7,N/A
10651,2025-01-16 11:40:28.757468,13,N/A
10652,2025-01-16 11:40:31.423536,28,N/A
10653,2025-01-16 11:40:33.078518,11,N/A
10654,2025-01-16 11:40:34.994753,15,N/A
10655,2025-01-16 11:40:38.515453,34,N/A
10656,2025-01-16 11:40:41.046744,21,N/A
10657,2025-01-16 11:40:43.575464,21,N/A
10658,2025-01-16 11:40:45.796085,17,N/A
10659,2025-01-16 11:40:47.836404,14,N/A
10660,2025-01-16 11:40:49.530310,8,N/A
10661,2025-01-16 11:40:51.349774,12,N/A
10662,2025-01-16 11:40:54.071797,27,N/A
10663,2025-01-16 11:40:56.405664,20,N/A
10664,2025-01-16 11:40:59.085093,23,N/A
10665,2025-01-16 11:41:02.654403,32,N/A
10666,2025-01-16 11:41:05.751388,29,N/A
10667,2025-01-16 11:41:07.657470,15,N/A
10668,2025-01-16 11:41:11.090699,35,N/A
10669,2025-01-16 11:41:14.290604,29,N/A
10670,2025-01-16 11:41:16.435115,19,N/A
10671,2025-01-16 11:41:19.209857,24,N/A
10672,2025-01-16 11:41:21.712821,19,N/A
10673,2025-01-16 11:41:24.143785,21,N/A
10674,2025-01-16 11:41:26.429900,17,N/A
10675,2025-01-16 11:41:28.751089,22,N/A
10676,2025-01-16 11:41:30.996817,19,N/A
10677,2025-01-16 11:41:33.897140,25,N/A
10678,2025-01-16 11:41:36.272029,22,N/A
10679,2025-01-16 11:41:38.996653,30,N/A
10680,2025-01-16 11:41:43.009698,45,N/A
10681,2025-01-16 11:41:45.847889,24,N/A
10682,2025-01-16 11:41:47.828697,18,N/A
10683,2025-01-16 11:41:49.655723,11,N/A
10684,2025-01-16 11:41:52.434909,30,N/A
10685,2025-01-16 11:41:55.041107,23,N/A
10686,2025-01-16 11:41:57.427224,23,N/A
10687,2025-01-16 11:42:00.743352,33,N/A
10688,2025-01-16 11:42:03.602446,29,N/A
10689,2025-01-16 11:42:06.366526,23,N/A
10690,2025-01-16 11:42:10.515055,43,N/A
10691,2025-01-16 11:42:13.367146,21,N/A
10692,2025-01-16 11:42:16.879910,34,N/A
10693,2025-01-16 11:42:19.340810,22,N/A
10694,2025-01-16 11:42:22.068171,28,N/A
10695,2025-01-16 11:42:25.112908,29,N/A
10696,2025-01-16 11:42:28.038369,30,N/A
10697,2025-01-16 11:42:30.350624,15,N/A
10698,2025-01-16 11:42:32.856998,17,N/A
10699,2025-01-16 11:42:34.774164,14,N/A
10700,2025-01-16 11:42:36.428440,11,N/A
10701,2025-01-16 11:42:38.053184,9,N/A
10702,2025-01-16 11:42:40.347018,18,N/A
10703,2025-01-16 11:42:42.766063,19,N/A
10704,2025-01-16 11:42:45.561386,24,N/A
10705,2025-01-16 11:42:47.813535,18,N/A
10706,2025-01-16 11:42:49.754163,13,N/A
10707,2025-01-16 11:42:51.627321,11,N/A
10708,2025-01-16 11:42:54.111221,20,N/A
10709,2025-01-16 11:42:55.565277,6,N/A
10710,2025-01-16 11:42:58.514076,22,N/A
10711,2025-01-16 11:43:00.846560,18,N/A
10712,2025-01-16 11:43:03.152216,18,N/A
10713,2025-01-16 11:43:05.980053,24,N/A
10714,2025-01-16 11:43:08.500987,19,N/A
10715,2025-01-16 11:43:10.886924,20,N/A
10716,2025-01-16 11:43:13.060371,16,N/A
10717,2025-01-16 11:43:15.914206,26,N/A
10718,2025-01-16 11:43:18.063907,15,N/A
10719,2025-01-16 11:43:20.784732,23,N/A
10720,2025-01-16 11:43:23.645947,25,N/A
10721,2025-01-16 11:43:26.139916,22,N/A
10722,2025-01-16 11:43:28.332618,14,N/A
10723,2025-01-16 11:43:30.667083,19,N/A
10724,2025-01-16 11:43:32.675053,13,N/A
10725,2025-01-16 11:43:34.306621,8,N/A
10726,2025-01-16 11:43:36.326333,13,N/A
10727,2025-01-16 11:43:39.154346,23,N/A
10728,2025-01-16 11:43:40.764475,8,N/A
10729,2025-01-16 11:43:43.052547,16,N/A
10730,2025-01-16 11:43:46.275381,30,N/A
10731,2025-01-16 11:43:48.696097,21,N/A
10732,2025-01-16 11:43:51.231475,23,N/A
10733,2025-01-16 11:43:54.011776,23,N/A
10734,2025-01-16 11:43:56.669059,21,N/A
10735,2025-01-16 11:43:59.037469,23,N/A
10736,2025-01-16 11:44:00.660956,8,N/A
10737,2025-01-16 11:44:03.622960,24,N/A
10738,2025-01-16 11:44:05.769014,15,N/A
10739,2025-01-16 11:44:07.494693,10,N/A
10740,2025-01-16 11:44:09.668033,13,N/A
10741,2025-01-16 11:44:12.127345,18,N/A
10742,2025-01-16 11:44:14.242621,14,N/A
10743,2025-01-16 11:44:15.797230,8,N/A
10744,2025-01-16 11:44:17.788200,13,N/A
10745,2025-01-16 11:44:19.886782,14,N/A
10746,2025-01-16 11:44:23.164060,30,N/A
10747,2025-01-16 11:44:24.925208,10,N/A
10748,2025-01-16 11:44:27.359355,21,N/A
10749,2025-01-16 11:44:28.833916,7,N/A
10750,2025-01-16 11:44:31.321694,21,N/A
10751,2025-01-16 11:44:33.748559,16,N/A
10752,2025-01-16 11:44:35.508671,9,N/A
10753,2025-01-16 11:44:37.176244,9,N/A
10754,2025-01-16 11:44:39.941026,22,N/A
10755,2025-01-16 11:44:41.377717,6,N/A
10756,2025-01-16 11:44:43.824329,22,N/A
10757,2025-01-16 11:44:46.086633,19,N/A
10758,2025-01-16 11:44:48.728700,22,N/A
10759,2025-01-16 11:44:50.667358,13,N/A
10760,2025-01-16 11:44:52.916451,17,N/A
10761,2025-01-16 11:44:54.551553,8,N/A
10762,2025-01-16 11:44:56.539980,15,N/A
10763,2025-01-16 11:44:58.834669,22,N/A
10764,2025-01-16 11:45:00.971909,16,N/A
10765,2025-01-16 11:45:02.541100,7,N/A
10766,2025-01-16 11:45:04.947082,17,N/A
10767,2025-01-16 11:45:07.652248,24,N/A
10768,2025-01-16 11:45:09.866039,19,N/A
10769,2025-01-16 11:45:12.386292,21,N/A
10770,2025-01-16 11:45:15.310908,30,N/A
10771,2025-01-16 11:45:17.444611,22,N/A
10772,2025-01-16 11:45:19.948936,19,N/A
10773,2025-01-16 11:45:22.721907,28,N/A
10774,2025-01-16 11:45:25.144191,20,N/A
10775,2025-01-16 11:45:27.456104,18,N/A
10776,2025-01-16 11:45:29.825355,20,N/A
10777,2025-01-16 11:45:32.457072,21,N/A
10778,2025-01-16 11:45:34.726810,16,N/A
10779,2025-01-16 11:45:37.781459,29,N/A
10780,2025-01-16 11:45:40.577321,29,N/A
10781,2025-01-16 11:45:43.458743,28,N/A
10782,2025-01-16 11:45:46.457796,27,N/A
10783,2025-01-16 11:45:49.186263,26,N/A
10784,2025-01-16 11:45:51.726524,22,N/A
10785,2025-01-16 11:45:53.572209,16,N/A
10786,2025-01-16 11:45:57.341515,41,N/A
10787,2025-01-16 11:45:59.979450,24,N/A
10788,2025-01-16 11:46:02.621202,23,N/A
10789,2025-01-16 11:46:05.455230,29,N/A
10790,2025-01-16 11:46:07.361202,13,N/A
10791,2025-01-16 11:46:09.374481,12,N/A
10792,2025-01-16 11:46:11.897061,25,N/A
10793,2025-01-16 11:46:13.936318,17,N/A
10794,2025-01-16 11:46:15.800348,12,N/A
10795,2025-01-16 11:46:17.761932,13,N/A
10796,2025-01-16 11:46:20.819972,28,N/A
10797,2025-01-16 11:46:24.238700,42,N/A
10798,2025-01-16 11:46:26.117680,17,N/A
10799,2025-01-16 11:46:29.188253,31,N/A
10800,2025-01-16 11:46:31.130675,13,N/A
10801,2025-01-16 11:46:34.432375,38,N/A
10802,2025-01-16 11:46:37.449508,26,N/A
10803,2025-01-16 11:46:39.654394,17,N/A
10804,2025-01-16 11:46:42.023330,21,N/A
10805,2025-01-16 11:46:43.937667,14,N/A
10806,2025-01-16 11:46:45.964003,17,N/A
10807,2025-01-16 11:46:47.880155,14,N/A
10808,2025-01-16 11:46:49.511189,8,N/A
10809,2025-01-16 11:46:51.103941,10,N/A
10810,2025-01-16 11:46:54.146011,37,N/A
10811,2025-01-16 11:46:56.179171,14,N/A
10812,2025-01-16 11:46:58.500035,20,N/A
10813,2025-01-16 11:47:00.787698,22,N/A
10814,2025-01-16 11:47:03.374022,21,N/A
10815,2025-01-16 11:47:05.887608,23,N/A
10816,2025-01-16 11:47:08.658365,22,N/A
10817,2025-01-16 11:47:10.547971,13,N/A
10818,2025-01-16 11:47:12.885925,17,N/A
10819,2025-01-16 11:47:14.995583,14,N/A
10820,2025-01-16 11:47:16.628481,10,N/A
10821,2025-01-16 11:47:18.794515,15,N/A
10822,2025-01-16 11:47:21.507666,19,N/A
10823,2025-01-16 11:47:24.207131,26,N/A
10824,2025-01-16 11:47:26.287856,17,N/A
10825,2025-01-16 11:47:28.153324,11,N/A
10826,2025-01-16 11:47:30.791495,25,N/A
10827,2025-01-16 11:47:33.071133,17,N/A
10828,2025-01-16 11:47:35.419370,17,N/A
10829,2025-01-16 11:47:37.832653,18,N/A
10830,2025-01-16 11:47:40.486869,22,N/A
10831,2025-01-16 11:47:43.674840,34,N/A
10832,2025-01-16 11:47:46.331968,25,N/A
10833,2025-01-16 11:47:48.951879,20,N/A
10834,2025-01-16 11:47:51.650319,21,N/A
10835,2025-01-16 11:47:53.337592,9,N/A
10836,2025-01-16 11:47:55.154547,14,N/A
10837,2025-01-16 11:47:57.266649,17,N/A
10838,2025-01-16 11:47:59.503548,19,N/A
10839,2025-01-16 11:48:01.452830,16,N/A
10840,2025-01-16 11:48:03.584854,16,N/A
10841,2025-01-16 11:48:06.615113,25,N/A
10842,2025-01-16 11:48:08.768444,13,N/A
10843,2025-01-16 11:48:11.224955,21,N/A
10844,2025-01-16 11:48:12.858322,11,N/A
10845,2025-01-16 11:48:15.592067,28,N/A
10846,2025-01-16 11:48:18.140344,23,N/A
10847,2025-01-16 11:48:20.756927,22,N/A
10848,2025-01-16 11:48:22.310779,8,N/A
10849,2025-01-16 11:48:24.709215,21,N/A
10850,2025-01-16 11:48:26.712938,13,N/A
10851,2025-01-16 11:48:29.536014,25,N/A
10852,2025-01-16 11:48:32.021992,27,N/A
10853,2025-01-16 11:48:34.185910,21,N/A
10854,2025-01-16 11:48:36.407752,22,N/A
10855,2025-01-16 11:48:39.547229,32,N/A
10856,2025-01-16 11:48:41.977730,24,N/A
10857,2025-01-16 11:48:43.413751,6,N/A
10858,2025-01-16 11:48:45.127748,12,N/A
10859,2025-01-16 11:48:47.501338,18,N/A
10860,2025-01-16 11:48:49.995490,26,N/A
10861,2025-01-16 11:48:53.161632,32,N/A
10862,2025-01-16 11:48:55.437956,20,N/A
10863,2025-01-16 11:48:57.991247,24,N/A
10864,2025-01-16 11:48:59.910960,14,N/A
10865,2025-01-16 11:49:01.986711,16,N/A
10866,2025-01-16 11:49:04.979854,27,N/A
10867,2025-01-16 11:49:08.223321,33,N/A
10868,2025-01-16 11:49:10.564895,16,N/A
10869,2025-01-16 11:49:13.157164,25,N/A
10870,2025-01-16 11:49:15.600844,22,N/A
10871,2025-01-16 11:49:17.417431,12,N/A
10872,2025-01-16 11:49:19.139998,14,N/A
10873,2025-01-16 11:49:20.574553,6,N/A
10874,2025-01-16 11:49:22.779605,18,N/A
10875,2025-01-16 11:49:24.899896,13,N/A
10876,2025-01-16 11:49:27.195396,21,N/A
10877,2025-01-16 11:49:29.512508,19,N/A
10878,2025-01-16 11:49:31.746061,23,N/A
10879,2025-01-16 11:49:43.377696,38,N/A
10880,2025-01-16 11:49:45.259108,15,N/A
10881,2025-01-16 11:49:48.014381,30,N/A
10882,2025-01-16 11:49:51.593752,34,N/A
10883,2025-01-16 11:49:53.949232,19,N/A
10884,2025-01-16 11:49:57.278962,29,N/A
10885,2025-01-16 11:49:59.078237,13,N/A
10886,2025-01-16 11:50:01.504004,20,N/A
10887,2025-01-16 11:50:03.844927,16,N/A
10888,2025-01-16 11:50:05.562389,8,N/A
10889,2025-01-16 11:50:08.610025,26,N/A
10890,2025-01-16 11:50:11.212932,24,N/A
10891,2025-01-16 11:50:13.212576,13,N/A
10892,2025-01-16 11:50:15.226277,13,N/A
10893,2025-01-16 11:50:17.367769,17,N/A
10894,2025-01-16 11:50:18.914597,8,N/A
10895,2025-01-16 11:50:21.097003,18,N/A
10896,2025-01-16 11:50:22.931503,13,N/A
10897,2025-01-16 11:50:24.561148,12,N/A
10898,2025-01-16 11:50:27.233468,23,N/A
10899,2025-01-16 11:50:30.714582,34,N/A
10900,2025-01-16 11:50:32.951652,17,N/A
10901,2025-01-16 11:50:35.464071,21,N/A
10902,2025-01-16 11:50:38.600356,31,N/A
10903,2025-01-16 11:50:41.899542,31,N/A
10904,2025-01-16 11:50:44.176488,19,N/A
10905,2025-01-16 11:50:46.451150,22,N/A
10906,2025-01-16 11:50:49.328504,26,N/A
10907,2025-01-16 11:50:51.476701,17,N/A
10908,2025-01-16 11:50:54.452536,26,N/A
10909,2025-01-16 11:50:57.896183,37,N/A
10910,2025-01-16 11:51:01.459351,33,N/A
10911,2025-01-16 11:51:04.544034,30,N/A
10912,2025-01-16 11:51:08.320097,34,N/A
10913,2025-01-16 11:51:11.670165,32,N/A
10914,2025-01-16 11:51:14.933514,33,N/A
10915,2025-01-16 11:51:18.545753,37,N/A
10916,2025-01-16 11:51:21.444145,28,N/A
10917,2025-01-16 11:51:23.448641,15,N/A
10918,2025-01-16 11:51:26.064211,22,N/A
10919,2025-01-16 11:51:29.065592,28,N/A
10920,2025-01-16 11:51:31.696220,25,N/A
10921,2025-01-16 11:51:35.011499,32,N/A
10922,2025-01-16 11:51:37.748329,30,N/A
10923,2025-01-16 11:51:40.192712,20,N/A
10924,2025-01-16 11:51:43.045942,23,N/A
10925,2025-01-16 11:51:46.151411,28,N/A
10926,2025-01-16 11:51:48.998855,23,N/A
10927,2025-01-16 11:51:52.041129,30,N/A
10928,2025-01-16 11:51:54.670113,22,N/A
10929,2025-01-16 11:51:57.137402,20,N/A
10930,2025-01-16 11:51:59.488144,22,N/A
10931,2025-01-16 11:52:02.100531,23,N/A
10932,2025-01-16 11:52:04.899673,23,N/A
10933,2025-01-16 11:52:06.938995,16,N/A
10934,2025-01-16 11:52:08.971236,16,N/A
10935,2025-01-16 11:52:11.306869,18,N/A
10936,2025-01-16 11:52:14.168729,26,N/A
10937,2025-01-16 11:52:16.096625,14,N/A
10938,2025-01-16 11:52:17.852456,10,N/A
10939,2025-01-16 11:52:19.738608,12,N/A
10940,2025-01-16 11:52:22.404248,24,N/A
10941,2025-01-16 11:52:25.714515,31,N/A
10942,2025-01-16 11:52:27.931418,13,N/A
10943,2025-01-16 11:52:30.523971,23,N/A
10944,2025-01-16 11:52:32.296543,11,N/A
10945,2025-01-16 11:52:34.042452,9,N/A
10946,2025-01-16 11:52:38.259506,38,N/A
10947,2025-01-16 11:52:40.288833,14,N/A
10948,2025-01-16 11:52:42.299313,17,N/A
10949,2025-01-16 11:52:44.568363,17,N/A
10950,2025-01-16 11:52:46.139653,8,N/A
10951,2025-01-16 11:52:47.612180,6,N/A
10952,2025-01-16 11:52:49.231985,8,N/A
10953,2025-01-16 11:52:50.961702,14,N/A
10954,2025-01-16 11:52:53.861284,30,N/A
10955,2025-01-16 11:52:56.083231,13,N/A
10956,2025-01-16 11:52:58.836886,26,N/A
10957,2025-01-16 11:53:01.115792,15,N/A
10958,2025-01-16 11:53:03.960149,26,N/A
10959,2025-01-16 11:53:05.666312,10,N/A
10960,2025-01-16 11:53:07.736958,14,N/A
10961,2025-01-16 11:53:09.938982,17,N/A
10962,2025-01-16 11:53:12.669997,19,N/A
10963,2025-01-16 11:53:15.370171,25,N/A
10964,2025-01-16 11:53:16.926557,7,N/A
10965,2025-01-16 11:53:19.107626,18,N/A
10966,2025-01-16 11:53:21.024174,15,N/A
10967,2025-01-16 11:53:22.946283,13,N/A
10968,2025-01-16 11:53:25.375697,22,N/A
10969,2025-01-16 11:53:27.727466,19,N/A
10970,2025-01-16 11:53:30.135495,20,N/A
10971,2025-01-16 11:53:31.606676,5,N/A
10972,2025-01-16 11:53:33.346711,9,N/A
10973,2025-01-16 11:53:34.701214,4,N/A
10974,2025-01-16 11:53:37.038097,18,N/A
10975,2025-01-16 11:53:39.168679,15,N/A
10976,2025-01-16 11:53:41.195627,14,N/A
10977,2025-01-16 11:53:43.467006,16,N/A
10978,2025-01-16 11:53:45.630298,16,N/A
10979,2025-01-16 11:53:48.030947,20,N/A
10980,2025-01-16 11:53:49.632642,7,N/A
10981,2025-01-16 11:53:51.597901,11,N/A
10982,2025-01-16 11:53:53.735854,16,N/A
10983,2025-01-16 11:53:55.924322,17,N/A
10984,2025-01-16 11:53:58.239044,16,N/A
10985,2025-01-16 11:54:00.818667,21,N/A
10986,2025-01-16 11:54:02.523966,11,N/A
10987,2025-01-16 11:54:05.305731,24,N/A
10988,2025-01-16 11:54:08.552797,28,N/A
10989,2025-01-16 11:54:10.106430,6,N/A
10990,2025-01-16 11:54:12.339576,19,N/A
10991,2025-01-16 11:54:14.672129,19,N/A
10992,2025-01-16 11:54:18.435395,39,N/A
10993,2025-01-16 11:54:20.368280,13,N/A
10994,2025-01-16 11:54:21.927528,9,N/A
10995,2025-01-16 11:54:24.235657,16,N/A
10996,2025-01-16 11:54:27.101145,26,N/A
10997,2025-01-16 11:54:29.383448,17,N/A
10998,2025-01-16 11:54:30.992613,9,N/A
10999,2025-01-16 11:54:32.878050,12,N/A
11000,2025-01-16 11:54:35.221422,21,N/A
11001,2025-01-16 11:54:37.791720,25,N/A
11002,2025-01-16 11:54:40.805955,29,N/A
11003,2025-01-16 11:54:43.699981,31,N/A
11004,2025-01-16 11:54:46.069758,23,N/A
11005,2025-01-16 11:54:48.103744,16,N/A
11006,2025-01-16 11:54:50.446582,17,N/A
11007,2025-01-16 11:54:54.104006,35,N/A
11008,2025-01-16 11:54:57.090982,31,N/A
11009,2025-01-16 11:55:00.088915,29,N/A
11010,2025-01-16 11:55:03.106045,29,N/A
11011,2025-01-16 11:55:06.105004,27,N/A
11012,2025-01-16 11:55:08.108909,14,N/A
11013,2025-01-16 11:55:10.609170,23,N/A
11014,2025-01-16 11:55:12.985956,20,N/A
11015,2025-01-16 11:55:15.676608,20,N/A
11016,2025-01-16 11:55:18.837734,32,N/A
11017,2025-01-16 11:55:20.494730,11,N/A
11018,2025-01-16 11:55:22.356369,13,N/A
11019,2025-01-16 11:55:25.842107,32,N/A
11020,2025-01-16 11:55:28.406578,22,N/A
11021,2025-01-16 11:55:31.489736,31,N/A
11022,2025-01-16 11:55:33.966825,21,N/A
11023,2025-01-16 11:55:35.902843,16,N/A
11024,2025-01-16 11:55:37.547427,8,N/A
11025,2025-01-16 11:55:40.807182,32,N/A
11026,2025-01-16 11:55:44.118780,30,N/A
11027,2025-01-16 11:55:47.101424,31,N/A
11028,2025-01-16 11:55:50.244636,30,N/A
11029,2025-01-16 11:55:53.276779,30,N/A
11030,2025-01-16 11:55:55.790437,20,N/A
11031,2025-01-16 11:55:58.592432,24,N/A
11032,2025-01-16 11:56:02.781138,37,N/A
11033,2025-01-16 11:56:06.100251,31,N/A
11034,2025-01-16 11:56:09.580690,33,N/A
11035,2025-01-16 11:56:11.955896,18,N/A
11036,2025-01-16 11:56:14.309759,17,N/A
11037,2025-01-16 11:56:17.905561,37,N/A
11038,2025-01-16 11:56:20.015831,15,N/A
11039,2025-01-16 11:56:23.138755,27,N/A
11040,2025-01-16 11:56:25.603144,18,N/A
11041,2025-01-16 11:56:29.038655,33,N/A
11042,2025-01-16 11:56:30.951798,12,N/A
11043,2025-01-16 11:56:32.698722,9,N/A
11044,2025-01-16 11:56:34.283726,8,N/A
11045,2025-01-16 11:56:35.936250,10,N/A
11046,2025-01-16 11:56:37.332828,4,N/A
11047,2025-01-16 11:56:40.205882,26,N/A
11048,2025-01-16 11:56:43.288994,27,N/A
11049,2025-01-16 11:56:45.392353,18,N/A
11050,2025-01-16 11:56:47.463190,17,N/A
11051,2025-01-16 11:56:49.459521,15,N/A
11052,2025-01-16 11:56:51.366991,15,N/A
11053,2025-01-16 11:56:53.038107,9,N/A
11054,2025-01-16 11:56:55.242951,18,N/A
11055,2025-01-16 11:56:57.541670,20,N/A
11056,2025-01-16 11:56:59.159467,9,N/A
11057,2025-01-16 11:57:00.799915,10,N/A
11058,2025-01-16 11:57:03.682428,29,N/A
11059,2025-01-16 11:57:06.461251,23,N/A
11060,2025-01-16 11:57:08.637909,18,N/A
11061,2025-01-16 11:57:11.138631,17,N/A
11062,2025-01-16 11:57:13.499847,19,N/A
11063,2025-01-16 11:57:15.920602,22,N/A
11064,2025-01-16 11:57:19.307372,31,N/A
11065,2025-01-16 11:57:22.491545,27,N/A
11066,2025-01-16 11:57:24.309787,9,N/A
11067,2025-01-16 11:57:28.430217,37,N/A
11068,2025-01-16 11:57:31.881724,34,N/A
11069,2025-01-16 11:57:33.862423,11,N/A
11070,2025-01-16 11:57:37.855755,35,N/A
11071,2025-01-16 11:57:39.933233,13,N/A
11072,2025-01-16 11:57:42.529542,20,N/A
11073,2025-01-16 11:57:44.679892,13,N/A
11074,2025-01-16 11:57:46.895134,17,N/A
11075,2025-01-16 11:57:48.629188,8,N/A
11076,2025-01-16 11:57:50.925043,25,N/A
11077,2025-01-16 11:57:53.552349,20,N/A
11078,2025-01-16 11:57:56.094058,22,N/A
11079,2025-01-16 11:57:58.163578,14,N/A
11080,2025-01-16 11:58:00.651823,16,N/A
11081,2025-01-16 11:58:02.741510,16,N/A
11082,2025-01-16 11:58:05.303010,20,N/A
11083,2025-01-16 11:58:07.546090,16,N/A
11084,2025-01-16 11:58:09.616145,15,N/A
11085,2025-01-16 11:58:11.841377,14,N/A
11086,2025-01-16 11:58:13.754310,9,N/A
11087,2025-01-16 11:58:16.566481,22,N/A
11088,2025-01-16 11:58:19.774865,27,N/A
11089,2025-01-16 11:59:00.302702,21,N/A
11090,2025-01-16 11:59:00.815589,23,N/A
11091,2025-01-16 11:59:01.282570,23,N/A
11092,2025-01-16 11:59:02.075846,14,N/A
11093,2025-01-16 11:59:03.642570,9,N/A
11094,2025-01-16 11:59:04.344758,24,N/A
11095,2025-01-16 11:59:04.706014,13,N/A
11096,2025-01-16 11:59:05.169349,35,N/A
11097,2025-01-16 11:59:07.253992,26,N/A
11098,2025-01-16 11:59:09.241080,14,N/A
11099,2025-01-16 11:59:10.988818,12,N/A
11100,2025-01-16 11:59:35.068968,17,N/A
11101,2025-01-16 11:59:37.221500,20,N/A
11102,2025-01-16 11:59:40.907353,39,N/A
11103,2025-01-16 11:59:43.858498,28,N/A
11104,2025-01-16 11:59:47.064658,31,N/A
11105,2025-01-16 11:59:49.202922,18,N/A
11106,2025-01-16 11:59:51.805029,25,N/A
11107,2025-01-16 11:59:54.402059,18,N/A
11108,2025-01-16 11:59:57.136308,26,N/A
11109,2025-01-16 11:59:59.814699,25,N/A
11110,2025-01-16 12:00:00.396989,27,N/A
11111,2025-01-16 12:00:01.741271,13,N/A
11112,2025-01-16 12:00:04.028886,17,N/A
11113,2025-01-16 12:00:07.139231,31,N/A
11114,2025-01-16 12:00:10.564163,35,N/A
11115,2025-01-16 12:00:12.444952,12,N/A
11116,2025-01-16 12:00:15.317474,24,N/A
11117,2025-01-16 12:00:18.662464,30,N/A
11118,2025-01-16 12:04:59.728992,16,N/A
11119,2025-01-16 12:05:03.779763,25,N/A
11120,2025-01-16 12:05:06.073208,17,N/A
11121,2025-01-16 12:05:08.320785,24,N/A
11122,2025-01-16 12:05:11.371059,28,N/A
11123,2025-01-16 12:05:14.633289,37,N/A
11124,2025-01-16 12:05:16.372487,11,N/A
11125,2025-01-16 12:05:19.378777,30,N/A
11126,2025-01-16 12:05:22.485561,31,N/A
11127,2025-01-16 12:05:25.414494,30,N/A
11128,2025-01-16 12:05:28.919846,33,N/A
11129,2025-01-16 12:05:31.770417,26,N/A
11130,2025-01-16 12:05:34.604721,24,N/A
11131,2025-01-16 12:05:37.688052,26,N/A
11132,2025-01-16 12:05:40.116769,22,N/A
11133,2025-01-16 12:05:42.784100,23,N/A
11134,2025-01-16 12:05:44.995044,13,N/A
11135,2025-01-16 12:21:11.746984,12,N/A
11136,2025-01-16 12:21:13.877566,19,N/A
11137,2025-01-16 12:21:15.869752,21,N/A
11138,2025-01-16 12:21:17.613689,10,N/A
11139,2025-01-16 12:21:20.015322,17,N/A
11140,2025-01-16 12:21:22.192630,14,N/A
11141,2025-01-16 12:21:26.169832,34,N/A
11142,2025-01-16 12:21:28.704697,19,N/A
11143,2025-01-16 12:21:30.762700,19,N/A
11144,2025-01-16 12:21:33.088119,21,N/A
11145,2025-01-16 12:21:35.612644,23,N/A
11146,2025-01-16 12:21:37.899547,17,N/A
11147,2025-01-16 12:21:40.381036,20,N/A
11148,2025-01-16 12:21:42.866160,21,N/A
11149,2025-01-16 12:21:45.151980,16,N/A
11150,2025-01-16 12:21:48.286563,32,N/A
11151,2025-01-16 12:21:50.881089,22,N/A
11152,2025-01-16 12:21:53.514593,25,N/A
11153,2025-01-16 12:21:56.839867,30,N/A
11154,2025-01-16 12:22:00.437867,36,N/A
11155,2025-01-16 12:22:03.837372,31,N/A
11156,2025-01-16 12:22:05.696469,13,N/A
11157,2025-01-16 12:22:09.110690,32,N/A
11158,2025-01-16 12:22:12.303651,25,N/A
11159,2025-01-16 12:37:19.369146,30,N/A
11160,2025-01-16 12:37:23.509239,44,N/A
11161,2025-01-16 12:37:26.206898,30,N/A
11162,2025-01-16 12:37:29.631492,31,N/A
11163,2025-01-16 12:37:34.048170,46,N/A
11164,2025-01-16 12:37:35.693756,37,N/A
11165,2025-01-16 12:37:36.834107,29,N/A
11166,2025-01-16 12:37:38.115825,33,N/A
11167,2025-01-16 12:37:39.035470,16,N/A
11168,2025-01-16 12:37:40.451114,39,N/A
11169,2025-01-16 12:37:42.164937,27,N/A
11170,2025-01-16 12:37:43.806653,18,N/A
11171,2025-01-16 12:37:45.324629,23,N/A
11172,2025-01-16 12:37:47.209807,19,N/A
11173,2025-01-16 12:37:47.938390,14,N/A
11174,2025-01-16 12:37:49.935071,17,N/A
11175,2025-01-16 12:37:51.354687,21,N/A
11176,2025-01-16 12:37:52.514485,13,N/A
11177,2025-01-16 12:37:54.529357,32,N/A
11178,2025-01-16 12:37:57.319329,31,N/A
11179,2025-01-16 12:37:58.692716,24,N/A
11180,2025-01-16 12:37:59.834944,16,N/A
11181,2025-01-16 12:38:03.308770,31,N/A
11182,2025-01-16 12:53:31.430330,29,N/A
11183,2025-01-16 12:53:35.141672,31,N/A
11184,2025-01-16 12:53:38.375376,29,N/A
11185,2025-01-16 12:53:41.476205,27,N/A
11186,2025-01-16 12:53:43.723360,18,N/A
11187,2025-01-16 12:53:45.980211,14,N/A
11188,2025-01-16 12:53:48.590168,24,N/A
11189,2025-01-16 12:53:52.216497,39,N/A
11190,2025-01-16 12:53:54.485126,22,N/A
11191,2025-01-16 12:53:57.674715,29,N/A
11192,2025-01-16 12:54:00.766063,23,N/A
11193,2025-01-16 12:54:03.495876,25,N/A
11194,2025-01-16 12:54:06.651197,30,N/A
11195,2025-01-16 12:54:09.611345,25,N/A
11196,2025-01-16 12:54:13.019712,31,N/A
11197,2025-01-16 12:54:15.998875,29,N/A
11198,2025-01-16 13:03:30.446302,30,N/A
11199,2025-01-16 13:03:30.806382,25,N/A
11200,2025-01-16 13:03:31.202692,27,N/A
11201,2025-01-16 13:03:33.530510,31,N/A
11202,2025-01-16 13:03:35.821709,22,N/A
11203,2025-01-16 13:03:39.363986,34,N/A
11204,2025-01-16 13:03:41.426314,13,N/A
11205,2025-01-16 13:03:43.413497,13,N/A
11206,2025-01-16 13:03:45.513915,13,N/A
11207,2025-01-16 13:03:47.666161,15,N/A
11208,2025-01-16 13:03:50.172079,21,N/A
11209,2025-01-16 13:03:52.531093,18,N/A
11210,2025-01-16 13:03:54.651291,14,N/A
11211,2025-01-16 13:03:57.213941,20,N/A
11212,2025-01-16 13:03:59.445183,19,N/A
11213,2025-01-16 13:04:01.317329,13,N/A
11214,2025-01-16 13:04:03.597941,15,N/A
11215,2025-01-16 13:04:06.550098,24,N/A
11216,2025-01-16 13:04:08.706098,18,N/A
11217,2025-01-16 13:05:59.313270,16,N/A
11218,2025-01-16 13:06:01.788525,18,N/A
11219,2025-01-16 13:06:03.752771,12,N/A
11220,2025-01-16 13:06:05.494167,11,N/A
11221,2025-01-16 13:21:33.784812,20,N/A
11222,2025-01-16 13:21:36.744227,33,N/A
11223,2025-01-16 13:21:39.248586,27,N/A
11224,2025-01-16 13:21:42.316811,29,N/A
11225,2025-01-16 13:21:44.780198,17,N/A
11226,2025-01-16 13:21:47.135247,18,N/A
11227,2025-01-16 13:21:48.559822,15,N/A
11228,2025-01-16 13:21:50.935395,24,N/A
11229,2025-01-16 13:21:52.912423,14,N/A
11230,2025-01-16 13:21:55.458274,21,N/A
11231,2025-01-16 13:21:57.809051,23,N/A
11232,2025-01-16 13:21:59.511789,8,N/A
11233,2025-01-16 13:22:02.190777,24,N/A
11234,2025-01-16 13:22:04.727026,24,N/A
11235,2025-01-16 13:22:06.196690,7,N/A
11236,2025-01-16 13:22:08.241699,15,N/A
11237,2025-01-16 13:22:10.657001,19,N/A
11238,2025-01-16 13:22:12.713957,14,N/A
11239,2025-01-16 13:37:19.666267,22,N/A
11240,2025-01-16 13:37:22.167297,16,N/A
11241,2025-01-16 13:37:25.367907,27,N/A
11242,2025-01-16 13:37:27.579084,15,N/A
11243,2025-01-16 13:37:30.430700,31,N/A
11244,2025-01-16 13:37:32.024114,8,N/A
11245,2025-01-16 13:37:33.832708,9,N/A
11246,2025-01-16 13:37:36.385036,24,N/A
11247,2025-01-16 13:37:38.765515,17,N/A
11248,2025-01-16 13:37:41.279966,21,N/A
11249,2025-01-16 13:37:44.154808,23,N/A
11250,2025-01-16 13:37:45.956268,12,N/A
11251,2025-01-16 13:37:47.990175,17,N/A
11252,2025-01-16 13:37:50.105733,17,N/A
11253,2025-01-16 13:37:52.281631,15,N/A
11254,2025-01-16 13:37:54.817940,22,N/A
11255,2025-01-16 13:37:56.651977,11,N/A
11256,2025-01-16 13:37:58.644365,12,N/A
11257,2025-01-16 13:38:00.696667,16,N/A
11258,2025-01-16 13:53:28.563694,12,N/A
11259,2025-01-16 13:53:30.748475,14,N/A
11260,2025-01-16 13:53:32.924061,23,N/A
11261,2025-01-16 13:53:35.308037,23,N/A
11262,2025-01-16 13:53:37.718834,23,N/A
11263,2025-01-16 13:53:39.517171,14,N/A
11264,2025-01-16 13:53:42.810162,29,N/A
11265,2025-01-16 13:53:44.972574,19,N/A
11266,2025-01-16 13:53:47.757181,29,N/A
11267,2025-01-16 13:53:49.988891,23,N/A
11268,2025-01-16 13:53:52.254760,20,N/A
11269,2025-01-16 13:53:53.824834,11,N/A
11270,2025-01-16 13:53:56.521590,24,N/A
11271,2025-01-16 13:53:59.436944,30,N/A
11272,2025-01-16 13:54:02.826893,30,N/A
11273,2025-01-16 13:54:05.015366,18,N/A
11274,2025-01-16 13:54:08.514053,29,N/A
11275,2025-01-16 13:54:11.603128,27,N/A
11276,2025-01-16 14:07:02.842081,32,N/A
11277,2025-01-16 14:07:06.471220,37,N/A
11278,2025-01-16 14:07:09.480330,35,N/A
11279,2025-01-16 14:07:11.830914,16,N/A
11280,2025-01-16 14:07:14.050712,14,N/A
11281,2025-01-16 14:07:16.321505,16,N/A
11282,2025-01-16 14:07:20.081192,35,N/A
11283,2025-01-16 14:22:48.624791,29,N/A
11284,2025-01-16 14:22:51.904674,29,N/A
11285,2025-01-16 14:22:53.459731,17,N/A
11286,2025-01-16 14:22:56.867767,36,N/A
11287,2025-01-16 14:22:59.920214,29,N/A
11288,2025-01-16 14:23:02.902121,21,N/A
11289,2025-01-16 14:23:04.758988,19,N/A
11290,2025-01-16 14:23:06.600235,11,N/A
11291,2025-01-16 14:23:08.949558,19,N/A
11292,2025-01-16 14:23:10.923313,14,N/A
11293,2025-01-16 14:23:13.344690,21,N/A
11294,2025-01-16 14:23:16.607995,29,N/A
11295,2025-01-16 14:23:19.401884,27,N/A
11296,2025-01-16 14:23:22.191940,22,N/A
11297,2025-01-16 14:23:24.182674,13,N/A
11298,2025-01-16 14:23:26.627038,19,N/A
11299,2025-01-16 14:23:29.149967,17,N/A
11300,2025-01-16 14:38:57.368048,17,N/A
11301,2025-01-16 14:38:59.744610,19,N/A
11302,2025-01-16 14:39:02.424800,22,N/A
11303,2025-01-16 14:39:04.792486,20,N/A
11304,2025-01-16 14:39:07.451293,19,N/A
11305,2025-01-16 14:39:10.155275,23,N/A
11306,2025-01-16 14:39:12.748373,20,N/A
11307,2025-01-16 14:39:14.432361,11,N/A
11308,2025-01-16 14:39:16.769920,18,N/A
11309,2025-01-16 14:39:19.376418,16,N/A
11310,2025-01-16 14:39:20.884466,7,N/A
11311,2025-01-16 14:39:22.990024,15,N/A
11312,2025-01-16 14:39:26.164323,33,N/A
11313,2025-01-16 14:39:28.257644,13,N/A
11314,2025-01-16 14:39:30.695845,19,N/A
11315,2025-01-16 14:39:33.505118,28,N/A
11316,2025-01-16 14:39:35.873419,19,N/A
11317,2025-01-16 14:39:37.820437,14,N/A
11318,2025-01-16 14:39:40.523881,21,N/A
11319,2025-01-16 14:55:08.434321,22,N/A
11320,2025-01-16 14:55:09.970543,5,N/A
11321,2025-01-16 14:55:12.308444,17,N/A
11322,2025-01-16 14:55:15.258337,25,N/A
11323,2025-01-16 14:55:17.692326,21,N/A
11324,2025-01-16 14:55:20.864365,33,N/A
11325,2025-01-16 14:55:23.829183,29,N/A
11326,2025-01-16 14:55:27.185099,30,N/A
11327,2025-01-16 14:55:30.718203,37,N/A
11328,2025-01-16 14:55:34.949067,45,N/A
11329,2025-01-16 14:55:38.128121,32,N/A
11330,2025-01-16 14:55:41.676659,29,N/A
11331,2025-01-16 14:55:44.169573,23,N/A
11332,2025-01-16 14:55:46.458765,21,N/A
11333,2025-01-16 14:55:48.283203,9,N/A
11334,2025-01-16 15:07:59.549671,12,N/A
11335,2025-01-16 15:08:02.537700,30,N/A
11336,2025-01-16 15:08:05.026664,25,N/A
11337,2025-01-16 15:08:06.795691,17,N/A
11338,2025-01-16 15:08:08.657311,11,N/A
11339,2025-01-16 15:08:11.884687,30,N/A
11340,2025-01-16 15:08:14.127920,20,N/A
11341,2025-01-16 15:08:16.229762,17,N/A
11342,2025-01-16 15:08:17.826562,7,N/A
11343,2025-01-16 15:08:20.479042,28,N/A
11344,2025-01-16 15:08:22.700489,20,N/A
11345,2025-01-16 15:08:24.869711,20,N/A
11346,2025-01-16 15:08:27.884177,29,N/A
11347,2025-01-16 15:08:30.406440,27,N/A
11348,2025-01-16 15:08:32.659007,19,N/A
11349,2025-01-16 15:08:34.136757,5,N/A
11350,2025-01-16 15:08:36.212544,19,N/A
11351,2025-01-16 15:08:38.701323,20,N/A
11352,2025-01-16 15:08:41.752993,31,N/A
11353,2025-01-16 15:24:10.273549,16,N/A
11354,2025-01-16 15:24:11.909059,13,N/A
11355,2025-01-16 15:24:13.809557,20,N/A
11356,2025-01-16 15:24:16.824075,29,N/A
11357,2025-01-16 15:24:19.092304,11,N/A
11358,2025-01-16 15:24:21.885854,25,N/A
11359,2025-01-16 15:24:23.339463,17,N/A
11360,2025-01-16 15:24:26.655476,35,N/A
11361,2025-01-16 15:24:29.378745,23,N/A
11362,2025-01-16 15:24:31.355232,17,N/A
11363,2025-01-16 15:24:33.215988,11,N/A
11364,2025-01-16 15:24:35.141978,14,N/A
11365,2025-01-16 15:24:37.365527,17,N/A
11366,2025-01-16 15:24:40.722815,28,N/A
11367,2025-01-16 15:24:42.873347,16,N/A
11368,2025-01-16 15:24:44.895975,12,N/A
11369,2025-01-16 15:24:47.722276,26,N/A
11370,2025-01-16 15:24:49.370004,10,N/A
11371,2025-01-16 15:24:51.776280,27,N/A
11372,2025-01-16 15:40:01.705851,9,N/A
11373,2025-01-16 15:40:04.090870,28,N/A
11374,2025-01-16 15:57:22.344683,24,N/A
11375,2025-01-16 15:57:23.894187,30,N/A
11376,2025-01-16 15:57:25.692926,15,N/A
11377,2025-01-16 16:09:01.339718,31,N/A
11378,2025-01-16 16:09:02.917034,14,N/A
11379,2025-01-16 16:09:06.319089,32,N/A
11380,2025-01-16 16:10:57.323147,19,N/A
11381,2025-01-16 16:10:59.405002,18,N/A
11382,2025-01-16 16:11:01.367429,14,N/A
11383,2025-01-16 16:11:02.945914,8,N/A
11384,2025-01-16 16:11:05.112974,14,N/A
11385,2025-01-16 16:11:07.917174,23,N/A
11386,2025-01-16 16:11:09.438984,6,N/A
11387,2025-01-16 16:11:12.038702,21,N/A
11388,2025-01-16 16:11:14.303992,19,N/A
11389,2025-01-16 16:11:16.289392,15,N/A
11390,2025-01-16 16:11:18.945877,24,N/A
11391,2025-01-16 16:11:20.801085,13,N/A
11392,2025-01-16 16:11:23.248705,20,N/A
11393,2025-01-16 16:11:25.850304,22,N/A
11394,2025-01-16 16:11:29.191729,33,N/A
11395,2025-01-16 16:26:58.061435,24,N/A
11396,2025-01-16 16:27:00.396440,21,N/A
11397,2025-01-16 16:27:03.023269,37,N/A
11398,2025-01-16 16:27:04.780629,16,N/A
11399,2025-01-16 16:27:06.456850,8,N/A
11400,2025-01-16 16:27:09.797530,33,N/A
11401,2025-01-16 16:27:11.727468,9,N/A
11402,2025-01-16 16:27:13.761025,27,N/A
11403,2025-01-16 16:27:15.421080,13,N/A
11404,2025-01-16 16:27:17.617147,18,N/A
11405,2025-01-16 16:27:19.613489,15,N/A
11406,2025-01-16 16:27:21.427418,13,N/A
11407,2025-01-16 16:27:24.241693,25,N/A
11408,2025-01-16 16:27:26.749642,21,N/A
11409,2025-01-16 16:27:29.408014,24,N/A
11410,2025-01-16 16:27:31.534946,21,N/A
11411,2025-01-16 16:27:33.999258,23,N/A
11412,2025-01-16 16:27:36.047617,15,N/A
11413,2025-01-16 16:27:39.220376,31,N/A
11414,2025-01-16 16:43:07.352987,14,N/A
11415,2025-01-16 16:43:10.273398,33,N/A
11416,2025-01-16 16:43:12.064897,11,N/A
11417,2025-01-16 16:43:13.918695,12,N/A
11418,2025-01-16 16:43:16.299111,22,N/A
11419,2025-01-16 16:43:20.374959,41,N/A
11420,2025-01-16 16:43:22.516029,16,N/A
11421,2025-01-16 16:43:24.372479,15,N/A
11422,2025-01-16 16:43:26.602454,19,N/A
11423,2025-01-16 16:43:28.590255,13,N/A
11424,2025-01-16 16:43:31.215319,25,N/A
11425,2025-01-16 16:43:33.074640,13,N/A
11426,2025-01-16 16:43:35.090022,14,N/A
11427,2025-01-16 16:43:37.373129,17,N/A
11428,2025-01-16 16:43:40.143720,27,N/A
11429,2025-01-16 16:43:42.676332,23,N/A
11430,2025-01-16 16:43:45.005947,20,N/A
11431,2025-01-16 16:59:13.268299,20,N/A
11432,2025-01-16 16:59:16.309306,34,N/A
11433,2025-01-16 16:59:19.112834,29,N/A
11434,2025-01-16 16:59:22.500940,38,N/A
11435,2025-01-16 16:59:24.567298,16,N/A
11436,2025-01-16 16:59:28.458194,40,N/A
11437,2025-01-16 16:59:30.718292,18,N/A
11438,2025-01-16 16:59:32.980620,18,N/A
11439,2025-01-16 16:59:35.485678,26,N/A
11440,2025-01-16 16:59:39.021245,32,N/A
11441,2025-01-16 16:59:41.274329,20,N/A
11442,2025-01-16 16:59:43.207987,13,N/A
11443,2025-01-16 16:59:45.054770,13,N/A
11444,2025-01-16 16:59:47.391235,25,N/A
11445,2025-01-16 16:59:48.959578,8,N/A
11446,2025-01-16 16:59:51.044718,14,N/A
11447,2025-01-16 16:59:53.111403,15,N/A
11448,2025-01-16 16:59:54.631686,6,N/A
11449,2025-01-16 17:10:01.383601,21,N/A
11450,2025-01-16 17:10:03.980276,25,N/A
11451,2025-01-16 17:10:06.314784,18,N/A
11452,2025-01-16 17:10:09.595366,31,N/A
11453,2025-01-16 17:10:11.359454,9,N/A
11454,2025-01-16 17:10:13.800499,17,N/A
11455,2025-01-16 17:10:16.042844,20,N/A
11456,2025-01-16 17:10:19.157051,30,N/A
11457,2025-01-16 17:10:21.842166,21,N/A
11458,2025-01-16 17:10:24.656936,29,N/A
11459,2025-01-16 17:10:27.261219,26,N/A
11460,2025-01-16 17:10:29.469250,16,N/A
11461,2025-01-16 17:10:32.654268,29,N/A
11462,2025-01-16 17:10:35.276538,24,N/A
11463,2025-01-16 17:10:38.344587,29,N/A
11464,2025-01-16 17:10:40.741930,19,N/A
11465,2025-01-16 17:26:09.569412,26,N/A
11466,2025-01-16 17:26:12.830494,42,N/A
11467,2025-01-16 17:26:15.865873,31,N/A
11468,2025-01-16 17:26:17.561354,7,N/A
11469,2025-01-16 17:26:19.286342,10,N/A
11470,2025-01-16 17:26:21.611459,10,N/A
11471,2025-01-16 17:26:22.956328,14,N/A
11472,2025-01-16 17:26:24.903094,17,N/A
11473,2025-01-16 17:26:27.679473,32,N/A
11474,2025-01-16 17:26:30.469024,23,N/A
11475,2025-01-16 17:26:32.903312,21,N/A
11476,2025-01-16 17:26:35.145794,15,N/A
11477,2025-01-16 17:26:37.566231,19,N/A
11478,2025-01-16 17:26:40.358457,23,N/A
11479,2025-01-16 17:26:43.998983,31,N/A
11480,2025-01-16 17:26:46.292678,19,N/A
11481,2025-01-16 17:26:48.434867,13,N/A
11482,2025-01-16 17:26:50.302533,11,N/A
11483,2025-01-16 17:26:52.861614,23,N/A
11484,2025-01-16 17:26:56.237109,33,N/A
11485,2025-01-16 17:26:58.730827,24,N/A
11486,2025-01-16 17:27:01.308785,23,N/A
11487,2025-01-16 17:27:03.196812,12,N/A
11488,2025-01-16 17:27:04.934672,10,N/A
11489,2025-01-16 17:27:07.043485,15,N/A
11490,2025-01-16 17:27:08.926972,13,N/A
11491,2025-01-16 17:27:11.886583,33,N/A
11492,2025-01-16 17:27:14.678097,29,N/A
11493,2025-01-16 17:34:39.921168,18,N/A
11494,2025-01-16 17:34:41.775465,13,N/A
11495,2025-01-16 17:34:43.880935,16,N/A
11496,2025-01-16 17:34:46.306400,18,N/A
11497,2025-01-16 17:34:49.024677,24,N/A
11498,2025-01-16 17:34:51.667789,28,N/A
11499,2025-01-16 17:34:53.712673,15,N/A
11500,2025-01-16 17:34:55.292752,8,N/A
11501,2025-01-16 17:34:57.182926,9,N/A
11502,2025-01-16 17:34:59.771077,25,N/A
11503,2025-01-16 17:35:01.864402,17,N/A
11504,2025-01-16 17:35:04.708178,31,N/A
11505,2025-01-16 17:35:06.811691,18,N/A
11506,2025-01-16 17:35:10.567931,39,N/A
11507,2025-01-16 17:35:12.954532,24,N/A
11508,2025-01-16 17:35:14.989980,18,N/A
11509,2025-01-16 17:35:17.300624,18,N/A
11510,2025-01-16 17:35:19.826055,20,N/A
11511,2025-01-16 17:50:47.589619,14,N/A
11512,2025-01-16 17:50:49.872896,18,N/A
11513,2025-01-16 17:50:52.897275,26,N/A
11514,2025-01-16 17:50:55.155340,16,N/A
11515,2025-01-16 17:50:57.706533,21,N/A
11516,2025-01-16 17:51:00.554371,29,N/A
11517,2025-01-16 17:51:04.307659,37,N/A
11518,2025-01-16 17:51:08.035159,35,N/A
11519,2025-01-16 17:51:10.268054,20,N/A
11520,2025-01-16 17:51:12.356402,15,N/A
11521,2025-01-16 17:51:14.605457,19,N/A
11522,2025-01-16 17:51:17.639035,29,N/A
11523,2025-01-16 17:51:20.118598,17,N/A
11524,2025-01-16 17:51:22.292922,17,N/A
11525,2025-01-16 17:51:24.835466,21,N/A
11526,2025-01-16 17:51:27.200380,23,N/A
11527,2025-01-16 17:51:29.942237,25,N/A
11528,2025-01-16 17:54:46.681994,37,N/A
11529,2025-01-16 17:54:48.771008,21,N/A
11530,2025-01-16 18:10:17.363215,12,N/A
11531,2025-01-16 18:10:19.156362,15,N/A
11532,2025-01-16 18:10:31.589458,33,N/A
11533,2025-01-16 18:10:33.956961,25,N/A
11534,2025-01-16 18:10:36.040434,16,N/A
11535,2025-01-16 18:10:38.751022,29,N/A
11536,2025-01-16 18:10:40.639035,17,N/A
11537,2025-01-16 18:10:43.054368,18,N/A
11538,2025-01-16 18:10:45.745508,25,N/A
11539,2025-01-16 18:10:48.647289,25,N/A
11540,2025-01-16 18:10:51.678084,28,N/A
11541,2025-01-16 18:10:54.198496,21,N/A
11542,2025-01-16 18:10:55.650843,4,N/A
11543,2025-01-16 18:10:57.686108,14,N/A
11544,2025-01-16 18:26:26.546742,24,N/A
11545,2025-01-16 18:26:29.430631,31,N/A
11546,2025-01-16 18:26:31.263448,20,N/A
11547,2025-01-16 18:26:33.450232,16,N/A
11548,2025-01-16 18:26:36.490872,19,N/A
11549,2025-01-16 18:26:39.984883,28,N/A
11550,2025-01-16 18:26:41.715582,18,N/A
11551,2025-01-16 18:26:45.268562,36,N/A
11552,2025-01-16 18:26:48.570532,30,N/A
11553,2025-01-16 18:26:50.948030,18,N/A
11554,2025-01-16 18:26:53.445924,23,N/A
11555,2025-01-16 18:26:55.239657,12,N/A
11556,2025-01-16 18:26:56.676850,5,N/A
11557,2025-01-16 18:26:58.489551,9,N/A
11558,2025-01-16 18:27:00.992243,20,N/A
11559,2025-01-16 18:27:02.815714,11,N/A
11560,2025-01-16 18:27:05.121151,17,N/A
11561,2025-01-16 18:42:31.330490,23,N/A
11562,2025-01-16 18:42:33.479952,14,N/A
11563,2025-01-16 18:42:35.230545,8,N/A
11564,2025-01-16 18:42:37.800016,23,N/A
11565,2025-01-16 18:42:40.241131,20,N/A
11566,2025-01-16 18:42:42.838846,23,N/A
11567,2025-01-16 18:42:45.226890,26,N/A
11568,2025-01-16 18:42:47.532018,19,N/A
11569,2025-01-16 18:42:51.019888,38,N/A
11570,2025-01-16 18:42:52.941724,29,N/A
11571,2025-01-16 18:42:55.158865,29,N/A
11572,2025-01-16 18:42:57.396036,21,N/A
11573,2025-01-16 18:43:00.658154,33,N/A
11574,2025-01-16 18:43:02.576142,14,N/A
11575,2025-01-16 18:43:04.949629,21,N/A
11576,2025-01-16 18:43:08.246906,40,N/A
11577,2025-01-16 18:43:10.622198,17,N/A
11578,2025-01-16 18:58:38.949748,18,N/A
11579,2025-01-16 18:58:42.186193,33,N/A
11580,2025-01-16 18:58:43.896497,14,N/A
11581,2025-01-16 18:58:46.051516,17,N/A
11582,2025-01-16 18:58:48.988098,26,N/A
11583,2025-01-16 18:58:50.940067,13,N/A
11584,2025-01-16 18:58:53.278142,19,N/A
11585,2025-01-16 18:58:55.416400,17,N/A
11586,2025-01-16 18:58:58.166706,28,N/A
11587,2025-01-16 18:59:01.207858,30,N/A
11588,2025-01-16 18:59:03.892161,21,N/A
11589,2025-01-16 18:59:06.400164,19,N/A
11590,2025-01-16 18:59:09.499762,36,N/A
11591,2025-01-16 18:59:11.686560,17,N/A
11592,2025-01-16 18:59:14.094954,18,N/A
11593,2025-01-16 18:59:16.607704,21,N/A
11594,2025-01-16 18:59:19.135814,17,N/A
11595,2025-01-16 19:11:18.023618,26,N/A
11596,2025-01-16 19:11:20.783356,21,N/A
11597,2025-01-16 19:11:22.511861,9,N/A
11598,2025-01-16 19:11:25.778112,28,N/A
11599,2025-01-16 19:11:28.866907,29,N/A
11600,2025-01-16 19:11:31.210813,27,N/A
11601,2025-01-16 19:11:33.462646,14,N/A
11602,2025-01-16 19:11:35.396585,12,N/A
11603,2025-01-16 19:11:37.819113,23,N/A
11604,2025-01-16 19:11:39.868300,18,N/A
11605,2025-01-16 19:11:41.798807,12,N/A
11606,2025-01-16 19:11:44.076214,17,N/A
11607,2025-01-16 19:11:46.928563,28,N/A
11608,2025-01-16 19:11:49.418623,20,N/A
11609,2025-01-16 19:11:51.498010,14,N/A
11610,2025-01-16 19:11:53.738582,21,N/A
11611,2025-01-16 19:11:56.376998,26,N/A
11612,2025-01-16 19:11:58.657316,17,N/A
11613,2025-01-16 19:27:27.323932,22,N/A
11614,2025-01-16 19:27:30.567350,30,N/A
11615,2025-01-16 19:27:33.166755,33,N/A
11616,2025-01-16 19:27:36.141508,31,N/A
11617,2025-01-16 19:27:39.991035,36,N/A
11618,2025-01-16 19:27:42.693752,26,N/A
11619,2025-01-16 19:27:44.597440,15,N/A
11620,2025-01-16 19:27:47.529120,30,N/A
11621,2025-01-16 19:27:49.525909,14,N/A
11622,2025-01-16 19:27:51.529920,14,N/A
11623,2025-01-16 19:27:53.986460,20,N/A
11624,2025-01-16 19:27:56.263629,17,N/A
11625,2025-01-16 19:27:59.003649,25,N/A
11626,2025-01-16 19:28:01.233633,20,N/A
11627,2025-01-16 19:28:05.007241,35,N/A
11628,2025-01-16 19:28:07.501848,23,N/A
11629,2025-01-16 19:43:35.790399,23,N/A
11630,2025-01-16 19:43:37.595394,18,N/A
11631,2025-01-16 19:43:40.118030,22,N/A
11632,2025-01-16 19:43:42.167197,19,N/A
11633,2025-01-16 19:43:45.107469,31,N/A
11634,2025-01-16 19:43:48.100404,26,N/A
11635,2025-01-16 19:43:51.180469,31,N/A
11636,2025-01-16 19:43:54.237790,30,N/A
11637,2025-01-16 19:43:57.490025,36,N/A
11638,2025-01-16 19:44:01.396734,38,N/A
11639,2025-01-16 19:44:03.832887,23,N/A
11640,2025-01-16 19:44:06.569328,25,N/A
11641,2025-01-16 19:44:08.798117,18,N/A
11642,2025-01-16 19:44:11.136161,15,N/A
11643,2025-01-16 19:44:14.147952,31,N/A
11644,2025-01-16 19:59:42.874794,27,N/A
11645,2025-01-16 19:59:46.206430,32,N/A
11646,2025-01-16 19:59:48.566849,24,N/A
11647,2025-01-16 19:59:51.609549,24,N/A
11648,2025-01-16 19:59:53.926556,16,N/A
11649,2025-01-16 19:59:56.251498,17,N/A
11650,2025-01-16 19:59:58.091187,11,N/A
11651,2025-01-16 20:00:00.096356,13,N/A
11652,2025-01-16 20:00:02.027324,11,N/A
11653,2025-01-16 20:00:04.392750,25,N/A
11654,2025-01-16 20:00:06.201182,17,N/A
11655,2025-01-16 20:00:08.665677,23,N/A
11656,2025-01-16 20:00:11.634206,37,N/A
11657,2025-01-16 20:00:14.689942,33,N/A
11658,2025-01-16 20:00:17.773405,27,N/A
11659,2025-01-16 20:00:19.662380,13,N/A
11660,2025-01-16 20:00:22.391252,28,N/A
11661,2025-01-16 20:12:17.629993,28,N/A
11662,2025-01-16 20:12:19.314817,9,N/A
11663,2025-01-16 20:12:22.030121,23,N/A
11664,2025-01-16 20:12:25.082179,34,N/A
11665,2025-01-16 20:12:28.199334,32,N/A
11666,2025-01-16 20:12:30.939477,26,N/A
11667,2025-01-16 20:12:34.626064,36,N/A
11668,2025-01-16 20:12:37.754512,30,N/A
11669,2025-01-16 20:12:39.781682,15,N/A
11670,2025-01-16 20:28:07.921403,26,N/A
11671,2025-01-16 20:28:10.349455,25,N/A
11672,2025-01-16 20:28:13.364971,40,N/A
11673,2025-01-16 20:28:17.471458,39,N/A
11674,2025-01-16 20:28:19.790411,15,N/A
11675,2025-01-16 20:28:21.540571,22,N/A
11676,2025-01-16 20:28:23.629771,21,N/A
11677,2025-01-16 20:45:55.055730,39,N/A
11678,2025-01-16 20:45:57.350142,19,N/A
11679,2025-01-16 20:46:00.181890,28,N/A
11680,2025-01-16 20:46:03.128627,24,N/A
11681,2025-01-16 20:46:05.567913,26,N/A
11682,2025-01-16 20:46:07.566242,17,N/A
11683,2025-01-16 20:46:09.712461,13,N/A
11684,2025-01-16 20:46:12.059721,19,N/A
11685,2025-01-16 20:46:14.303274,16,N/A
11686,2025-01-16 21:01:42.514945,27,N/A
11687,2025-01-16 21:01:45.755769,32,N/A
11688,2025-01-16 21:01:48.411650,24,N/A
11689,2025-01-16 21:01:51.267330,29,N/A
11690,2025-01-16 21:01:53.343029,15,N/A
11691,2025-01-16 21:01:55.378041,16,N/A
11692,2025-01-16 21:01:57.263681,13,N/A
11693,2025-01-16 21:01:59.898004,22,N/A
11694,2025-01-16 21:02:02.060043,17,N/A
11695,2025-01-16 21:02:05.072182,29,N/A
11696,2025-01-16 21:02:07.373098,16,N/A
11697,2025-01-16 21:02:10.082788,22,N/A
11698,2025-01-16 21:02:12.198432,18,N/A
11699,2025-01-16 21:02:13.839477,7,N/A
11700,2025-01-16 21:02:16.812768,31,N/A
11701,2025-01-16 21:02:18.467792,7,N/A
11702,2025-01-16 21:02:21.740294,28,N/A
11703,2025-01-16 21:13:17.244758,30,N/A
11704,2025-01-16 21:13:19.011453,9,N/A
11705,2025-01-16 21:13:21.008536,14,N/A
11706,2025-01-16 21:13:22.745574,8,N/A
11707,2025-01-16 21:13:24.685913,13,N/A
11708,2025-01-16 21:13:27.508857,29,N/A
11709,2025-01-16 21:13:30.341025,28,N/A
11710,2025-01-16 21:13:32.390019,12,N/A
11711,2025-01-16 21:13:34.140762,11,N/A
11712,2025-01-16 21:13:36.890453,25,N/A
11713,2025-01-16 21:13:39.573159,25,N/A
11714,2025-01-16 21:13:41.068548,5,N/A
11715,2025-01-16 21:13:43.937714,26,N/A
11716,2025-01-16 21:13:46.102816,15,N/A
11717,2025-01-16 21:13:48.211437,19,N/A
11718,2025-01-16 21:13:51.346014,30,N/A
11719,2025-01-16 21:13:54.163514,26,N/A
11720,2025-01-16 21:13:56.701470,24,N/A
11721,2025-01-16 21:13:58.882857,15,N/A
11722,2025-01-16 21:29:27.924230,29,N/A
11723,2025-01-16 21:29:30.414040,27,N/A
11724,2025-01-16 21:29:33.191679,26,N/A
11725,2025-01-16 21:29:35.779131,24,N/A
11726,2025-01-16 21:29:38.327719,25,N/A
11727,2025-01-16 21:29:41.577175,30,N/A
11728,2025-01-16 21:29:46.537494,46,N/A
11729,2025-01-16 21:29:49.183021,23,N/A
11730,2025-01-16 21:29:51.680978,26,N/A
11731,2025-01-16 21:29:55.571634,37,N/A
11732,2025-01-16 21:29:58.433072,25,N/A
11733,2025-01-16 21:30:00.358303,13,N/A
11734,2025-01-16 21:30:02.687500,19,N/A
11735,2025-01-16 21:30:05.941142,36,N/A
11736,2025-01-16 21:45:34.435851,27,N/A
11737,2025-01-16 21:45:37.038415,24,N/A
11738,2025-01-16 21:45:38.006669,8,N/A
11739,2025-01-16 21:45:40.887904,36,N/A
11740,2025-01-16 21:45:43.038205,15,N/A
11741,2025-01-16 21:45:47.033330,35,N/A
11742,2025-01-16 21:45:48.611912,17,N/A
11743,2025-01-16 21:45:50.601874,14,N/A
11744,2025-01-16 21:45:53.805531,34,N/A
11745,2025-01-16 21:45:55.951886,17,N/A
11746,2025-01-16 21:45:58.626553,21,N/A
11747,2025-01-16 21:46:01.346253,23,N/A
11748,2025-01-16 21:46:04.814579,31,N/A
11749,2025-01-16 21:46:09.349839,47,N/A
11750,2025-01-16 21:46:12.286504,30,N/A
11751,2025-01-16 21:46:14.392068,15,N/A
11752,2025-01-16 22:01:43.321239,34,N/A
11753,2025-01-16 22:01:43.813905,32,N/A
11754,2025-01-16 22:01:44.301968,23,N/A
11755,2025-01-16 22:01:47.379944,27,N/A
11756,2025-01-16 22:01:51.248936,39,N/A
11757,2025-01-16 22:01:54.590389,30,N/A
11758,2025-01-16 22:01:57.007675,14,N/A
11759,2025-01-16 22:02:00.500720,33,N/A
11760,2025-01-16 22:02:04.993783,46,N/A
11761,2025-01-16 22:02:06.879724,13,N/A
11762,2025-01-16 22:02:08.827032,12,N/A
11763,2025-01-16 22:02:11.148156,18,N/A
11764,2025-01-16 22:02:13.438342,17,N/A
11765,2025-01-16 22:02:16.743514,30,N/A
11766,2025-01-16 22:02:19.007315,15,N/A
11767,2025-01-16 22:02:21.225135,14,N/A
11768,2025-01-16 22:02:23.822109,21,N/A
11769,2025-01-16 22:14:18.364061,23,N/A
11770,2025-01-16 22:14:21.754595,33,N/A
11771,2025-01-16 22:14:23.929697,13,N/A
11772,2025-01-16 22:14:26.781679,24,N/A
11773,2025-01-16 22:14:29.505146,27,N/A
11774,2025-01-16 22:14:32.380170,31,N/A
11775,2025-01-16 22:14:35.563849,32,N/A
11776,2025-01-16 22:14:39.416419,36,N/A
11777,2025-01-16 22:14:42.067925,28,N/A
11778,2025-01-16 22:14:43.748834,32,N/A
11779,2025-01-16 22:14:46.392474,27,N/A
11780,2025-01-16 22:14:49.523477,31,N/A
11781,2025-01-16 22:14:51.604352,15,N/A
11782,2025-01-16 22:14:54.062832,22,N/A
11783,2025-01-16 22:14:57.858819,32,N/A
11784,2025-01-16 22:30:26.019143,30,N/A
11785,2025-01-16 22:30:29.302866,36,N/A
11786,2025-01-16 22:30:31.969449,27,N/A
11787,2025-01-16 22:30:34.009072,18,N/A
11788,2025-01-16 22:30:37.185736,21,N/A
11789,2025-01-16 22:30:39.551987,20,N/A
11790,2025-01-16 22:30:41.615194,15,N/A
11791,2025-01-16 22:30:43.488479,13,N/A
11792,2025-01-16 22:30:46.514048,25,N/A
11793,2025-01-16 22:30:49.260854,24,N/A
11794,2025-01-16 22:30:51.985003,26,N/A
11795,2025-01-16 22:30:54.185773,16,N/A
11796,2025-01-16 22:30:56.427518,21,N/A
11797,2025-01-16 22:30:59.456168,29,N/A
11798,2025-01-16 22:31:01.337757,9,N/A
11799,2025-01-16 22:31:04.605024,29,N/A
11800,2025-01-16 22:46:16.614666,25,N/A
11801,2025-01-16 22:46:19.562964,26,N/A
11802,2025-01-16 22:46:22.244120,24,N/A
11803,2025-01-16 22:46:25.637619,36,N/A
11804,2025-01-16 22:46:28.450841,27,N/A
11805,2025-01-16 22:46:30.850425,21,N/A
11806,2025-01-16 22:46:33.402991,20,N/A
11807,2025-01-16 22:46:35.801348,22,N/A
11808,2025-01-16 22:46:39.705781,36,N/A
11809,2025-01-16 22:46:41.574242,14,N/A
11810,2025-01-16 22:46:44.967988,29,N/A
11811,2025-01-16 22:46:47.264451,16,N/A
11812,2025-01-16 22:46:49.801783,22,N/A
11813,2025-01-16 22:46:53.043129,31,N/A
11814,2025-01-16 22:46:55.450951,20,N/A
11815,2025-01-16 23:02:23.454991,29,N/A
11816,2025-01-16 23:02:27.107167,35,N/A
11817,2025-01-16 23:02:30.145376,29,N/A
11818,2025-01-16 23:02:31.937494,11,N/A
11819,2025-01-16 23:02:33.644806,10,N/A
11820,2025-01-16 23:02:36.087048,21,N/A
11821,2025-01-16 23:02:38.792552,21,N/A
11822,2025-01-16 23:02:40.484425,10,N/A
11823,2025-01-16 23:02:43.363948,28,N/A
11824,2025-01-16 23:02:44.925223,8,N/A
11825,2025-01-16 23:02:46.564983,6,N/A
11826,2025-01-16 23:02:49.227612,26,N/A
11827,2025-01-16 23:02:52.559479,31,N/A
11828,2025-01-16 23:02:56.093233,29,N/A
11829,2025-01-16 23:02:59.433932,30,N/A
11830,2025-01-16 23:03:01.439060,14,N/A
11831,2025-01-16 23:03:03.492892,13,N/A
11832,2025-01-16 23:15:18.027282,14,N/A
11833,2025-01-16 23:15:20.468104,20,N/A
11834,2025-01-16 23:15:21.781448,11,N/A
11835,2025-01-16 23:15:24.100817,21,N/A
11836,2025-01-16 23:15:25.986565,11,N/A
11837,2025-01-16 23:15:29.847246,31,N/A
11838,2025-01-16 23:15:31.808477,14,N/A
11839,2025-01-16 23:15:33.745416,18,N/A
11840,2025-01-16 23:15:35.760951,13,N/A
11841,2025-01-16 23:15:38.319067,24,N/A
11842,2025-01-16 23:15:41.237579,31,N/A
11843,2025-01-16 23:15:43.502287,19,N/A
11844,2025-01-16 23:15:46.338897,30,N/A
11845,2025-01-16 23:15:48.880119,21,N/A
11846,2025-01-16 23:15:51.310500,14,N/A
11847,2025-01-16 23:15:54.314988,35,N/A
11848,2025-01-16 23:15:56.278265,13,N/A
11849,2025-01-16 23:15:59.384026,32,N/A
11850,2025-01-16 23:31:27.820400,22,N/A
11851,2025-01-16 23:31:31.210151,28,N/A
11852,2025-01-16 23:31:33.251503,16,N/A
11853,2025-01-16 23:31:35.098290,18,N/A
11854,2025-01-16 23:31:37.964473,30,N/A
11855,2025-01-16 23:31:41.267053,37,N/A
11856,2025-01-16 23:31:44.297539,27,N/A
11857,2025-01-16 23:31:47.256812,25,N/A
11858,2025-01-16 23:31:50.380114,32,N/A
11859,2025-01-16 23:31:52.200630,11,N/A
11860,2025-01-16 23:31:55.687196,33,N/A
11861,2025-01-16 23:31:58.701014,27,N/A
11862,2025-01-16 23:32:01.815876,33,N/A
11863,2025-01-16 23:32:05.110499,29,N/A
11864,2025-01-16 23:32:08.074862,26,N/A
11865,2025-01-16 23:47:37.444657,30,N/A
11866,2025-01-16 23:47:40.007858,21,N/A
11867,2025-01-16 23:47:43.104348,30,N/A
11868,2025-01-16 23:47:46.067872,32,N/A
11869,2025-01-16 23:47:48.483274,20,N/A
11870,2025-01-16 23:47:50.671455,15,N/A
11871,2025-01-16 23:47:52.436878,8,N/A
11872,2025-01-16 23:47:55.320465,27,N/A
11873,2025-01-16 23:47:58.198872,23,N/A
11874,2025-01-16 23:48:00.403151,17,N/A
11875,2025-01-16 23:48:02.455957,15,N/A
11876,2025-01-16 23:48:06.078950,33,N/A
11877,2025-01-16 23:48:08.974660,25,N/A
11878,2025-01-16 23:48:11.596087,22,N/A
11879,2025-01-16 23:48:14.106134,20,N/A
11880,2025-01-16 23:48:17.062567,26,N/A
11881,2025-01-17 00:03:44.498517,15,N/A
11882,2025-01-17 00:03:44.995612,32,N/A
11883,2025-01-17 00:03:45.331314,13,N/A
11884,2025-01-17 00:03:45.788655,21,N/A
11885,2025-01-17 00:03:49.321294,34,N/A
11886,2025-01-17 00:03:52.556974,32,N/A
11887,2025-01-17 00:03:55.813721,30,N/A
11888,2025-01-17 00:03:58.080627,19,N/A
11889,2025-01-17 00:04:00.332692,17,N/A
11890,2025-01-17 00:04:02.390594,14,N/A
11891,2025-01-17 00:04:04.753274,17,N/A
11892,2025-01-17 00:04:07.134214,24,N/A
11893,2025-01-17 00:04:09.434504,17,N/A
11894,2025-01-17 00:04:10.924186,5,N/A
11895,2025-01-17 00:04:13.585008,22,N/A
11896,2025-01-17 00:04:15.641971,15,N/A
11897,2025-01-17 00:04:18.945209,29,N/A
11898,2025-01-17 00:04:21.215151,21,N/A
11899,2025-01-17 00:04:23.176360,12,N/A
11900,2025-01-17 00:04:25.458083,17,N/A
11901,2025-01-17 00:16:18.454600,17,N/A
11902,2025-01-17 00:16:20.876547,25,N/A
11903,2025-01-17 00:16:22.363904,15,N/A
11904,2025-01-17 00:16:24.119680,14,N/A
11905,2025-01-17 00:16:26.645160,21,N/A
11906,2025-01-17 00:16:27.958161,7,N/A
11907,2025-01-17 00:16:31.372929,33,N/A
11908,2025-01-17 00:16:33.340591,17,N/A
11909,2025-01-17 00:16:35.611066,21,N/A
11910,2025-01-17 00:16:37.774964,16,N/A
11911,2025-01-17 00:16:39.757741,15,N/A
11912,2025-01-17 00:16:42.225371,20,N/A
11913,2025-01-17 00:16:43.803677,9,N/A
11914,2025-01-17 00:16:47.184884,33,N/A
11915,2025-01-17 00:16:50.421460,33,N/A
11916,2025-01-17 00:16:52.727088,20,N/A
11917,2025-01-17 00:16:55.400800,21,N/A
11918,2025-01-17 00:16:57.919877,22,N/A
11919,2025-01-17 00:32:26.989272,26,N/A
11920,2025-01-17 00:32:29.321681,17,N/A
11921,2025-01-17 00:32:30.697294,5,N/A
11922,2025-01-17 00:32:32.118044,8,N/A
11923,2025-01-17 00:32:34.472173,20,N/A
11924,2025-01-17 00:32:36.412595,13,N/A
11925,2025-01-17 00:32:38.624364,20,N/A
11926,2025-01-17 00:32:41.909908,33,N/A
11927,2025-01-17 00:32:43.595238,8,N/A
11928,2025-01-17 00:32:46.175939,22,N/A
11929,2025-01-17 00:32:48.347813,16,N/A
11930,2025-01-17 00:32:51.327336,28,N/A
11931,2025-01-17 00:32:55.585388,38,N/A
11932,2025-01-17 00:32:58.124761,24,N/A
11933,2025-01-17 00:33:00.816408,25,N/A
11934,2025-01-17 00:33:03.106559,18,N/A
11935,2025-01-17 00:33:05.037271,17,N/A
11936,2025-01-17 00:33:08.025363,28,N/A
11937,2025-01-17 00:48:36.938118,26,N/A
11938,2025-01-17 00:48:39.791093,24,N/A
11939,2025-01-17 00:48:41.506466,11,N/A
11940,2025-01-17 00:48:43.788667,18,N/A
11941,2025-01-17 00:48:46.814250,30,N/A
11942,2025-01-17 00:48:49.396298,29,N/A
11943,2025-01-17 00:48:52.440566,27,N/A
11944,2025-01-17 00:48:55.322702,34,N/A
11945,2025-01-17 00:48:57.566564,16,N/A
11946,2025-01-17 00:49:01.495452,37,N/A
11947,2025-01-17 00:49:04.333176,24,N/A
11948,2025-01-17 00:49:06.540187,17,N/A
11949,2025-01-17 00:49:08.760974,20,N/A
11950,2025-01-17 00:49:11.167402,20,N/A
11951,2025-01-17 00:49:14.120115,25,N/A
11952,2025-01-17 00:49:16.354360,15,N/A
11953,2025-01-17 01:04:43.819782,30,N/A
11954,2025-01-17 01:04:44.400969,27,N/A
11955,2025-01-17 01:04:45.360153,7,N/A
11956,2025-01-17 01:04:47.514294,16,N/A
11957,2025-01-17 01:04:49.814069,24,N/A
11958,2025-01-17 01:04:51.725855,13,N/A
11959,2025-01-17 01:04:54.212211,20,N/A
11960,2025-01-17 01:04:56.208541,14,N/A
11961,2025-01-17 01:04:58.019539,9,N/A
11962,2025-01-17 01:04:59.824732,12,N/A
11963,2025-01-17 01:05:02.050314,18,N/A
11964,2025-01-17 01:05:04.714668,23,N/A
11965,2025-01-17 01:05:06.561911,9,N/A
11966,2025-01-17 01:05:09.000238,19,N/A
11967,2025-01-17 01:05:11.910117,32,N/A
11968,2025-01-17 01:05:14.548901,18,N/A
11969,2025-01-17 01:05:16.175127,7,N/A
11970,2025-01-17 01:05:18.158655,12,N/A
11971,2025-01-17 01:05:21.368836,28,N/A
11972,2025-01-17 01:05:23.371781,12,N/A
11973,2025-01-17 01:17:18.666734,31,N/A
11974,2025-01-17 01:17:21.787418,35,N/A
11975,2025-01-17 01:17:23.761302,12,N/A
11976,2025-01-17 01:17:26.486149,26,N/A
11977,2025-01-17 01:17:29.891030,38,N/A
11978,2025-01-17 01:17:32.680919,24,N/A
11979,2025-01-17 01:17:36.019487,33,N/A
11980,2025-01-17 01:17:39.196512,29,N/A
11981,2025-01-17 01:17:42.597605,32,N/A
11982,2025-01-17 01:17:45.670781,29,N/A
11983,2025-01-17 01:17:48.783437,32,N/A
11984,2025-01-17 01:17:51.896308,31,N/A
11985,2025-01-17 01:17:54.604869,21,N/A
11986,2025-01-17 01:17:56.925377,15,N/A
11987,2025-01-17 01:17:58.424432,5,N/A
11988,2025-01-17 01:33:25.908689,7,N/A
11989,2025-01-17 01:33:27.621823,10,N/A
11990,2025-01-17 01:33:30.808547,29,N/A
11991,2025-01-17 01:33:33.951883,30,N/A
11992,2025-01-17 01:33:36.161615,17,N/A
11993,2025-01-17 01:33:39.090817,24,N/A
11994,2025-01-17 01:33:41.758814,22,N/A
11995,2025-01-17 01:33:44.288053,18,N/A
11996,2025-01-17 01:33:46.636591,18,N/A
11997,2025-01-17 01:33:48.901305,15,N/A
11998,2025-01-17 01:33:51.220916,19,N/A
11999,2025-01-17 01:33:53.564443,19,N/A
12000,2025-01-17 01:33:55.844669,18,N/A
12001,2025-01-17 01:33:57.619469,9,N/A
12002,2025-01-17 01:33:59.610016,14,N/A
12003,2025-01-17 01:34:01.982575,17,N/A
12004,2025-01-17 01:34:03.580771,6,N/A
12005,2025-01-17 01:34:06.031851,19,N/A
12006,2025-01-17 01:47:39.525357,17,N/A
12007,2025-01-17 01:47:42.638743,33,N/A
12008,2025-01-17 01:47:44.933513,16,N/A
12009,2025-01-17 01:47:47.656243,22,N/A
12010,2025-01-17 01:47:49.548020,15,N/A
12011,2025-01-17 01:47:51.384501,10,N/A
12012,2025-01-17 01:47:53.824436,19,N/A
12013,2025-01-17 01:47:57.076927,31,N/A
12014,2025-01-17 01:48:00.376096,33,N/A
12015,2025-01-17 01:48:03.177252,23,N/A
12016,2025-01-17 01:48:06.182720,27,N/A
12017,2025-01-17 01:48:09.039016,24,N/A
12018,2025-01-17 01:48:11.469010,21,N/A
12019,2025-01-17 01:48:14.164144,21,N/A
12020,2025-01-17 01:48:17.308681,30,N/A
12021,2025-01-17 02:03:46.838676,34,N/A
12022,2025-01-17 02:03:49.662042,22,N/A
12023,2025-01-17 02:03:52.755154,35,N/A
12024,2025-01-17 02:03:57.015650,41,N/A
12025,2025-01-17 02:03:59.503543,20,N/A
12026,2025-01-17 02:04:02.643822,27,N/A
12027,2025-01-17 02:04:04.948685,18,N/A
12028,2025-01-17 02:04:06.788984,11,N/A
12029,2025-01-17 02:04:09.978010,29,N/A
12030,2025-01-17 02:04:12.371347,16,N/A
12031,2025-01-17 02:04:15.192420,27,N/A
12032,2025-01-17 02:04:17.850715,22,N/A
12033,2025-01-17 02:04:21.423657,39,N/A
12034,2025-01-17 02:04:24.802908,31,N/A
12035,2025-01-17 02:19:47.118994,28,N/A
12036,2025-01-17 02:19:48.680193,19,N/A
12037,2025-01-17 02:19:51.144514,21,N/A
12038,2025-01-17 02:19:53.211023,27,N/A
12039,2025-01-17 02:19:55.666475,24,N/A
12040,2025-01-17 02:19:58.760944,23,N/A
12041,2025-01-17 02:20:01.602849,17,N/A
12042,2025-01-17 02:20:03.058783,17,N/A
12043,2025-01-17 02:20:06.257347,28,N/A
12044,2025-01-17 02:20:09.508514,30,N/A
12045,2025-01-17 02:35:37.902678,35,N/A
12046,2025-01-17 02:35:41.030907,31,N/A
12047,2025-01-17 02:35:43.873593,24,N/A
12048,2025-01-17 02:35:46.580911,24,N/A
12049,2025-01-17 02:35:48.919152,18,N/A
12050,2025-01-17 02:35:50.990440,16,N/A
12051,2025-01-17 02:35:53.153103,13,N/A
12052,2025-01-17 02:35:55.437514,16,N/A
12053,2025-01-17 02:35:57.794001,14,N/A
12054,2025-01-17 02:36:00.177765,17,N/A
12055,2025-01-17 02:36:01.770328,6,N/A
12056,2025-01-17 02:36:03.797267,13,N/A
12057,2025-01-17 02:36:06.696836,26,N/A
12058,2025-01-17 02:36:08.956740,16,N/A
12059,2025-01-17 02:36:11.055952,13,N/A
12060,2025-01-17 02:36:13.728118,22,N/A
12061,2025-01-17 02:36:15.604106,9,N/A
12062,2025-01-17 02:36:17.665425,11,N/A
12063,2025-01-17 02:51:44.276447,16,N/A
12064,2025-01-17 02:51:46.550367,16,N/A
12065,2025-01-17 02:51:48.629306,15,N/A
12066,2025-01-17 02:51:51.088036,21,N/A
12067,2025-01-17 02:51:54.125105,28,N/A
12068,2025-01-17 02:51:56.994721,27,N/A
12069,2025-01-17 02:51:59.105798,13,N/A
12070,2025-01-17 02:52:02.219995,29,N/A
12071,2025-01-17 02:52:04.692636,25,N/A
12072,2025-01-17 02:52:08.121638,33,N/A
12073,2025-01-17 02:52:11.612906,29,N/A
12074,2025-01-17 02:52:16.173165,42,N/A
12075,2025-01-17 02:52:19.176772,28,N/A
12076,2025-01-17 02:52:21.518149,19,N/A
12077,2025-01-17 02:52:24.261395,20,N/A
12078,2025-01-17 03:07:52.246969,14,N/A
12079,2025-01-17 03:07:55.185527,26,N/A
12080,2025-01-17 03:07:58.180336,29,N/A
12081,2025-01-17 03:08:00.455826,26,N/A
12082,2025-01-17 03:08:03.487259,29,N/A
12083,2025-01-17 03:08:06.734166,31,N/A
12084,2025-01-17 03:08:09.928482,29,N/A
12085,2025-01-17 03:08:11.962658,13,N/A
12086,2025-01-17 03:08:13.938156,13,N/A
12087,2025-01-17 03:08:15.472831,5,N/A
12088,2025-01-17 03:08:17.569196,13,N/A
12089,2025-01-17 03:08:20.308572,22,N/A
12090,2025-01-17 03:08:22.954580,18,N/A
12091,2025-01-17 03:08:25.376986,22,N/A
12092,2025-01-17 03:08:27.936230,24,N/A
12093,2025-01-17 03:08:29.750880,10,N/A
12094,2025-01-17 03:08:31.858578,11,N/A
12095,2025-01-17 03:24:00.985594,26,N/A
12096,2025-01-17 03:24:03.254537,18,N/A
12097,2025-01-17 03:24:06.774473,34,N/A
12098,2025-01-17 03:24:11.341751,37,N/A
12099,2025-01-17 03:24:13.722943,23,N/A
12100,2025-01-17 03:24:15.428003,11,N/A
12101,2025-01-17 03:24:18.771673,31,N/A
12102,2025-01-17 03:24:21.102641,17,N/A
12103,2025-01-17 03:24:23.338870,20,N/A
12104,2025-01-17 03:24:24.006264,11,N/A
12105,2025-01-17 03:24:26.137308,20,N/A
12106,2025-01-17 03:24:29.712530,32,N/A
12107,2025-01-17 03:24:33.868704,37,N/A
12108,2025-01-17 03:24:36.860373,31,N/A
12109,2025-01-17 03:24:40.026874,26,N/A
12110,2025-01-17 03:40:08.279574,16,N/A
12111,2025-01-17 03:40:11.363944,29,N/A
12112,2025-01-17 03:40:14.100436,22,N/A
12113,2025-01-17 03:40:17.111503,28,N/A
12114,2025-01-17 03:40:19.463753,19,N/A
12115,2025-01-17 03:40:21.620421,13,N/A
12116,2025-01-17 03:40:23.215756,5,N/A
12117,2025-01-17 03:40:25.277639,12,N/A
12118,2025-01-17 03:40:28.010435,25,N/A
12119,2025-01-17 03:40:30.872659,26,N/A
12120,2025-01-17 03:40:34.028463,31,N/A
12121,2025-01-17 03:40:36.533555,18,N/A
12122,2025-01-17 03:40:38.897305,18,N/A
12123,2025-01-17 03:40:42.406749,31,N/A
12124,2025-01-17 03:40:45.969099,36,N/A
12125,2025-01-17 03:56:14.632456,25,N/A
12126,2025-01-17 03:56:18.250188,29,N/A
12127,2025-01-17 03:56:21.028011,29,N/A
12128,2025-01-17 03:56:23.977984,28,N/A
12129,2025-01-17 03:56:26.786567,23,N/A
12130,2025-01-17 03:56:29.317448,19,N/A
12131,2025-01-17 03:56:31.432478,16,N/A
12132,2025-01-17 03:56:34.424183,25,N/A
12133,2025-01-17 03:56:36.342244,10,N/A
12134,2025-01-17 03:56:38.996077,27,N/A
12135,2025-01-17 03:56:42.091035,30,N/A
12136,2025-01-17 03:56:45.129176,30,N/A
12137,2025-01-17 03:56:47.551091,18,N/A
12138,2025-01-17 03:56:50.567186,29,N/A
12139,2025-01-17 03:56:53.046078,21,N/A
12140,2025-01-17 03:56:55.803123,27,N/A
12141,2025-01-17 04:12:24.642197,22,N/A
12142,2025-01-17 04:12:25.934690,12,N/A
12143,2025-01-17 04:12:28.147300,22,N/A
12144,2025-01-17 04:12:30.703917,20,N/A
12145,2025-01-17 04:12:34.045455,24,N/A
12146,2025-01-17 04:12:36.287069,13,N/A
12147,2025-01-17 04:12:37.553771,14,N/A
12148,2025-01-17 04:12:40.572208,31,N/A
12149,2025-01-17 04:12:43.193838,25,N/A
12150,2025-01-17 04:12:45.400752,17,N/A
12151,2025-01-17 04:12:47.654856,20,N/A
12152,2025-01-17 04:12:49.626841,13,N/A
12153,2025-01-17 04:12:51.962165,19,N/A
12154,2025-01-17 04:12:55.435353,33,N/A
12155,2025-01-17 04:12:58.614321,33,N/A
12156,2025-01-17 04:13:00.806781,18,N/A
12157,2025-01-17 04:13:03.064347,15,N/A
12158,2025-01-17 04:28:28.103643,11,N/A
12159,2025-01-17 04:28:30.103916,19,N/A
12160,2025-01-17 04:28:32.225052,17,N/A
12161,2025-01-17 04:28:34.708589,17,N/A
12162,2025-01-17 04:28:37.647055,27,N/A
12163,2025-01-17 04:28:41.032420,32,N/A
12164,2025-01-17 04:28:45.017267,39,N/A
12165,2025-01-17 04:28:48.180143,30,N/A
12166,2025-01-17 04:28:51.947284,41,N/A
12167,2025-01-17 04:28:54.747329,23,N/A
12168,2025-01-17 04:28:57.788261,30,N/A
12169,2025-01-17 04:29:00.060893,17,N/A
12170,2025-01-17 04:29:03.634221,32,N/A
12171,2025-01-17 04:29:06.854045,27,N/A
12172,2025-01-17 04:44:24.134655,33,N/A
12173,2025-01-17 04:44:26.395980,15,N/A
12174,2025-01-17 04:44:29.155538,23,N/A
12175,2025-01-17 04:44:31.178334,18,N/A
12176,2025-01-17 04:44:34.188848,27,N/A
12177,2025-01-17 04:44:36.330781,14,N/A
12178,2025-01-17 04:44:38.444579,13,N/A
12179,2025-01-17 04:44:40.401012,12,N/A
12180,2025-01-17 04:44:42.654600,15,N/A
12181,2025-01-17 04:44:45.561778,24,N/A
12182,2025-01-17 04:44:47.747209,15,N/A
12183,2025-01-17 04:44:50.225806,17,N/A
12184,2025-01-17 04:44:53.317810,23,N/A
12185,2025-01-17 04:44:55.532007,15,N/A
12186,2025-01-17 04:44:57.868284,17,N/A
12187,2025-01-17 04:45:00.722956,25,N/A
12188,2025-01-17 04:45:02.747356,14,N/A
12189,2025-01-17 04:45:05.024654,17,N/A
12190,2025-01-17 05:00:21.308332,20,N/A
12191,2025-01-17 05:00:24.302547,22,N/A
12192,2025-01-17 05:00:26.277590,16,N/A
12193,2025-01-17 05:00:28.606301,15,N/A
12194,2025-01-17 05:00:30.547366,14,N/A
12195,2025-01-17 05:00:32.886140,16,N/A
12196,2025-01-17 05:00:44.360377,21,N/A
12197,2025-01-17 05:00:47.132508,20,N/A
12198,2025-01-17 05:00:49.461243,16,N/A
12199,2025-01-17 05:00:51.724696,18,N/A
12200,2025-01-17 05:00:53.556507,11,N/A
12201,2025-01-17 05:00:57.014451,33,N/A
12202,2025-01-17 05:01:00.038537,35,N/A
12203,2025-01-17 05:16:27.856249,25,N/A
12204,2025-01-17 05:16:30.346741,21,N/A
12205,2025-01-17 05:16:32.329544,18,N/A
12206,2025-01-17 05:16:35.871568,30,N/A
12207,2025-01-17 05:16:38.260150,10,N/A
12208,2025-01-17 05:16:40.937969,33,N/A
12209,2025-01-17 05:16:44.182690,38,N/A
12210,2025-01-17 05:16:47.193783,29,N/A
12211,2025-01-17 05:16:49.875634,25,N/A
12212,2025-01-17 05:16:52.808451,29,N/A
12213,2025-01-17 05:16:55.781069,25,N/A
12214,2025-01-17 05:16:59.217920,38,N/A
12215,2025-01-17 05:17:02.771159,36,N/A
12216,2025-01-17 05:17:05.757918,29,N/A
12217,2025-01-17 05:32:34.484032,26,N/A
12218,2025-01-17 05:32:36.504581,18,N/A
12219,2025-01-17 05:32:39.677961,29,N/A
12220,2025-01-17 05:32:41.733691,13,N/A
12221,2025-01-17 05:32:44.633564,31,N/A
12222,2025-01-17 05:32:49.158751,44,N/A
12223,2025-01-17 05:32:52.556609,34,N/A
12224,2025-01-17 05:32:55.543069,29,N/A
12225,2025-01-17 05:32:59.286749,36,N/A
12226,2025-01-17 05:33:01.496800,14,N/A
12227,2025-01-17 05:33:04.833053,30,N/A
12228,2025-01-17 05:33:07.524391,23,N/A
12229,2025-01-17 05:33:10.496104,29,N/A
12230,2025-01-17 05:33:14.348762,40,N/A
12231,2025-01-17 05:33:16.403749,15,N/A
12232,2025-01-17 05:48:43.935724,8,N/A
12233,2025-01-17 05:48:46.032868,13,N/A
12234,2025-01-17 05:48:47.605725,7,N/A
12235,2025-01-17 05:48:49.787895,14,N/A
12236,2025-01-17 05:48:53.005251,33,N/A
12237,2025-01-17 05:48:56.317774,32,N/A
12238,2025-01-17 05:48:58.548027,20,N/A
12239,2025-01-17 05:49:00.813992,17,N/A
12240,2025-01-17 05:49:03.020759,14,N/A
12241,2025-01-17 05:49:05.448193,19,N/A
12242,2025-01-17 05:49:08.997859,34,N/A
12243,2025-01-17 05:49:10.923458,14,N/A
12244,2025-01-17 05:49:13.652596,27,N/A
12245,2025-01-17 05:49:16.846807,28,N/A
12246,2025-01-17 05:49:18.960716,13,N/A
12247,2025-01-17 05:49:21.824682,22,N/A
12248,2025-01-17 06:01:00.073903,29,N/A
12249,2025-01-17 06:01:02.447461,21,N/A
12250,2025-01-17 06:01:06.468437,49,N/A
12251,2025-01-17 06:01:08.901887,16,N/A
12252,2025-01-17 06:01:11.601790,17,N/A
12253,2025-01-17 06:01:13.371531,10,N/A
12254,2025-01-17 06:01:14.866009,13,N/A
12255,2025-01-17 06:01:16.687509,12,N/A
12256,2025-01-17 06:01:19.274569,25,N/A
12257,2025-01-17 06:01:20.701868,5,N/A
12258,2025-01-17 06:01:23.362493,24,N/A
12259,2025-01-17 06:01:25.183085,13,N/A
12260,2025-01-17 06:01:27.400048,18,N/A
12261,2025-01-17 06:01:30.313941,30,N/A
12262,2025-01-17 06:01:32.587059,15,N/A
12263,2025-01-17 06:01:36.829335,41,N/A
12264,2025-01-17 06:01:39.278698,16,N/A
12265,2025-01-17 06:17:08.400530,33,N/A
12266,2025-01-17 06:17:11.837436,27,N/A
12267,2025-01-17 06:17:15.513083,37,N/A
12268,2025-01-17 06:17:17.989470,27,N/A
12269,2025-01-17 06:17:20.477019,30,N/A
12270,2025-01-17 06:17:23.143279,23,N/A
12271,2025-01-17 06:17:26.272535,30,N/A
12272,2025-01-17 06:17:28.575134,18,N/A
12273,2025-01-17 06:17:30.941107,20,N/A
12274,2025-01-17 06:17:33.597756,17,N/A
12275,2025-01-17 06:17:35.798206,13,N/A
12276,2025-01-17 06:17:38.166122,18,N/A
12277,2025-01-17 06:17:40.821666,22,N/A
12278,2025-01-17 06:17:44.234509,32,N/A
12279,2025-01-17 06:17:47.298153,30,N/A
12280,2025-01-17 06:17:50.430061,32,N/A
12281,2025-01-17 06:33:12.243727,16,N/A
12282,2025-01-17 06:33:14.760753,29,N/A
12283,2025-01-17 06:33:16.753796,18,N/A
12284,2025-01-17 06:33:20.514046,36,N/A
12285,2025-01-17 06:33:23.393209,15,N/A
12286,2025-01-17 06:33:25.097542,23,N/A
12287,2025-01-17 06:33:27.120325,14,N/A
12288,2025-01-17 06:33:29.894171,28,N/A
12289,2025-01-17 06:33:32.034297,15,N/A
12290,2025-01-17 06:33:34.362659,18,N/A
12291,2025-01-17 06:33:36.400090,13,N/A
12292,2025-01-17 06:33:38.581554,15,N/A
12293,2025-01-17 06:33:42.203404,34,N/A
12294,2025-01-17 06:33:44.215250,13,N/A
12295,2025-01-17 06:33:46.907297,22,N/A
12296,2025-01-17 06:33:49.802078,27,N/A
12297,2025-01-17 06:33:52.063038,15,N/A
12298,2025-01-17 06:49:20.013439,13,N/A
12299,2025-01-17 06:49:21.901402,13,N/A
12300,2025-01-17 06:49:24.358022,17,N/A
12301,2025-01-17 06:49:26.848334,19,N/A
12302,2025-01-17 06:49:29.004585,17,N/A
12303,2025-01-17 06:49:31.315355,20,N/A
12304,2025-01-17 06:49:33.983750,20,N/A
12305,2025-01-17 06:49:36.154444,16,N/A
12306,2025-01-17 06:49:39.314710,30,N/A
12307,2025-01-17 06:49:42.109966,24,N/A
12308,2025-01-17 06:49:45.018207,28,N/A
12309,2025-01-17 06:49:47.380796,19,N/A
12310,2025-01-17 06:49:49.646461,15,N/A
12311,2025-01-17 06:49:53.096143,31,N/A
12312,2025-01-17 06:49:56.320340,30,N/A
12313,2025-01-17 06:49:59.314275,29,N/A
12314,2025-01-17 07:05:28.831216,32,N/A
12315,2025-01-17 07:05:32.151379,33,N/A
12316,2025-01-17 07:05:35.603679,34,N/A
12317,2025-01-17 07:05:39.188306,35,N/A
12318,2025-01-17 07:05:41.589803,16,N/A
12319,2025-01-17 07:05:43.413977,7,N/A
12320,2025-01-17 07:05:45.850845,19,N/A
12321,2025-01-17 07:05:48.439597,21,N/A
12322,2025-01-17 07:05:51.150471,24,N/A
12323,2025-01-17 07:05:53.492710,16,N/A
12324,2025-01-17 07:05:55.748746,19,N/A
12325,2025-01-17 07:05:57.942413,12,N/A
12326,2025-01-17 07:05:59.430330,6,N/A
12327,2025-01-17 07:06:02.442924,26,N/A
12328,2025-01-17 07:06:04.470829,13,N/A
12329,2025-01-17 07:06:07.674890,29,N/A
12330,2025-01-17 07:06:10.036108,19,N/A
12331,2025-01-17 07:21:36.633731,31,N/A
12332,2025-01-17 07:21:38.495321,18,N/A
12333,2025-01-17 07:21:39.743944,3,N/A
12334,2025-01-17 07:21:42.243604,23,N/A
12335,2025-01-17 07:21:43.895658,10,N/A
12336,2025-01-17 07:21:47.317434,22,N/A
12337,2025-01-17 07:21:50.353871,37,N/A
12338,2025-01-17 07:21:53.304669,26,N/A
12339,2025-01-17 07:21:55.558634,19,N/A
12340,2025-01-17 07:21:58.631790,29,N/A
12341,2025-01-17 07:22:00.928347,17,N/A
12342,2025-01-17 07:22:03.711472,23,N/A
12343,2025-01-17 07:22:06.485561,21,N/A
12344,2025-01-17 07:22:08.920512,17,N/A
12345,2025-01-17 07:22:11.464671,13,N/A
12346,2025-01-17 07:22:14.090863,19,N/A
12347,2025-01-17 07:22:16.654780,17,N/A
12348,2025-01-17 07:37:45.374796,18,N/A
12349,2025-01-17 07:37:47.486931,11,N/A
12350,2025-01-17 07:37:49.454703,20,N/A
12351,2025-01-17 07:37:52.721622,29,N/A
12352,2025-01-17 07:37:55.130963,20,N/A
12353,2025-01-17 07:37:57.246984,13,N/A
12354,2025-01-17 07:38:00.137015,24,N/A
12355,2025-01-17 07:38:02.692913,21,N/A
12356,2025-01-17 07:38:06.235263,33,N/A
12357,2025-01-17 07:38:09.042660,24,N/A
12358,2025-01-17 07:38:12.444712,32,N/A
12359,2025-01-17 07:38:16.273220,33,N/A
12360,2025-01-17 07:38:18.909356,23,N/A
12361,2025-01-17 07:38:21.127150,14,N/A
12362,2025-01-17 07:38:24.214875,26,N/A
12363,2025-01-17 07:53:53.464256,33,N/A
12364,2025-01-17 07:53:55.482277,13,N/A
12365,2025-01-17 07:53:58.245824,22,N/A
12366,2025-01-17 07:54:00.392282,10,N/A
12367,2025-01-17 07:54:02.931560,23,N/A
12368,2025-01-17 07:54:05.233684,17,N/A
12369,2025-01-17 07:54:08.413126,33,N/A
12370,2025-01-17 07:54:10.622364,13,N/A
12371,2025-01-17 07:54:13.388417,23,N/A
12372,2025-01-17 07:54:15.492701,15,N/A
12373,2025-01-17 07:54:18.375361,23,N/A
12374,2025-01-17 07:54:21.218190,21,N/A
12375,2025-01-17 07:54:23.773305,22,N/A
12376,2025-01-17 07:54:27.013156,29,N/A
12377,2025-01-17 07:54:28.939595,14,N/A
12378,2025-01-17 07:54:32.448590,33,N/A
12379,2025-01-17 08:02:01.200782,29,N/A
12380,2025-01-17 08:02:04.079180,29,N/A
12381,2025-01-17 08:02:06.861285,25,N/A
12382,2025-01-17 08:02:08.450126,9,N/A
12383,2025-01-17 08:02:11.829869,29,N/A
12384,2025-01-17 08:02:14.831508,24,N/A
12385,2025-01-17 08:02:16.783221,10,N/A
12386,2025-01-17 08:02:19.612958,21,N/A
12387,2025-01-17 08:02:21.798590,14,N/A
12388,2025-01-17 08:02:24.627550,22,N/A
12389,2025-01-17 08:02:27.129904,17,N/A
12390,2025-01-17 08:02:29.702388,22,N/A
12391,2025-01-17 08:02:32.065657,18,N/A
12392,2025-01-17 08:02:34.346276,13,N/A
12393,2025-01-17 08:02:36.640324,14,N/A
12394,2025-01-17 08:02:39.551796,22,N/A
12395,2025-01-17 08:02:41.086693,5,N/A
12396,2025-01-17 08:17:52.374210,16,N/A
12397,2025-01-17 08:17:54.574219,21,N/A
12398,2025-01-17 08:17:56.717440,20,N/A
12399,2025-01-17 08:17:59.810323,33,N/A
12400,2025-01-17 08:18:02.201071,15,N/A
12401,2025-01-17 08:18:06.008549,29,N/A
12402,2025-01-17 08:18:07.591849,17,N/A
12403,2025-01-17 08:18:09.313949,15,N/A
12404,2025-01-17 08:18:11.555967,13,N/A
12405,2025-01-17 08:18:14.289987,19,N/A
12406,2025-01-17 08:18:17.791654,32,N/A
12407,2025-01-17 08:18:19.843621,17,N/A
12408,2025-01-17 08:18:21.930881,15,N/A
12409,2025-01-17 08:18:24.216372,19,N/A
12410,2025-01-17 08:18:26.395161,17,N/A
12411,2025-01-17 08:18:29.292383,24,N/A
12412,2025-01-17 08:18:31.792006,19,N/A
12413,2025-01-17 08:18:34.249987,20,N/A
12414,2025-01-17 08:33:36.780912,29,N/A
12415,2025-01-17 08:33:39.020890,19,N/A
12416,2025-01-17 08:33:42.181216,29,N/A
12417,2025-01-17 08:33:44.240205,14,N/A
12418,2025-01-17 08:33:47.314612,28,N/A
12419,2025-01-17 08:33:49.411867,15,N/A
12420,2025-01-17 08:33:52.052642,22,N/A
12421,2025-01-17 08:33:55.079942,28,N/A
12422,2025-01-17 08:49:22.819589,24,N/A
12423,2025-01-17 08:49:25.301662,20,N/A
12424,2025-01-17 08:49:27.118624,15,N/A
12425,2025-01-17 08:49:29.763062,25,N/A
12426,2025-01-17 08:49:32.542145,25,N/A
12427,2025-01-17 08:49:35.844933,29,N/A
12428,2025-01-17 08:49:39.387113,35,N/A
12429,2025-01-17 08:49:41.756249,22,N/A
12430,2025-01-17 08:49:45.183103,36,N/A
12431,2025-01-17 08:49:47.446192,18,N/A
12432,2025-01-17 08:49:52.443676,45,N/A
12433,2025-01-17 08:49:54.879939,16,N/A
12434,2025-01-17 08:49:57.801656,25,N/A
12435,2025-01-17 08:50:00.297523,19,N/A
12436,2025-01-17 08:50:03.207469,29,N/A
12437,2025-01-17 09:03:03.576429,35,N/A
12438,2025-01-17 09:03:05.674224,19,N/A
12439,2025-01-17 09:03:08.429850,23,N/A
12440,2025-01-17 09:03:10.666402,18,N/A
12441,2025-01-17 09:03:12.844392,16,N/A
12442,2025-01-17 09:03:15.715659,28,N/A
12443,2025-01-17 09:03:18.292496,22,N/A
12444,2025-01-17 09:03:21.548753,31,N/A
12445,2025-01-17 09:03:23.292723,9,N/A
12446,2025-01-17 09:03:26.045121,24,N/A
12447,2025-01-17 09:03:29.152530,30,N/A
12448,2025-01-17 09:03:32.094723,27,N/A
12449,2025-01-17 09:03:34.607313,21,N/A
12450,2025-01-17 09:03:37.739310,29,N/A
12451,2025-01-17 09:03:40.595005,26,N/A
12452,2025-01-17 09:03:43.388679,24,N/A
12453,2025-01-17 09:19:11.654905,22,N/A
12454,2025-01-17 09:19:13.761140,26,N/A
12455,2025-01-17 09:19:15.667251,19,N/A
12456,2025-01-17 09:19:18.674091,27,N/A
12457,2025-01-17 09:19:22.067867,32,N/A
12458,2025-01-17 09:19:25.767843,46,N/A
12459,2025-01-17 09:19:28.953274,32,N/A
12460,2025-01-17 09:19:31.834204,29,N/A
12461,2025-01-17 09:19:34.302429,23,N/A
12462,2025-01-17 09:19:35.167501,14,N/A
12463,2025-01-17 09:19:37.964988,29,N/A
12464,2025-01-17 09:19:41.857406,32,N/A
12465,2025-01-17 09:19:44.532902,24,N/A
12466,2025-01-17 09:19:46.589612,16,N/A
12467,2025-01-17 09:19:49.097971,23,N/A
12468,2025-01-17 09:19:51.077624,12,N/A
12469,2025-01-17 09:35:19.044736,16,N/A
12470,2025-01-17 09:35:22.021414,21,N/A
12471,2025-01-17 09:35:23.804138,10,N/A
12472,2025-01-17 09:35:26.292832,28,N/A
12473,2025-01-17 09:35:29.069316,26,N/A
12474,2025-01-17 09:35:31.481326,17,N/A
12475,2025-01-17 09:35:34.074414,20,N/A
12476,2025-01-17 09:35:36.748101,21,N/A
12477,2025-01-17 09:35:39.881723,31,N/A
12478,2025-01-17 09:35:43.194149,30,N/A
12479,2025-01-17 09:35:45.864859,22,N/A
12480,2025-01-17 09:35:48.015928,13,N/A
12481,2025-01-17 09:35:51.410931,31,N/A
12482,2025-01-17 09:35:53.804279,22,N/A
12483,2025-01-17 09:35:57.075729,30,N/A
12484,2025-01-17 09:35:59.321294,16,N/A
12485,2025-01-17 09:51:28.823392,34,N/A
12486,2025-01-17 09:51:31.330185,19,N/A
12487,2025-01-17 09:51:33.153701,10,N/A
12488,2025-01-17 09:51:35.351149,17,N/A
12489,2025-01-17 09:51:37.812062,22,N/A
12490,2025-01-17 09:51:40.716284,27,N/A
12491,2025-01-17 09:51:42.974963,18,N/A
12492,2025-01-17 09:51:45.397711,21,N/A
12493,2025-01-17 09:51:48.470204,24,N/A
12494,2025-01-17 09:51:50.228739,8,N/A
12495,2025-01-17 09:51:52.218998,14,N/A
12496,2025-01-17 09:51:55.024136,23,N/A
12497,2025-01-17 09:51:57.056691,13,N/A
12498,2025-01-17 09:51:58.930084,13,N/A
12499,2025-01-17 09:52:01.977726,30,N/A
12500,2025-01-17 09:52:03.724647,9,N/A
12501,2025-01-17 09:52:05.828482,14,N/A
12502,2025-01-17 09:52:08.435949,23,N/A
12503,2025-01-17 10:00:39.097016,19,N/A
12504,2025-01-17 10:00:39.443043,20,N/A
12505,2025-01-17 10:00:39.728072,14,N/A
12506,2025-01-17 10:00:40.588378,22,N/A
12507,2025-01-17 10:00:42.347734,13,N/A
12508,2025-01-17 10:00:44.543444,17,N/A
12509,2025-01-17 10:00:46.190823,7,N/A
12510,2025-01-17 10:00:49.172336,32,N/A
12511,2025-01-17 10:00:52.353425,32,N/A
12512,2025-01-17 10:00:55.876797,30,N/A
12513,2025-01-17 10:00:59.008020,33,N/A
12514,2025-01-17 10:01:01.782041,23,N/A
12515,2025-01-17 10:01:04.198815,15,N/A
12516,2025-01-17 10:01:06.545753,19,N/A
12517,2025-01-17 10:01:09.529752,27,N/A
12518,2025-01-17 10:01:11.651847,15,N/A
12519,2025-01-17 10:01:14.347046,27,N/A
12520,2025-01-17 10:01:18.133947,37,N/A
12521,2025-01-17 10:01:20.135357,14,N/A
12522,2025-01-17 10:04:01.301909,12,N/A
12523,2025-01-17 10:04:03.783934,27,N/A
12524,2025-01-17 10:04:05.862094,15,N/A
12525,2025-01-17 10:04:08.268259,19,N/A
12526,2025-01-17 10:19:37.344094,25,N/A
12527,2025-01-17 10:19:39.457721,22,N/A
12528,2025-01-17 10:19:41.163104,18,N/A
12529,2025-01-17 10:19:43.662318,21,N/A
12530,2025-01-17 10:19:47.803115,33,N/A
12531,2025-01-17 10:19:49.396058,18,N/A
12532,2025-01-17 10:19:52.131215,27,N/A
12533,2025-01-17 10:19:54.330691,18,N/A
12534,2025-01-17 10:19:55.939268,9,N/A
12535,2025-01-17 10:19:58.634380,29,N/A
12536,2025-01-17 10:20:01.955991,32,N/A
12537,2025-01-17 10:20:05.061580,31,N/A
12538,2025-01-17 10:20:08.107276,23,N/A
12539,2025-01-17 10:20:10.819646,28,N/A
12540,2025-01-17 10:20:13.290768,19,N/A
12541,2025-01-17 10:20:15.982373,25,N/A
12542,2025-01-17 10:35:21.629179,29,N/A
12543,2025-01-17 10:35:24.351220,33,N/A
12544,2025-01-17 10:35:27.102059,25,N/A
12545,2025-01-17 10:35:29.085705,12,N/A
12546,2025-01-17 10:35:30.879341,9,N/A
12547,2025-01-17 10:35:33.709231,26,N/A
12548,2025-01-17 10:35:36.103557,18,N/A
12549,2025-01-17 10:35:38.324534,14,N/A
12550,2025-01-17 10:35:40.607376,21,N/A
12551,2025-01-17 10:35:42.943026,16,N/A
12552,2025-01-17 10:35:45.101521,12,N/A
12553,2025-01-17 10:35:47.578900,19,N/A
12554,2025-01-17 10:35:49.664133,12,N/A
12555,2025-01-17 10:35:52.097047,20,N/A
12556,2025-01-17 10:35:54.265054,13,N/A
12557,2025-01-17 10:35:57.330559,32,N/A
12558,2025-01-17 10:35:59.729208,15,N/A
12559,2025-01-17 10:51:27.702202,14,N/A
12560,2025-01-17 10:51:30.679612,26,N/A
12561,2025-01-17 10:51:33.379016,25,N/A
12562,2025-01-17 10:51:35.727821,17,N/A
12563,2025-01-17 10:51:37.616636,13,N/A
12564,2025-01-17 10:51:39.685403,13,N/A
12565,2025-01-17 10:51:42.925022,33,N/A
12566,2025-01-17 10:51:45.134215,15,N/A
12567,2025-01-17 10:51:48.583670,41,N/A
12568,2025-01-17 10:51:51.149135,23,N/A
12569,2025-01-17 10:51:54.845774,31,N/A
12570,2025-01-17 10:51:58.100506,31,N/A
12571,2025-01-17 10:52:00.130554,18,N/A
12572,2025-01-17 10:52:03.763067,33,N/A
12573,2025-01-17 10:52:05.856223,13,N/A
12574,2025-01-17 11:05:01.659889,32,N/A
12575,2025-01-17 11:05:04.091782,22,N/A
12576,2025-01-17 11:05:06.447656,20,N/A
12577,2025-01-17 11:05:08.886827,25,N/A
12578,2025-01-17 11:05:11.967685,31,N/A
12579,2025-01-17 11:05:14.805312,29,N/A
12580,2025-01-17 11:05:19.076293,45,N/A
12581,2025-01-17 11:05:21.146813,14,N/A
12582,2025-01-17 11:05:23.120748,12,N/A
12583,2025-01-17 11:05:25.461881,14,N/A
12584,2025-01-17 11:05:27.697654,20,N/A
12585,2025-01-17 11:05:30.236222,20,N/A
12586,2025-01-17 11:05:32.579703,21,N/A
12587,2025-01-17 11:05:34.768023,12,N/A
12588,2025-01-17 11:05:36.295955,5,N/A
12589,2025-01-17 11:05:38.531086,17,N/A
12590,2025-01-17 11:05:41.019825,18,N/A
12591,2025-01-17 11:21:09.248981,15,N/A
12592,2025-01-17 11:21:11.776199,24,N/A
12593,2025-01-17 11:21:13.520118,18,N/A
12594,2025-01-17 11:21:16.345478,25,N/A
12595,2025-01-17 11:21:18.688241,17,N/A
12596,2025-01-17 11:21:20.806374,7,N/A
12597,2025-01-17 11:21:22.938887,11,N/A
12598,2025-01-17 11:21:24.988148,24,N/A
12599,2025-01-17 11:21:26.996121,11,N/A
12600,2025-01-17 11:21:29.079681,12,N/A
12601,2025-01-17 11:21:32.453108,30,N/A
12602,2025-01-17 11:21:34.952764,15,N/A
12603,2025-01-17 11:21:37.407658,20,N/A
12604,2025-01-17 11:21:39.551087,16,N/A
12605,2025-01-17 11:21:42.629774,29,N/A
12606,2025-01-17 11:21:46.110437,32,N/A
12607,2025-01-17 11:21:49.678792,31,N/A
12608,2025-01-17 11:21:52.262301,22,N/A
12609,2025-01-17 11:37:21.147506,26,N/A
12610,2025-01-17 11:37:23.795890,23,N/A
12611,2025-01-17 11:37:25.332447,30,N/A
12612,2025-01-17 11:37:25.879903,31,N/A
12613,2025-01-17 11:37:26.447674,32,N/A
12614,2025-01-17 11:37:28.440523,33,N/A
12615,2025-01-17 11:37:29.866807,24,N/A
12616,2025-01-17 11:37:30.916469,14,N/A
12617,2025-01-17 11:37:31.790015,8,N/A
12618,2025-01-17 11:37:33.282975,16,N/A
12619,2025-01-17 11:37:34.641245,15,N/A
12620,2025-01-17 11:37:34.893752,5,N/A
12621,2025-01-17 11:37:35.252648,9,N/A
12622,2025-01-17 11:37:35.594015,20,N/A
12623,2025-01-17 11:37:36.020608,26,N/A
12624,2025-01-17 11:37:36.557112,21,N/A
12625,2025-01-17 11:37:36.881177,8,N/A
12626,2025-01-17 11:37:37.300832,25,N/A
12627,2025-01-17 11:37:37.682503,18,N/A
12628,2025-01-17 11:37:37.958171,10,N/A
12629,2025-01-17 11:37:38.181286,6,N/A
12630,2025-01-17 11:37:38.619553,31,N/A
12631,2025-01-17 11:37:39.105629,29,N/A
12632,2025-01-17 11:37:39.477499,23,N/A
12633,2025-01-17 11:37:40.065397,30,N/A
12634,2025-01-17 11:37:40.629943,29,N/A
12635,2025-01-17 11:37:41.113253,28,N/A
12636,2025-01-17 11:37:41.480836,14,N/A
12637,2025-01-17 11:37:41.768936,14,N/A
12638,2025-01-17 11:37:42.016343,9,N/A
12639,2025-01-17 11:37:42.392167,25,N/A
12640,2025-01-17 11:37:42.840761,32,N/A
12641,2025-01-17 11:37:43.287252,34,N/A
1,2025-01-17 12:40:27.972770,1,N/A
2,2025-01-17 12:40:28.197320,1,N/A
3,2025-01-17 12:40:28.543144,0,N/A
4,2025-01-17 12:40:28.694528,1,N/A
5,2025-01-17 12:40:29.023678,1,N/A
6,2025-01-17 12:40:29.254457,1,N/A
7,2025-01-17 12:40:29.625041,1,N/A
8,2025-01-17 12:40:29.966586,0,N/A
9,2025-01-17 12:40:30.158300,1,N/A
10,2025-01-17 12:40:30.487294,1,N/A
11,2025-01-17 12:40:30.830624,1,N/A
12,2025-01-17 12:40:31.027275,1,N/A
13,2025-01-17 12:40:31.362461,2,N/A
14,2025-01-17 12:40:31.569677,1,N/A
15,2025-01-17 12:40:31.940890,2,N/A
16,2025-01-17 12:40:32.099120,1,N/A
17,2025-01-17 12:40:32.465213,5,N/A
18,2025-01-17 12:40:32.797283,1,N/A
19,2025-01-17 12:40:33.176491,0,N/A
20,2025-01-17 12:40:33.551478,3,N/A
21,2025-01-17 12:40:33.925948,2,N/A
22,2025-01-17 12:40:34.232472,1,N/A
